dgp,sigma,prevalence,n,estimand,best_conv,AV_best_conv,AV_srswor,AV_raor_fixed,AV_raor_diff_fixed,AV_raor_poisson,AV_eqp_poisson,AV_best_conv_diff_or,AV_best_conv_diff_family
MAIN,0.0,0.05,100,dollars,PPS-A/HT(fixed),48401626052.021355,189264696857.6678,48401626052.02135,48401626052.02135,50957965359.55773,191847467020.9016,48401626052.021355,48401626052.021355
MAIN,0.0,0.05,100,rate,SRSWOR/EXP,189050.0,189050.0,189040.5475,189040.5475,199000.00000000003,199000.00000000003,189050.0,189050.0
MAIN,0.0,0.05,400,dollars,PPS-A/HT(fixed),11413962496.704485,46602865055.40563,11413962496.70448,11413962496.70448,12016448122.473972,47238823537.80994,11413962496.704485,11413962496.704485
MAIN,0.0,0.05,400,rate,SRSWOR/EXP,46550.0,46550.0,46547.67249999999,46547.6725,49000.00000000001,49000.00000000001,46550.0,46550.0
MAIN,0.0,0.25,100,dollars,PPS-A/HT(fixed),191059050205.34747,894668081023.6625,191059050205.3474,191059050205.34744,254789826797.78864,959237335104.5082,191059050205.34744,191059050205.34744
MAIN,0.0,0.25,100,rate,SRSWOR/EXP,746250.0000000001,746250.0000000001,746212.6875000003,746212.6875000001,995000.0000000002,995000.0000000002,746250.0000000001,746250.0000000001
MAIN,0.0,0.25,400,dollars,PPS-A/HT(fixed),45055115118.57033,220295155628.942,45055115118.57033,45055115118.570335,60082240612.36987,236194117689.04977,45055115118.57034,45055115118.57033
MAIN,0.0,0.25,400,rate,SRSWOR/EXP,183750.00000000003,183750.00000000003,183740.81250000003,183740.81250000003,245000.0000000001,245000.0000000001,183750.00000000003,183750.00000000003
MAIN,0.0,0.7,100,dollars,PPS-A/HT(fixed),213986136229.9892,2179641586298.7915,213986136229.9892,213986136229.989,713411515033.8083,2685864538292.623,213986136229.98904,213986136229.98904
MAIN,0.0,0.7,100,rate,SRSWOR/EXP,835799.9999999999,835799.9999999999,835758.2099999997,835758.2099999995,2786000.0000000005,2786000.0000000005,835799.9999999999,835799.9999999999
MAIN,0.0,0.7,400,dollars,PPS-A/HT(fixed),50461728932.79877,536695666978.0944,50461728932.79877,50461728932.79874,168230273714.63568,661343529529.3392,50461728932.79875,50461728932.79875
MAIN,0.0,0.7,400,rate,SRSWOR/EXP,205799.99999999997,205799.99999999997,205789.71000000025,205789.7099999999,686000.0000000002,686000.0000000002,205799.99999999997,205799.99999999997
MAIN,0.75,0.05,100,dollars,PPS-A/HT(fixed),68242342737.82353,360764729327.4943,58765865985.69702,57596150596.86427,64007332221.54479,366210252031.3696,63355981375.60643,63355981375.60643
MAIN,0.75,0.05,100,rate,SRSWOR/EXP,189050.5332967412,189050.5332967412,161454.45433303236,159103.14914934154,171382.13818009227,198999.99999999997,178384.5984714743,178384.5984714743
MAIN,0.75,0.05,400,dollars,PPS-A/HT(fixed),15804690560.002504,88831516266.56894,13497785772.648272,13252571242.043827,14623919797.684082,90172373615.76436,14691142762.49874,14691142762.49874
MAIN,0.75,0.05,400,rate,ST-PROP/EXP,46304.29943090806,46550.13131427296,39674.53185526472,39103.5304242861,42095.53454502307,48999.99999999999,43908.91234901151,43908.91234901151
MAIN,0.75,0.25,100,dollars,PPS-A/HT(fixed),223692459970.39124,1399265256220.331,206647717529.6639,196939966408.2881,314216228671.25323,1509510965701.5657,200200152785.06024,200200152785.06024
MAIN,0.75,0.25,100,rate,ST-PROP/EXP,736472.8791008753,746253.7720927006,679035.1432588138,652163.2003512789,927544.8031071078,995000.0,670811.9180805945,670811.9180805945
MAIN,0.75,0.25,400,dollars,PPS-A/HT(fixed),52403413081.91254,344542701280.383,48442871342.09659,46143659014.09753,72865322520.91019,371688629745.6117,46958614580.04532,46958614580.04532
MAIN,0.75,0.25,400,rate,ST-PROP/EXP,180803.69283746745,183750.92880674536,167151.71884756646,160512.7504754298,228136.20077677697,244999.99999999997,165164.7243144088,165164.7243144088
MAIN,0.75,0.7,100,dollars,PPS-A/HT(fixed),178253968176.53418,2543857885260.534,173652153829.90637,158682133408.75388,784059746614.5873,3164248628427.065,164920110292.4617,164920110292.4617
MAIN,0.75,0.7,100,rate,ST-PROP/EXP,821339.8139385488,835803.7475232562,806669.3277146127,742216.8586634763,2756616.8502009874,2786000.0,759676.176353529,759676.176353529
MAIN,0.75,0.7,400,dollars,PPS-A/HT(fixed),42434427900.8739,626377067224.9556,41407715361.93234,37705743361.90408,184089376496.2584,779136596949.3777,39265258492.29799,39265258492.29799
MAIN,0.75,0.7,400,rate,ST-PROP/EXP,202623.14861497423,205800.92275698268,198735.35173843385,182686.82917237573,678654.2125502469,686000.0,187345.7831031891,187345.7831031891
MAIN,1.5,0.05,100,dollars,PPS-A/HT(fixed),82554638982.97731,515518790972.05975,52453841839.09647,47679945215.546844,60142654762.16774,523843673414.87494,61565600640.290855,61565600640.290855
MAIN,1.5,0.05,100,rate,ST-PROP/EXP,188364.84542134544,189052.2678502632,108898.411582517,100836.80700378022,118727.13445322984,198999.99999999997,143695.26258584484,143695.26258584484
MAIN,1.5,0.05,400,dollars,PPS-A/HT(fixed),18900203129.530933,126936787726.7886,11660568120.37382,10669284227.070517,13101830079.239,128986633152.4064,14125596878.962166,14125596878.962166
MAIN,1.5,0.05,400,rate,ST-PROP/EXP,45860.24242195983,46550.55841539144,26607.76761954213,24667.697396174328,28931.783613307467,48999.99999999999,35357.408159118255,35357.408159118255
MAIN,1.5,0.25,100,dollars,PPS-A/HT(fixed),239205097263.91345,1747331905111.3088,192423929835.07663,163905213488.70374,335763319619.18823,1895424879901.523,174265862295.11856,174265862295.11856
MAIN,1.5,0.25,100,rate,ST-PROP/EXP,715686.0049924352,746260.107192509,559616.8004507376,490218.95867921587,807629.9508139112,995000.0,544116.2570125265,544116.2570125265
MAIN,1.5,0.25,400,dollars,PPS-A/HT(fixed),55976580998.54202,430247554524.8951,45124747279.84166,38305823078.23813,76805794267.07599,466712658870.2242,40895845697.15777,40895845697.15777
MAIN,1.5,0.25,400,rate,ST-PROP/EXP,175533.81757991877,183752.4887056932,137664.14257174902,120504.17879018332,198157.4877034778,245000.0,133969.4679362516,133969.4679362516
MAIN,1.5,0.7,100,dollars,PPS-A/HT(fixed),152000613204.5464,2715238530183.306,139943553913.88513,104656344478.32132,820859406550.7684,3407957613077.3545,121105879953.63548,121105879953.63548
MAIN,1.5,0.7,100,rate,ST-PROP/EXP,798154.7481141214,835810.3411183495,740327.0352092613,577016.5810266432,2689713.9081299086,2786000.0,627107.862728378,627107.862728378
MAIN,1.5,0.7,400,dollars,PPS-A/HT(fixed),36488222619.212494,668576321502.4221,33705522879.59146,24947713936.41376,192370790281.87292,839145341913.5194,29060049838.36831,29060049838.36831
MAIN,1.5,0.7,400,rate,ST-PROP/EXP,197275.84320214303,205802.5463055232,182565.2131154524,141883.72852879352,661928.4770324772,686000.0,154876.43584269797,154876.43584269797
STRATCAP,0.0,0.05,100,dollars,PPS-A/HT(fixed),48401626052.021355,189264696857.6678,48401626052.02135,48401626052.02135,50957965359.55773,191847467020.9016,48401626052.021355,48401626052.021355
STRATCAP,0.0,0.05,100,rate,SRSWOR/EXP,189050.0,189050.0,189040.5475,189040.5475,199000.00000000003,199000.00000000003,189050.0,189050.0
STRATCAP,0.0,0.05,400,dollars,PPS-A/HT(fixed),11413962496.704485,46602865055.40563,11413962496.70448,11413962496.70448,12016448122.473972,47238823537.80994,11413962496.704485,11413962496.704485
STRATCAP,0.0,0.05,400,rate,SRSWOR/EXP,46550.0,46550.0,46547.67249999999,46547.6725,49000.00000000001,49000.00000000001,46550.0,46550.0
STRATCAP,0.0,0.25,100,dollars,PPS-A/HT(fixed),191059050205.34747,894668081023.6625,191059050205.3474,191059050205.34744,254789826797.78864,959237335104.5082,191059050205.34744,191059050205.34744
STRATCAP,0.0,0.25,100,rate,SRSWOR/EXP,746250.0000000001,746250.0000000001,746212.6875000003,746212.6875000001,995000.0000000002,995000.0000000002,746250.0000000001,746250.0000000001
STRATCAP,0.0,0.25,400,dollars,PPS-A/HT(fixed),45055115118.57033,220295155628.942,45055115118.57033,45055115118.570335,60082240612.36987,236194117689.04977,45055115118.57034,45055115118.57033
STRATCAP,0.0,0.25,400,rate,SRSWOR/EXP,183750.00000000003,183750.00000000003,183740.81250000003,183740.81250000003,245000.0000000001,245000.0000000001,183750.00000000003,183750.00000000003
STRATCAP,0.0,0.7,100,dollars,PPS-A/HT(fixed),213986136229.9892,2179641586298.7915,213986136229.9892,213986136229.989,713411515033.8083,2685864538292.623,213986136229.98904,213986136229.98904
STRATCAP,0.0,0.7,100,rate,SRSWOR/EXP,835799.9999999999,835799.9999999999,835758.2099999997,835758.2099999995,2786000.0000000005,2786000.0000000005,835799.9999999999,835799.9999999999
STRATCAP,0.0,0.7,400,dollars,PPS-A/HT(fixed),50461728932.79877,536695666978.0944,50461728932.79877,50461728932.79874,168230273714.63568,661343529529.3392,50461728932.79875,50461728932.79875
STRATCAP,0.0,0.7,400,rate,SRSWOR/EXP,205799.99999999997,205799.99999999997,205789.71000000025,205789.7099999999,686000.0000000002,686000.0000000002,205799.99999999997,205799.99999999997
STRATCAP,0.75,0.05,100,dollars,PPS-A/HT(fixed),116615212519.0027,919414257775.8064,93953210114.1101,91155362427.86237,111367457028.4621,937933588366.4471,104814517365.23878,104814517365.23878
STRATCAP,0.75,0.05,100,rate,ST-PROP/EXP,180234.242657379,189050.6499763968,154955.15065568467,152148.93821074307,164873.4313471331,199000.00000000003,176051.1220411676,176051.1220411676
STRATCAP,0.75,0.05,400,dollars,PPS-A/HT(fixed),26290578323.586903,226388435331.7312,20876095920.85859,20272566199.2079,24319833738.43199,230948471507.31613,23683573091.557995,23683573091.557995
STRATCAP,0.75,0.05,400,rate,ST-PROP/EXP,43225.51934074165,46550.160044439406,38056.6412334472,37373.77744740952,40468.35783678328,49000.0,43225.519340741645,43225.519340741645
STRATCAP,0.75,0.25,100,dollars,PPS-A/HT(fixed),253141392703.62695,2371962884868.183,221303839715.19617,197149151717.5684,436088321792.34454,2594536917413.222,199653312063.47327,199653312063.47327
STRATCAP,0.75,0.25,100,rate,ST-PROP/EXP,650442.5000165121,746254.8989685014,674341.0499948697,637642.074478246,922785.8164875208,995000.0,648275.5289441617,648275.5289441617
STRATCAP,0.75,0.25,400,dollars,PPS-A/HT(fixed),59405418636.260315,584051162605.7336,52290757034.42723,46542368736.219894,99243786759.20096,638855823885.6677,47168455130.0031,47168455130.0031
STRATCAP,0.75,0.25,400,rate,ST-PROP/EXP,159644.32673426848,183751.2062786762,166025.9417377264,156967.3975880433,226946.45412188023,245000.00000000003,159625.6327550951,159625.6327550951
STRATCAP,0.75,0.7,100,dollars,PPS-A/HT(fixed),140338730256.89233,2860995247281.9775,135164597551.74792,109985628592.68956,845708806348.446,3584615184268.7334,123718881633.86812,123718881633.86812
STRATCAP,0.75,0.7,100,rate,ST-PROP/EXP,778931.7242360038,835802.6224406238,818372.0014391516,757098.0608146173,2768417.6883483157,2786000.000000001,778931.7242360038,778931.7242360038
STRATCAP,0.75,0.7,400,dollars,PPS-A/HT(fixed),34045802040.981903,704466166416.1653,32919792233.091583,26679913694.965176,197917345364.99316,882643939845.065,30113291539.00693,30113291539.00693
STRATCAP,0.75,0.7,400,rate,ST-PROP/EXP,193004.50104282805,205800.64572658576,201588.25175480495,186322.33574761671,681604.4220870791,686000.0000000002,192886.11400816173,192886.11400816173
STRATCAP,1.5,0.05,100,dollars,ST-EQD/EXP,147224310209.2683,1821924934782.6016,97402807271.82346,83735676047.25636,145269351301.7428,1874772047442.12,110619376858.88847,110619376858.88847
STRATCAP,1.5,0.05,100,rate,ST-EQD/EXP,89627.38735996443,189052.90397285245,85013.4243727095,76908.08474829655,94783.43904349004,199000.00000000003,89627.38735996443,89627.38735996443
STRATCAP,1.5,0.05,400,dollars,ST-EQD/EXP,33323027526.803257,448614682433.90686,21187581689.23562,18249560218.37716,29355638656.494663,461627288063.6376,24964852307.239132,24964852307.239132
STRATCAP,1.5,0.05,400,rate,ST-EQD/EXP,21913.22832143162,46550.71504859181,20679.3913310641,18733.48061085526,22945.85976087251,49000.00000000001,21913.22832143162,21913.22832143162
STRATCAP,1.5,0.25,100,dollars,ST-EQD/EXP,196581934245.70633,2961179752098.333,179573086391.70465,114882450484.40608,520962467713.5431,3315455171194.9453,129591128087.03958,129591128087.03958
STRATCAP,1.5,0.25,100,rate,ST-PROP/EXP,472460.771614507,746263.6560021618,547812.6103015532,443935.5831007309,795604.3375550131,995000.0,472460.7716145069,472460.7716145069
STRATCAP,1.5,0.25,400,dollars,ST-EQD/EXP,46395609856.05255,729134712828.2328,43468512149.01312,27673613263.2441,117745730465.22536,816368358736.4438,31350802185.141712,31350802185.141712
STRATCAP,1.5,0.25,400,rate,ST-PROP/EXP,116708.96759114234,183753.3625331956,134875.79445039175,109200.7981869702,195151.08438875325,244999.99999999997,116502.69862051708,116502.69862051708
STRATCAP,1.5,0.7,100,dollars,PPS-A/HT(fixed),110597841095.32936,2944738477162.7104,102256413654.71423,55278336179.73621,884362763930.1909,3741056805217.5767,74476054227.31146,74476054227.31146
STRATCAP,1.5,0.7,100,rate,ST-PROP/EXP,717868.4665278003,835805.6204162359,798353.3952110128,647830.7470594964,2748173.2818463966,2786000.0,717868.4665277998,717868.4665277998
STRATCAP,1.5,0.7,400,dollars,PPS-A/HT(fixed),27147216090.07733,725086358698.356,25232782745.85022,13538920383.904926,206991230661.376,921164740983.2224,18338324910.242523,18338324910.242523
STRATCAP,1.5,0.7,400,rate,ST-PROP/EXP,178206.95177661258,205801.38392158577,196750.6662714677,159231.47966656345,676543.3204615994,685999.9999999999,178122.95220694345,178122.95220694345
