dgp,sigma,prevalence,n,estimand,estimator_family,info,baseline,oracle_gain_vs_srswor,oracle_gain_vs_bestconv,raest_rel_bestconv_mean,raest_rel_bestconv_p90,raest_share_worse,def_reliable,region
MAIN,0.0,0.05,100,dollars,HT,COR-10000,PPS-A/HT(fixed),0.7442649006622684,1.1102230246251565e-16,1.0027660003530605,1.0052423733936147,1.0,,A-conv
MAIN,0.0,0.05,100,dollars,HT,COR-2000,PPS-A/HT(fixed),0.7442649006622684,1.1102230246251565e-16,1.0139724920222712,1.0257463228852957,1.0,,A-conv
MAIN,0.0,0.05,100,dollars,HT,COR-500,PPS-A/HT(fixed),0.7442649006622684,1.1102230246251565e-16,23.86048357714341,110.98358156308477,0.98,,A-conv
MAIN,0.0,0.05,100,dollars,HT,KS-2000,PPS-A/HT(fixed),0.7442649006622684,1.1102230246251565e-16,1.018972866583379,1.0336207025768414,1.0,,A-conv
MAIN,0.0,0.05,100,dollars,HT,MIS-G-10000,PPS-A/HT(fixed),0.7442649006622684,1.1102230246251565e-16,1.0010339974098827,1.0024712714095265,1.0,,A-conv
MAIN,0.0,0.05,100,dollars,HT,MIS-G-2000,PPS-A/HT(fixed),0.7442649006622684,1.1102230246251565e-16,1.004355871170815,1.0093613846387515,1.0,,A-conv
MAIN,0.0,0.05,100,dollars,HT,MIS-I-2000,PPS-A/HT(fixed),0.7442649006622684,1.1102230246251565e-16,1.0106457801566406,1.0199966146259598,1.0,,A-conv
MAIN,0.0,0.05,100,dollars,DIFF,COR-10000,best conventional (EXP or DIFF),0.7442649006622684,1.1102230246251565e-16,1.0028916793147082,1.0054904376821414,1.0,,A-conv
MAIN,0.0,0.05,100,dollars,DIFF,COR-2000,best conventional (EXP or DIFF),0.7442649006622684,1.1102230246251565e-16,1.014554077372772,1.0274559518741222,1.0,,A-conv
MAIN,0.0,0.05,100,dollars,DIFF,COR-500,best conventional (EXP or DIFF),0.7442649006622684,1.1102230246251565e-16,23.202945608686782,109.64807285708173,0.98,,A-conv
MAIN,0.0,0.05,100,dollars,DIFF,KS-2000,best conventional (EXP or DIFF),0.7442649006622684,1.1102230246251565e-16,1.0197367098788623,1.0360942706348713,1.0,,A-conv
MAIN,0.0,0.05,100,dollars,DIFF,MIS-G-10000,best conventional (EXP or DIFF),0.7442649006622684,1.1102230246251565e-16,1.0010841725459647,1.002614523918893,1.0,,A-conv
MAIN,0.0,0.05,100,dollars,DIFF,MIS-G-2000,best conventional (EXP or DIFF),0.7442649006622684,1.1102230246251565e-16,1.0045660557829363,1.0100384490968146,1.0,,A-conv
MAIN,0.0,0.05,100,dollars,DIFF,MIS-I-2000,best conventional (EXP or DIFF),0.7442649006622684,1.1102230246251565e-16,1.011133189043466,1.0208486874247893,1.0,,A-conv
MAIN,0.0,0.05,100,rate,HT,COR-10000,SRSWOR/EXP,5.0000000000105516e-05,5.0000000000105516e-05,1.0026570319792614,1.0050054564109818,1.0,,A
MAIN,0.0,0.05,100,rate,HT,COR-2000,SRSWOR/EXP,5.0000000000105516e-05,5.0000000000105516e-05,1.013539173242894,1.025749625385964,1.0,,A
MAIN,0.0,0.05,100,rate,HT,COR-500,SRSWOR/EXP,5.0000000000105516e-05,5.0000000000105516e-05,23.267667177596856,172.4058487511462,0.98,,A
MAIN,0.0,0.05,100,rate,HT,KS-2000,SRSWOR/EXP,5.0000000000105516e-05,5.0000000000105516e-05,1.0185034839087592,1.0342382039475067,1.0,,A
MAIN,0.0,0.05,100,rate,HT,MIS-G-10000,SRSWOR/EXP,5.0000000000105516e-05,5.0000000000105516e-05,1.0009918353918419,1.0024662234335597,0.975,,A
MAIN,0.0,0.05,100,rate,HT,MIS-G-2000,SRSWOR/EXP,5.0000000000105516e-05,5.0000000000105516e-05,1.0043814065688603,1.009494828334758,0.995,,A
MAIN,0.0,0.05,100,rate,HT,MIS-I-2000,SRSWOR/EXP,5.0000000000105516e-05,5.0000000000105516e-05,1.01054204896799,1.020385919072456,1.0,,A
MAIN,0.0,0.05,100,rate,DIFF,COR-10000,best conventional (EXP or DIFF),5.0000000000105516e-05,5.0000000000105516e-05,1.0027878411170539,1.0052417087566006,1.0,,A
MAIN,0.0,0.05,100,rate,DIFF,COR-2000,best conventional (EXP or DIFF),5.0000000000105516e-05,5.0000000000105516e-05,1.014133240428703,1.026769356287495,1.0,,A
MAIN,0.0,0.05,100,rate,DIFF,COR-500,best conventional (EXP or DIFF),5.0000000000105516e-05,5.0000000000105516e-05,22.63147622920179,168.97750029650567,0.98,,A
MAIN,0.0,0.05,100,rate,DIFF,KS-2000,best conventional (EXP or DIFF),5.0000000000105516e-05,5.0000000000105516e-05,1.0192626829489908,1.035638759114361,1.0,,A
MAIN,0.0,0.05,100,rate,DIFF,MIS-G-10000,best conventional (EXP or DIFF),5.0000000000105516e-05,5.0000000000105516e-05,1.001045077701302,1.0025924104742376,0.975,,A
MAIN,0.0,0.05,100,rate,DIFF,MIS-G-2000,best conventional (EXP or DIFF),5.0000000000105516e-05,5.0000000000105516e-05,1.004605065130995,1.0100705158493624,0.995,,A
MAIN,0.0,0.05,100,rate,DIFF,MIS-I-2000,best conventional (EXP or DIFF),5.0000000000105516e-05,5.0000000000105516e-05,1.0110202035616254,1.0212915273821055,1.0,,A
MAIN,0.0,0.05,400,dollars,HT,COR-10000,PPS-A/HT(fixed),0.7550802406003463,5.551115123125783e-16,1.0029226925468322,1.005541774391768,1.0,,A-conv
MAIN,0.0,0.05,400,dollars,HT,COR-2000,PPS-A/HT(fixed),0.7550802406003463,5.551115123125783e-16,1.0147675554060047,1.0272115818766208,1.0,,A-conv
MAIN,0.0,0.05,400,dollars,HT,COR-500,PPS-A/HT(fixed),0.7550802406003463,5.551115123125783e-16,25.23126746729122,117.59715747267526,0.98,,A-conv
MAIN,0.0,0.05,400,dollars,HT,KS-2000,PPS-A/HT(fixed),0.7550802406003463,5.551115123125783e-16,1.0200499604396323,1.035483397220855,1.0,,A-conv
MAIN,0.0,0.05,400,dollars,HT,MIS-G-10000,PPS-A/HT(fixed),0.7550802406003463,5.551115123125783e-16,1.0010916762001398,1.0026116390924562,1.0,,A-conv
MAIN,0.0,0.05,400,dollars,HT,MIS-G-2000,PPS-A/HT(fixed),0.7550802406003463,5.551115123125783e-16,1.004598640249285,1.0098726224392371,1.0,,A-conv
MAIN,0.0,0.05,400,dollars,HT,MIS-I-2000,PPS-A/HT(fixed),0.7550802406003463,5.551115123125783e-16,1.0112471192803199,1.0210454428644828,1.0,,A-conv
MAIN,0.0,0.05,400,dollars,DIFF,COR-10000,best conventional (EXP or DIFF),0.7550802406003463,5.551115123125783e-16,1.0030278843218488,1.0057603006765623,1.0,,A-conv
MAIN,0.0,0.05,400,dollars,DIFF,COR-2000,best conventional (EXP or DIFF),0.7550802406003463,5.551115123125783e-16,1.0152414059906334,1.02871810601031,1.0,,A-conv
MAIN,0.0,0.05,400,dollars,DIFF,COR-500,best conventional (EXP or DIFF),0.7550802406003463,5.551115123125783e-16,24.534445203141544,116.18112189543798,0.98,,A-conv
MAIN,0.0,0.05,400,dollars,DIFF,KS-2000,best conventional (EXP or DIFF),0.7550802406003463,5.551115123125783e-16,1.0206610842910655,1.03734142732206,1.0,,A-conv
MAIN,0.0,0.05,400,dollars,DIFF,MIS-G-10000,best conventional (EXP or DIFF),0.7550802406003463,5.551115123125783e-16,1.0011310598365777,1.0027358420237058,1.0,,A-conv
MAIN,0.0,0.05,400,dollars,DIFF,MIS-G-2000,best conventional (EXP or DIFF),0.7550802406003463,5.551115123125783e-16,1.0047622570686525,1.0104576802191685,1.0,,A-conv
MAIN,0.0,0.05,400,dollars,DIFF,MIS-I-2000,best conventional (EXP or DIFF),0.7550802406003463,5.551115123125783e-16,1.0116423455745014,1.0218922823565089,1.0,,A-conv
MAIN,0.0,0.05,400,rate,HT,COR-10000,SRSWOR/EXP,5.0000000000105516e-05,5.0000000000105516e-05,1.0026964652371273,1.0050793708011931,1.0,,A
MAIN,0.0,0.05,400,rate,HT,COR-2000,SRSWOR/EXP,5.0000000000105516e-05,5.0000000000105516e-05,1.0137376952663217,1.0261248551408286,1.0,,A
MAIN,0.0,0.05,400,rate,HT,COR-500,SRSWOR/EXP,5.0000000000105516e-05,5.0000000000105516e-05,23.608450184880553,175.02926610913934,0.98,,A
MAIN,0.0,0.05,400,rate,HT,KS-2000,SRSWOR/EXP,5.0000000000105516e-05,5.0000000000105516e-05,1.0187746579421377,1.0347373207332855,1.0,,A
MAIN,0.0,0.05,400,rate,HT,MIS-G-10000,SRSWOR/EXP,5.0000000000105516e-05,5.0000000000105516e-05,1.001006988006447,1.0025028193301881,0.975,,A
MAIN,0.0,0.05,400,rate,HT,MIS-G-2000,SRSWOR/EXP,5.0000000000105516e-05,5.0000000000105516e-05,1.0044458620229892,1.0096336683406955,0.995,,A
MAIN,0.0,0.05,400,rate,HT,MIS-I-2000,SRSWOR/EXP,5.0000000000105516e-05,5.0000000000105516e-05,1.010696446283777,1.0206832204898413,1.0,,A
MAIN,0.0,0.05,400,rate,DIFF,COR-10000,best conventional (EXP or DIFF),4.999999999999449e-05,4.999999999999449e-05,1.0028233735631542,1.0053090046666049,1.0,,A
MAIN,0.0,0.05,400,rate,DIFF,COR-2000,best conventional (EXP or DIFF),4.999999999999449e-05,4.999999999999449e-05,1.0143117080116864,1.0271092437143494,1.0,,A
MAIN,0.0,0.05,400,rate,DIFF,COR-500,best conventional (EXP or DIFF),4.999999999999449e-05,4.999999999999449e-05,22.962373064027815,171.54831144049746,0.98,,A
MAIN,0.0,0.05,400,rate,DIFF,KS-2000,best conventional (EXP or DIFF),4.999999999999449e-05,4.999999999999449e-05,1.019506143857932,1.03607639742103,1.0,,A
MAIN,0.0,0.05,400,rate,DIFF,MIS-G-10000,best conventional (EXP or DIFF),4.999999999999449e-05,4.999999999999449e-05,1.0010586748994859,1.0026252128417148,0.98,,A
MAIN,0.0,0.05,400,rate,DIFF,MIS-G-2000,best conventional (EXP or DIFF),4.999999999999449e-05,4.999999999999449e-05,1.004662807048344,1.010190412106891,0.995,,A
MAIN,0.0,0.05,400,rate,DIFF,MIS-I-2000,best conventional (EXP or DIFF),4.999999999999449e-05,4.999999999999449e-05,1.0111594316437662,1.0215590497257523,1.0,,A
MAIN,0.0,0.25,100,dollars,HT,COR-10000,PPS-A/HT(fixed),0.7864470027960077,3.3306690738754696e-16,1.0005283003942713,1.0010372333571353,1.0,,A-conv
MAIN,0.0,0.25,100,dollars,HT,COR-2000,PPS-A/HT(fixed),0.7864470027960077,3.3306690738754696e-16,1.0028027735424696,1.005908613512627,1.0,,A-conv
MAIN,0.0,0.25,100,dollars,HT,COR-500,PPS-A/HT(fixed),0.7864470027960077,3.3306690738754696e-16,1.0118413373740727,1.0223796972808288,1.0,,A-conv
MAIN,0.0,0.25,100,dollars,HT,KS-2000,PPS-A/HT(fixed),0.7864470027960077,3.3306690738754696e-16,1.0030523520563441,1.0055309463832454,1.0,,A-conv
MAIN,0.0,0.25,100,dollars,HT,MIS-G-10000,PPS-A/HT(fixed),0.7864470027960077,3.3306690738754696e-16,1.0001882021084245,1.0004024810104173,1.0,,A-conv
MAIN,0.0,0.25,100,dollars,HT,MIS-G-2000,PPS-A/HT(fixed),0.7864470027960077,3.3306690738754696e-16,1.000917987797018,1.0022687783567967,1.0,,A-conv
MAIN,0.0,0.25,100,dollars,HT,MIS-I-2000,PPS-A/HT(fixed),0.7864470027960077,3.3306690738754696e-16,1.001869046438665,1.0035432240440156,1.0,,A-conv
MAIN,0.0,0.25,100,dollars,DIFF,COR-10000,best conventional (EXP or DIFF),0.7864470027960075,0.0,1.0006954580094718,1.0013622324754914,1.0,,A-conv
MAIN,0.0,0.25,100,dollars,DIFF,COR-2000,best conventional (EXP or DIFF),0.7864470027960075,0.0,1.0036668081691298,1.007571351709684,1.0,,A-conv
MAIN,0.0,0.25,100,dollars,DIFF,COR-500,best conventional (EXP or DIFF),0.7864470027960075,0.0,1.0152284794341293,1.0283372834457005,1.0,,A-conv
MAIN,0.0,0.25,100,dollars,DIFF,KS-2000,best conventional (EXP or DIFF),0.7864470027960075,0.0,1.0039791247797307,1.0075136960197066,1.0,,A-conv
MAIN,0.0,0.25,100,dollars,DIFF,MIS-G-10000,best conventional (EXP or DIFF),0.7864470027960075,0.0,1.0002474848018403,1.0005420506229217,1.0,,A-conv
MAIN,0.0,0.25,100,dollars,DIFF,MIS-G-2000,best conventional (EXP or DIFF),0.7864470027960075,0.0,1.001204566162242,1.0030552452128878,1.0,,A-conv
MAIN,0.0,0.25,100,dollars,DIFF,MIS-I-2000,best conventional (EXP or DIFF),0.7864470027960075,0.0,1.0024353575797207,1.004698399516832,1.0,,A-conv
MAIN,0.0,0.25,100,rate,HT,COR-10000,SRSWOR/EXP,4.9999999999661426e-05,4.9999999999661426e-05,1.0004681720150088,1.0009844178248932,0.995,,A
MAIN,0.0,0.25,100,rate,HT,COR-2000,SRSWOR/EXP,4.9999999999661426e-05,4.9999999999661426e-05,1.0027001452373852,1.0057399130474285,1.0,,A
MAIN,0.0,0.25,100,rate,HT,COR-500,SRSWOR/EXP,4.9999999999661426e-05,4.9999999999661426e-05,1.0116189083228624,1.0219445033869858,1.0,,A
MAIN,0.0,0.25,100,rate,HT,KS-2000,SRSWOR/EXP,4.9999999999661426e-05,4.9999999999661426e-05,1.0029574149140676,1.0054301423946046,1.0,,A
MAIN,0.0,0.25,100,rate,HT,MIS-G-10000,SRSWOR/EXP,4.9999999999661426e-05,4.9999999999661426e-05,1.0001414229340018,1.000371648909945,0.805,,A
MAIN,0.0,0.25,100,rate,HT,MIS-G-2000,SRSWOR/EXP,4.9999999999661426e-05,4.9999999999661426e-05,1.0008832154196998,1.002309609198628,0.955,,A
MAIN,0.0,0.25,100,rate,HT,MIS-I-2000,SRSWOR/EXP,4.9999999999661426e-05,4.9999999999661426e-05,1.0018012647526913,1.00340797478393,1.0,,A
MAIN,0.0,0.25,100,rate,DIFF,COR-10000,best conventional (EXP or DIFF),4.999999999999449e-05,4.999999999999449e-05,1.0006369528758068,1.001304136295295,0.995,,A
MAIN,0.0,0.25,100,rate,DIFF,COR-2000,best conventional (EXP or DIFF),4.999999999999449e-05,4.999999999999449e-05,1.0035659413087616,1.0072587666983406,1.0,,A
MAIN,0.0,0.25,100,rate,DIFF,COR-500,best conventional (EXP or DIFF),4.999999999999449e-05,4.999999999999449e-05,1.0149182478099243,1.0271396824451908,1.0,,A
MAIN,0.0,0.25,100,rate,DIFF,KS-2000,best conventional (EXP or DIFF),4.999999999999449e-05,4.999999999999449e-05,1.0038928419283193,1.0072180893126306,1.0,,A
MAIN,0.0,0.25,100,rate,DIFF,MIS-G-10000,best conventional (EXP or DIFF),4.999999999999449e-05,4.999999999999449e-05,1.0002048844149265,1.000518811971403,0.855,,A
MAIN,0.0,0.25,100,rate,DIFF,MIS-G-2000,best conventional (EXP or DIFF),4.999999999999449e-05,4.999999999999449e-05,1.00118633554716,1.0029718971934343,0.97,,A
MAIN,0.0,0.25,100,rate,DIFF,MIS-I-2000,best conventional (EXP or DIFF),4.999999999999449e-05,4.999999999999449e-05,1.002399448052644,1.004719730329655,1.0,,A
MAIN,0.0,0.25,400,dollars,HT,COR-10000,PPS-A/HT(fixed),0.7954784117247694,0.0,1.0005508438933355,1.0010838944663079,1.0,,A-conv
MAIN,0.0,0.25,400,dollars,HT,COR-2000,PPS-A/HT(fixed),0.7954784117247694,0.0,1.0029228350337709,1.0061801385961275,1.0,,A-conv
MAIN,0.0,0.25,400,dollars,HT,COR-500,PPS-A/HT(fixed),0.7954784117247694,0.0,1.0123686575976019,1.0232931943063648,1.0,,A-conv
MAIN,0.0,0.25,400,dollars,HT,KS-2000,PPS-A/HT(fixed),0.7954784117247694,0.0,1.0031843872234887,1.0057725940192477,1.0,,A-conv
MAIN,0.0,0.25,400,dollars,HT,MIS-G-10000,PPS-A/HT(fixed),0.7954784117247694,0.0,1.0001953769306575,1.0004169386569957,1.0,,A-conv
MAIN,0.0,0.25,400,dollars,HT,MIS-G-2000,PPS-A/HT(fixed),0.7954784117247694,0.0,1.0009541696199302,1.0023489696789327,1.0,,A-conv
MAIN,0.0,0.25,400,dollars,HT,MIS-I-2000,PPS-A/HT(fixed),0.7954784117247694,0.0,1.0019476206121476,1.0037008304967756,1.0,,A-conv
MAIN,0.0,0.25,400,dollars,DIFF,COR-10000,best conventional (EXP or DIFF),0.7954784117247693,-2.220446049250313e-16,1.0007003014563296,1.0013716247457969,1.0,,A-conv
MAIN,0.0,0.25,400,dollars,DIFF,COR-2000,best conventional (EXP or DIFF),0.7954784117247693,-2.220446049250313e-16,1.003692927352479,1.0076839337536032,1.0,,A-conv
MAIN,0.0,0.25,400,dollars,DIFF,COR-500,best conventional (EXP or DIFF),0.7954784117247693,-2.220446049250313e-16,1.0153858670731088,1.0291240316051364,1.0,,A-conv
MAIN,0.0,0.25,400,dollars,DIFF,KS-2000,best conventional (EXP or DIFF),0.7954784117247693,-2.220446049250313e-16,1.0040134674742007,1.0075358761250521,1.0,,A-conv
MAIN,0.0,0.25,400,dollars,DIFF,MIS-G-10000,best conventional (EXP or DIFF),0.7954784117247693,-2.220446049250313e-16,1.00024582036074,1.0005312523015644,1.0,,A-conv
MAIN,0.0,0.25,400,dollars,DIFF,MIS-G-2000,best conventional (EXP or DIFF),0.7954784117247693,-2.220446049250313e-16,1.0012008760128768,1.0029916204017149,1.0,,A-conv
MAIN,0.0,0.25,400,dollars,DIFF,MIS-I-2000,best conventional (EXP or DIFF),0.7954784117247693,-2.220446049250313e-16,1.0024508362587226,1.0047011637092107,1.0,,A-conv
MAIN,0.0,0.25,400,rate,HT,COR-10000,SRSWOR/EXP,4.999999999999449e-05,4.999999999999449e-05,1.0004741405497146,1.0009960754939937,0.995,,A
MAIN,0.0,0.25,400,rate,HT,COR-2000,SRSWOR/EXP,4.999999999999449e-05,4.999999999999449e-05,1.0027319824870777,1.0058083861070117,1.0,,A
MAIN,0.0,0.25,400,rate,HT,COR-500,SRSWOR/EXP,4.999999999999449e-05,4.999999999999449e-05,1.011757878146535,1.0222114493177779,1.0,,A
MAIN,0.0,0.25,400,rate,HT,KS-2000,SRSWOR/EXP,4.999999999999449e-05,4.999999999999449e-05,1.0029922511028642,1.0054932902002671,1.0,,A
MAIN,0.0,0.25,400,rate,HT,MIS-G-10000,SRSWOR/EXP,4.999999999999449e-05,4.999999999999449e-05,1.0001436233777958,1.0003764967175734,0.805,,A
MAIN,0.0,0.25,400,rate,HT,MIS-G-2000,SRSWOR/EXP,4.999999999999449e-05,4.999999999999449e-05,1.0008939512649473,1.0023367620954087,0.955,,A
MAIN,0.0,0.25,400,rate,HT,MIS-I-2000,SRSWOR/EXP,4.999999999999449e-05,4.999999999999449e-05,1.001822589689996,1.0034478549429675,1.0,,A
MAIN,0.0,0.25,400,rate,DIFF,COR-10000,best conventional (EXP or DIFF),4.999999999999449e-05,4.999999999999449e-05,1.0006396456023943,1.001309886203088,0.995,,A
MAIN,0.0,0.25,400,rate,DIFF,COR-2000,best conventional (EXP or DIFF),4.999999999999449e-05,4.999999999999449e-05,1.0035807666380034,1.0072876283807886,1.0,,A
MAIN,0.0,0.25,400,rate,DIFF,COR-500,best conventional (EXP or DIFF),4.999999999999449e-05,4.999999999999449e-05,1.0149925364786947,1.0272348850939947,1.0,,A
MAIN,0.0,0.25,400,rate,DIFF,KS-2000,best conventional (EXP or DIFF),4.999999999999449e-05,4.999999999999449e-05,1.0039091902706492,1.0072437838142538,1.0,,A
MAIN,0.0,0.25,400,rate,DIFF,MIS-G-10000,best conventional (EXP or DIFF),4.999999999999449e-05,4.999999999999449e-05,1.0002058603042956,1.0005209388423733,0.855,,A
MAIN,0.0,0.25,400,rate,DIFF,MIS-G-2000,best conventional (EXP or DIFF),4.999999999999449e-05,4.999999999999449e-05,1.00119115150968,1.002983880783997,0.97,,A
MAIN,0.0,0.25,400,rate,DIFF,MIS-I-2000,best conventional (EXP or DIFF),4.999999999999449e-05,4.999999999999449e-05,1.0024090844266438,1.0047354365532954,1.0,,A
MAIN,0.0,0.7,100,dollars,HT,COR-10000,PPS-A/HT(fixed),0.9018250809788617,0.0,1.0001834168807349,1.0003233297203755,1.0,,A-conv
MAIN,0.0,0.7,100,dollars,HT,COR-2000,PPS-A/HT(fixed),0.9018250809788617,0.0,1.0008848625976876,1.0016579458730708,1.0,,A-conv
MAIN,0.0,0.7,100,dollars,HT,COR-500,PPS-A/HT(fixed),0.9018250809788617,0.0,1.0043563692922453,1.009282612585768,1.0,,A-conv
MAIN,0.0,0.7,100,dollars,HT,KS-2000,PPS-A/HT(fixed),0.9018250809788617,0.0,1.001064869858745,1.0018159993354074,1.0,,A-conv
MAIN,0.0,0.7,100,dollars,HT,MIS-G-10000,PPS-A/HT(fixed),0.9018250809788617,0.0,1.000066504013916,1.0001673048129047,1.0,,A-conv
MAIN,0.0,0.7,100,dollars,HT,MIS-G-2000,PPS-A/HT(fixed),0.9018250809788617,0.0,1.0003121099299392,1.000790524796596,1.0,,A-conv
MAIN,0.0,0.7,100,dollars,HT,MIS-I-2000,PPS-A/HT(fixed),0.9018250809788617,0.0,1.00071079328562,1.001373680273498,1.0,,A-conv
MAIN,0.0,0.7,100,dollars,DIFF,COR-10000,best conventional (EXP or DIFF),0.9018250809788618,1.1102230246251565e-16,1.0006071266873315,1.0010696862501738,1.0,,A-conv
MAIN,0.0,0.7,100,dollars,DIFF,COR-2000,best conventional (EXP or DIFF),0.9018250809788618,1.1102230246251565e-16,1.0030203529733235,1.0056673338849453,1.0,,A-conv
MAIN,0.0,0.7,100,dollars,DIFF,COR-500,best conventional (EXP or DIFF),0.9018250809788618,1.1102230246251565e-16,1.0146380733089273,1.0270177403203733,1.0,,A-conv
MAIN,0.0,0.7,100,dollars,DIFF,KS-2000,best conventional (EXP or DIFF),0.9018250809788618,1.1102230246251565e-16,1.003537846841959,1.0064164050317796,1.0,,A-conv
MAIN,0.0,0.7,100,dollars,DIFF,MIS-G-10000,best conventional (EXP or DIFF),0.9018250809788618,1.1102230246251565e-16,1.0002207989485203,1.0005330911916928,1.0,,A-conv
MAIN,0.0,0.7,100,dollars,DIFF,MIS-G-2000,best conventional (EXP or DIFF),0.9018250809788618,1.1102230246251565e-16,1.0010151021559273,1.0023999985594412,1.0,,A-conv
MAIN,0.0,0.7,100,dollars,DIFF,MIS-I-2000,best conventional (EXP or DIFF),0.9018250809788618,1.1102230246251565e-16,1.0023128192733242,1.0046081977988912,1.0,,A-conv
MAIN,0.0,0.7,100,rate,HT,COR-10000,SRSWOR/EXP,5.000000000021654e-05,5.000000000021654e-05,1.0001311202064875,1.0002698869320248,0.925,,A
MAIN,0.0,0.7,100,rate,HT,COR-2000,SRSWOR/EXP,5.000000000021654e-05,5.000000000021654e-05,1.0008215897370871,1.0016307562615752,1.0,,A
MAIN,0.0,0.7,100,rate,HT,COR-500,SRSWOR/EXP,5.000000000021654e-05,5.000000000021654e-05,1.0042528625439093,1.008226182750812,1.0,,A
MAIN,0.0,0.7,100,rate,HT,KS-2000,SRSWOR/EXP,5.000000000021654e-05,5.000000000021654e-05,1.0010142912988567,1.0018911451228483,1.0,,A
MAIN,0.0,0.7,100,rate,HT,MIS-G-10000,SRSWOR/EXP,5.000000000021654e-05,5.000000000021654e-05,1.0000180861090298,1.0001191437549195,0.48,,A
MAIN,0.0,0.7,100,rate,HT,MIS-G-2000,SRSWOR/EXP,5.000000000021654e-05,5.000000000021654e-05,1.0002693650457237,1.0007235539196335,0.825,,A
MAIN,0.0,0.7,100,rate,HT,MIS-I-2000,SRSWOR/EXP,5.000000000021654e-05,5.000000000021654e-05,1.0006632242082736,1.0013197273572048,0.985,,A
MAIN,0.0,0.7,100,rate,DIFF,COR-10000,best conventional (EXP or DIFF),5.000000000043858e-05,5.000000000043858e-05,1.0005512420792457,1.0010048088249042,0.995,,A
MAIN,0.0,0.7,100,rate,DIFF,COR-2000,best conventional (EXP or DIFF),5.000000000043858e-05,5.000000000043858e-05,1.0029320592278312,1.005575696034862,1.0,,A
MAIN,0.0,0.7,100,rate,DIFF,COR-500,best conventional (EXP or DIFF),5.000000000043858e-05,5.000000000043858e-05,1.0142825493079,1.0262919581580547,1.0,,A
MAIN,0.0,0.7,100,rate,DIFF,KS-2000,best conventional (EXP or DIFF),5.000000000043858e-05,5.000000000043858e-05,1.0034706217695746,1.0063507049510692,1.0,,A
MAIN,0.0,0.7,100,rate,DIFF,MIS-G-10000,best conventional (EXP or DIFF),5.000000000043858e-05,5.000000000043858e-05,1.0001775013636838,1.0005007859680874,0.725,,A
MAIN,0.0,0.7,100,rate,DIFF,MIS-G-2000,best conventional (EXP or DIFF),5.000000000043858e-05,5.000000000043858e-05,1.0010020193578968,1.0024021180605154,0.955,,A
MAIN,0.0,0.7,100,rate,DIFF,MIS-I-2000,best conventional (EXP or DIFF),5.000000000043858e-05,5.000000000043858e-05,1.0022826473061182,1.0046171292302628,1.0,,A
MAIN,0.0,0.7,400,dollars,HT,COR-10000,PPS-A/HT(fixed),0.905977014465335,0.0,1.000185147585671,1.000327091795291,1.0,,A-conv
MAIN,0.0,0.7,400,dollars,HT,COR-2000,PPS-A/HT(fixed),0.905977014465335,0.0,1.0008945273938006,1.0016682882034953,1.0,,A-conv
MAIN,0.0,0.7,400,dollars,HT,COR-500,PPS-A/HT(fixed),0.905977014465335,0.0,1.0044171333751188,1.009437193651431,1.0,,A-conv
MAIN,0.0,0.7,400,dollars,HT,KS-2000,PPS-A/HT(fixed),0.905977014465335,0.0,1.0010780489113005,1.0018203984989225,1.0,,A-conv
MAIN,0.0,0.7,400,dollars,HT,MIS-G-10000,PPS-A/HT(fixed),0.905977014465335,0.0,1.000066435983409,1.000166198819589,1.0,,A-conv
MAIN,0.0,0.7,400,dollars,HT,MIS-G-2000,PPS-A/HT(fixed),0.905977014465335,0.0,1.0003107582978865,1.000802514524053,1.0,,A-conv
MAIN,0.0,0.7,400,dollars,HT,MIS-I-2000,PPS-A/HT(fixed),0.905977014465335,0.0,1.0007171164403492,1.001394256282895,1.0,,A-conv
MAIN,0.0,0.7,400,dollars,DIFF,COR-10000,best conventional (EXP or DIFF),0.9059770144653351,3.3306690738754696e-16,1.000606615932429,1.0010752003224952,1.0,,A-conv
MAIN,0.0,0.7,400,dollars,DIFF,COR-2000,best conventional (EXP or DIFF),0.9059770144653351,3.3306690738754696e-16,1.0030265144602355,1.005661470472201,1.0,,A-conv
MAIN,0.0,0.7,400,dollars,DIFF,COR-500,best conventional (EXP or DIFF),0.9059770144653351,3.3306690738754696e-16,1.0147590081387843,1.027379646077868,1.0,,A-conv
MAIN,0.0,0.7,400,dollars,DIFF,KS-2000,best conventional (EXP or DIFF),0.9059770144653351,3.3306690738754696e-16,1.003548882011664,1.0064877188977568,1.0,,A-conv
MAIN,0.0,0.7,400,dollars,DIFF,MIS-G-10000,best conventional (EXP or DIFF),0.9059770144653351,3.3306690738754696e-16,1.0002178540549953,1.0005247125300265,1.0,,A-conv
MAIN,0.0,0.7,400,dollars,DIFF,MIS-G-2000,best conventional (EXP or DIFF),0.9059770144653351,3.3306690738754696e-16,1.0009976096984357,1.0023190550159713,1.0,,A-conv
MAIN,0.0,0.7,400,dollars,DIFF,MIS-I-2000,best conventional (EXP or DIFF),0.9059770144653351,3.3306690738754696e-16,1.0023087187864386,1.0046091377516195,1.0,,A-conv
MAIN,0.0,0.7,400,rate,HT,COR-10000,SRSWOR/EXP,4.9999999998662226e-05,4.9999999998662226e-05,1.0001319594499296,1.0002713582563059,0.925,,A
MAIN,0.0,0.7,400,rate,HT,COR-2000,SRSWOR/EXP,4.9999999998662226e-05,4.9999999998662226e-05,1.0008256890508487,1.001639525204859,1.0,,A
MAIN,0.0,0.7,400,rate,HT,COR-500,SRSWOR/EXP,4.9999999998662226e-05,4.9999999998662226e-05,1.0042756144262746,1.0082657983948211,1.0,,A
MAIN,0.0,0.7,400,rate,HT,KS-2000,SRSWOR/EXP,4.9999999998662226e-05,4.9999999998662226e-05,1.0010193205727849,1.0019002050382484,1.0,,A
MAIN,0.0,0.7,400,rate,HT,MIS-G-10000,SRSWOR/EXP,4.9999999998662226e-05,4.9999999998662226e-05,1.000018400265992,1.000119924096659,0.48,,A
MAIN,0.0,0.7,400,rate,HT,MIS-G-2000,SRSWOR/EXP,4.9999999998662226e-05,4.9999999998662226e-05,1.0002708463068248,1.0007271457178102,0.825,,A
MAIN,0.0,0.7,400,rate,HT,MIS-I-2000,SRSWOR/EXP,4.9999999998662226e-05,4.9999999998662226e-05,1.0006665746411723,1.001326147992,0.985,,A
MAIN,0.0,0.7,400,rate,DIFF,COR-10000,best conventional (EXP or DIFF),5.000000000032756e-05,5.000000000032756e-05,1.000552738879466,1.0010072898277254,0.995,,A
MAIN,0.0,0.7,400,rate,DIFF,COR-2000,best conventional (EXP or DIFF),5.000000000032756e-05,5.000000000032756e-05,1.00294043212587,1.0055900399284112,1.0,,A
MAIN,0.0,0.7,400,rate,DIFF,COR-500,best conventional (EXP or DIFF),5.000000000032756e-05,5.000000000032756e-05,1.0143380063557847,1.0263936150071644,1.0,,A
MAIN,0.0,0.7,400,rate,DIFF,KS-2000,best conventional (EXP or DIFF),5.000000000032756e-05,5.000000000032756e-05,1.0034799385338595,1.006366325203777,1.0,,A
MAIN,0.0,0.7,400,rate,DIFF,MIS-G-10000,best conventional (EXP or DIFF),5.000000000032756e-05,5.000000000032756e-05,1.0001780657502775,1.0005021887888603,0.725,,A
MAIN,0.0,0.7,400,rate,DIFF,MIS-G-2000,best conventional (EXP or DIFF),5.000000000032756e-05,5.000000000032756e-05,1.0010046128696046,1.0024080284414338,0.955,,A
MAIN,0.0,0.7,400,rate,DIFF,MIS-I-2000,best conventional (EXP or DIFF),5.000000000032756e-05,5.000000000032756e-05,1.0022883258724316,1.0046281594433444,1.0,,A
MAIN,0.75,0.05,100,dollars,HT,COR-10000,PPS-A/HT(fixed),0.8371075074460768,0.13886505609184108,0.863178438805232,0.8648937229700483,0.0,,B
MAIN,0.75,0.05,100,dollars,HT,COR-2000,PPS-A/HT(fixed),0.8371075074460768,0.13886505609184108,0.8718185160058753,0.8820372567057194,0.0,,B
MAIN,0.75,0.05,100,dollars,HT,COR-500,PPS-A/HT(fixed),0.8371075074460768,0.13886505609184108,4.171087381932133,1.0014017668064654,0.105,,A-info
MAIN,0.75,0.05,100,dollars,HT,KS-2000,PPS-A/HT(fixed),0.8371075074460768,0.13886505609184108,0.8751486085217955,0.8856677131714036,0.0,,B
MAIN,0.75,0.05,100,dollars,HT,MIS-G-10000,PPS-A/HT(fixed),0.8371075074460768,0.13886505609184108,0.8992211377823474,0.9005200366875072,0.0,,B
MAIN,0.75,0.05,100,dollars,HT,MIS-G-2000,PPS-A/HT(fixed),0.8371075074460768,0.13886505609184108,0.9023268160971234,0.9074082652885775,0.0,,A-info
MAIN,0.75,0.05,100,dollars,HT,MIS-I-2000,PPS-A/HT(fixed),0.8371075074460768,0.13886505609184108,0.877708768867971,0.8872160164313712,0.0,,B
MAIN,0.75,0.05,100,dollars,DIFF,COR-10000,best conventional (EXP or DIFF),0.8403498293632254,0.0909121862479717,0.9103869531469916,0.9117853562696588,0.0,,A-modest
MAIN,0.75,0.05,100,dollars,DIFF,COR-2000,best conventional (EXP or DIFF),0.8403498293632254,0.0909121862479717,0.9162224207341158,0.9244029114892764,0.0,,A-modest
MAIN,0.75,0.05,100,dollars,DIFF,COR-500,best conventional (EXP or DIFF),0.8403498293632254,0.0909121862479717,4.1458362460714815,1.0215216393064943,0.145,,A-modest
MAIN,0.75,0.05,100,dollars,DIFF,KS-2000,best conventional (EXP or DIFF),0.8403498293632254,0.0909121862479717,0.9181743456172478,0.9269251897636307,0.0,,A-modest
MAIN,0.75,0.05,100,dollars,DIFF,MIS-G-10000,best conventional (EXP or DIFF),0.8403498293632254,0.0909121862479717,0.923939975224663,0.9249654081188557,0.0,,A-modest
MAIN,0.75,0.05,100,dollars,DIFF,MIS-G-2000,best conventional (EXP or DIFF),0.8403498293632254,0.0909121862479717,0.9258031347353036,0.9290259739039812,0.0,,A-modest
MAIN,0.75,0.05,100,dollars,DIFF,MIS-I-2000,best conventional (EXP or DIFF),0.8403498293632254,0.0909121862479717,0.9178505407955717,0.9258755585527876,0.0,,A-modest
MAIN,0.75,0.05,100,rate,HT,COR-10000,SRSWOR/EXP,0.14597197099884895,0.14597197099884895,0.8561279429282977,0.8578180075182233,0.0,DEF-0.5;DEF-0.75,B
MAIN,0.75,0.05,100,rate,HT,COR-2000,SRSWOR/EXP,0.14597197099884895,0.14597197099884895,0.8649036743750357,0.8753927908643973,0.0,DEF-0.5;DEF-0.75,B
MAIN,0.75,0.05,100,rate,HT,COR-500,SRSWOR/EXP,0.14597197099884895,0.14597197099884895,3.4811349942174314,1.0096767427766307,0.11,DEF-0.5;DEF-0.75,C
MAIN,0.75,0.05,100,rate,HT,KS-2000,SRSWOR/EXP,0.14597197099884895,0.14597197099884895,0.8683479167633159,0.8787488201230611,0.0,DEF-0.5;DEF-0.75,B
MAIN,0.75,0.05,100,rate,HT,MIS-G-10000,SRSWOR/EXP,0.14597197099884895,0.14597197099884895,0.8950768497243453,0.8963325902111722,0.0,,B
MAIN,0.75,0.05,100,rate,HT,MIS-G-2000,SRSWOR/EXP,0.14597197099884895,0.14597197099884895,0.8983370478135084,0.9039882175608006,0.0,,B
MAIN,0.75,0.05,100,rate,HT,MIS-I-2000,SRSWOR/EXP,0.14597197099884895,0.14597197099884895,0.8709976249835263,0.8809781218775803,0.0,DEF-0.5;DEF-0.75,B
MAIN,0.75,0.05,100,rate,DIFF,COR-10000,best conventional (EXP or DIFF),0.15840941374332473,0.10808920437834824,0.8933868107186217,0.8949112206874675,0.0,DEF-0.75,B
MAIN,0.75,0.05,100,rate,DIFF,COR-2000,best conventional (EXP or DIFF),0.15840941374332473,0.10808920437834824,0.8998226866422925,0.9090477810831672,0.0,,B
MAIN,0.75,0.05,100,rate,DIFF,COR-500,best conventional (EXP or DIFF),0.15840941374332473,0.10808920437834824,3.48693907788907,1.023129423513962,0.115,,A-info
MAIN,0.75,0.05,100,rate,DIFF,KS-2000,best conventional (EXP or DIFF),0.15840941374332473,0.10808920437834824,0.9022080880275439,0.9110696929283936,0.0,,A-info
MAIN,0.75,0.05,100,rate,DIFF,MIS-G-10000,best conventional (EXP or DIFF),0.15840941374332473,0.10808920437834824,0.9128367875212362,0.9139747931957284,0.0,,A-info
MAIN,0.75,0.05,100,rate,DIFF,MIS-G-2000,best conventional (EXP or DIFF),0.15840941374332473,0.10808920437834824,0.9152792590449929,0.9201773393069792,0.0,,A-info
MAIN,0.75,0.05,100,rate,DIFF,MIS-I-2000,best conventional (EXP or DIFF),0.15840941374332473,0.10808920437834824,0.9022886392450118,0.9109829139339447,0.0,,A-info
MAIN,0.75,0.05,400,dollars,HT,COR-10000,PPS-A/HT(fixed),0.848051836330885,0.1459632998568412,0.8562023663173365,0.8580593927967938,0.0,,B
MAIN,0.75,0.05,400,dollars,HT,COR-2000,PPS-A/HT(fixed),0.848051836330885,0.1459632998568412,0.8654748484107637,0.8767347753675142,0.0,,B
MAIN,0.75,0.05,400,dollars,HT,COR-500,PPS-A/HT(fixed),0.848051836330885,0.1459632998568412,4.416590328915154,1.0035814195830108,0.11,,A-info
MAIN,0.75,0.05,400,dollars,HT,KS-2000,PPS-A/HT(fixed),0.848051836330885,0.1459632998568412,0.8690022155951947,0.8800789797547255,0.0,,B
MAIN,0.75,0.05,400,dollars,HT,MIS-G-10000,PPS-A/HT(fixed),0.848051836330885,0.1459632998568412,0.8937228842018993,0.8951742385827016,0.0,,B
MAIN,0.75,0.05,400,dollars,HT,MIS-G-2000,PPS-A/HT(fixed),0.848051836330885,0.1459632998568412,0.897038680054711,0.9020813113248585,0.0,,B
MAIN,0.75,0.05,400,dollars,HT,MIS-I-2000,PPS-A/HT(fixed),0.848051836330885,0.1459632998568412,0.8715518742617949,0.8820547949910384,0.0,,B
MAIN,0.75,0.05,400,dollars,DIFF,COR-10000,best conventional (EXP or DIFF),0.8508122815074437,0.09792100884943233,0.9034872009329235,0.9049979977915964,0.0,,A-modest
MAIN,0.75,0.05,400,dollars,DIFF,COR-2000,best conventional (EXP or DIFF),0.8508122815074437,0.09792100884943233,0.9097907555981899,0.9185220544353313,0.0,,A-modest
MAIN,0.75,0.05,400,dollars,DIFF,COR-500,best conventional (EXP or DIFF),0.8508122815074437,0.09792100884943233,4.390333711677422,1.0227399721845067,0.14,,A-modest
MAIN,0.75,0.05,400,dollars,DIFF,KS-2000,best conventional (EXP or DIFF),0.8508122815074437,0.09792100884943233,0.9119135340444344,0.9213271077719497,0.0,,A-modest
MAIN,0.75,0.05,400,dollars,DIFF,MIS-G-10000,best conventional (EXP or DIFF),0.8508122815074437,0.09792100884943233,0.9180490490995358,0.9191406548833941,0.0,,A-modest
MAIN,0.75,0.05,400,dollars,DIFF,MIS-G-2000,best conventional (EXP or DIFF),0.8508122815074437,0.09792100884943233,0.9200879981564749,0.9235528089147158,0.0,,A-modest
MAIN,0.75,0.05,400,dollars,DIFF,MIS-I-2000,best conventional (EXP or DIFF),0.8508122815074437,0.09792100884943233,0.9115543445579466,0.9201521194802607,0.0,,A-modest
MAIN,0.75,0.05,400,rate,HT,COR-10000,ST-PROP/EXP,0.1477031162938971,0.14317822874171326,0.8589614452299424,0.8607073407142225,0.0,DEF-0.5;DEF-0.75,B
MAIN,0.75,0.05,400,rate,HT,COR-2000,ST-PROP/EXP,0.1477031162938971,0.14317822874171326,0.8679215301985131,0.8786672879370271,0.0,DEF-0.5;DEF-0.75,B
MAIN,0.75,0.05,400,rate,HT,COR-500,ST-PROP/EXP,0.1477031162938971,0.14317822874171326,3.5382645461114026,1.0158059082394164,0.115,,A-info
MAIN,0.75,0.05,400,rate,HT,KS-2000,ST-PROP/EXP,0.1477031162938971,0.14317822874171326,0.8714327277776046,0.8820800208392922,0.0,DEF-0.5;DEF-0.75,B
MAIN,0.75,0.05,400,rate,HT,MIS-G-10000,ST-PROP/EXP,0.1477031162938971,0.14317822874171326,0.8984929504993311,0.8997734149816605,0.0,,B
MAIN,0.75,0.05,400,rate,HT,MIS-G-2000,ST-PROP/EXP,0.1477031162938971,0.14317822874171326,0.901821762345174,0.9075910837158719,0.0,,A-info
MAIN,0.75,0.05,400,rate,HT,MIS-I-2000,ST-PROP/EXP,0.1477031162938971,0.14317822874171326,0.8740866813302814,0.8841982964669576,0.0,DEF-0.5;DEF-0.75,B
MAIN,0.75,0.05,400,rate,DIFF,COR-10000,best conventional (EXP or DIFF),0.1599694926682972,0.10943978494683859,0.8921619013871601,0.8937578407204393,0.0,DEF-0.75,B
MAIN,0.75,0.05,400,rate,DIFF,COR-2000,best conventional (EXP or DIFF),0.1599694926682972,0.10943978494683859,0.8990276993368695,0.9084621112131285,0.0,,B
MAIN,0.75,0.05,400,rate,DIFF,COR-500,best conventional (EXP or DIFF),0.1599694926682972,0.10943978494683859,3.5301466838407562,1.0286436693919194,0.12,,A-info
MAIN,0.75,0.05,400,rate,DIFF,KS-2000,best conventional (EXP or DIFF),0.1599694926682972,0.10943978494683859,0.9016032559570129,0.9105003582087129,0.0,,A-info
MAIN,0.75,0.05,400,rate,DIFF,MIS-G-10000,best conventional (EXP or DIFF),0.1599694926682972,0.10943978494683859,0.911934930546505,0.9132080237714275,0.0,,A-info
MAIN,0.75,0.05,400,rate,DIFF,MIS-G-2000,best conventional (EXP or DIFF),0.1599694926682972,0.10943978494683859,0.914805946794705,0.9200733467527134,0.0,,A-info
MAIN,0.75,0.05,400,rate,DIFF,MIS-I-2000,best conventional (EXP or DIFF),0.1599694926682972,0.10943978494683859,0.9015244548953298,0.9108298040752053,0.0,DEF-0.75,C
MAIN,0.75,0.25,100,dollars,HT,COR-10000,PPS-A/HT(fixed),0.8523169809219326,0.076197214885935,0.9241815937955634,0.9245049682759281,0.0,,A-modest
MAIN,0.75,0.25,100,dollars,HT,COR-2000,PPS-A/HT(fixed),0.8523169809219326,0.076197214885935,0.925858531049911,0.9274959557790964,0.0,,A-modest
MAIN,0.75,0.25,100,dollars,HT,COR-500,PPS-A/HT(fixed),0.8523169809219326,0.076197214885935,0.9357601291150598,0.9432087229585185,0.01,,A-modest
MAIN,0.75,0.25,100,dollars,HT,KS-2000,PPS-A/HT(fixed),0.8523169809219326,0.076197214885935,0.9265294892980133,0.9287478291944044,0.0,,A-modest
MAIN,0.75,0.25,100,dollars,HT,MIS-G-10000,PPS-A/HT(fixed),0.8523169809219326,0.076197214885935,0.9407571730290054,0.9409990677918159,0.0,,A-modest
MAIN,0.75,0.25,100,dollars,HT,MIS-G-2000,PPS-A/HT(fixed),0.8523169809219326,0.076197214885935,0.9414136609359237,0.9425479329347594,0.0,,A-modest
MAIN,0.75,0.25,100,dollars,HT,MIS-I-2000,PPS-A/HT(fixed),0.8523169809219326,0.076197214885935,0.9288675355825358,0.9311334612913785,0.0,,A-modest
MAIN,0.75,0.25,100,dollars,DIFF,COR-10000,best conventional (EXP or DIFF),0.8592547299142848,0.016284634808807374,0.9838597760247231,0.9839930266299509,0.0,,A-conv
MAIN,0.75,0.25,100,dollars,DIFF,COR-2000,best conventional (EXP or DIFF),0.8592547299142848,0.016284634808807374,0.9846174788623362,0.9853414542696801,0.0,,A-conv
MAIN,0.75,0.25,100,dollars,DIFF,COR-500,best conventional (EXP or DIFF),0.8592547299142848,0.016284634808807374,0.9904033491240462,0.9987288918041591,0.07,,A-conv
MAIN,0.75,0.25,100,dollars,DIFF,KS-2000,best conventional (EXP or DIFF),0.8592547299142848,0.016284634808807374,0.9848667696820848,0.9858656385408184,0.005,,A-conv
MAIN,0.75,0.25,100,dollars,DIFF,MIS-G-10000,best conventional (EXP or DIFF),0.8592547299142848,0.016284634808807374,0.9870356179792593,0.9871324721634964,0.0,,A-conv
MAIN,0.75,0.25,100,dollars,DIFF,MIS-G-2000,best conventional (EXP or DIFF),0.8592547299142848,0.016284634808807374,0.9872424059291022,0.9876293188071549,0.0,,A-conv
MAIN,0.75,0.25,100,dollars,DIFF,MIS-I-2000,best conventional (EXP or DIFF),0.8592547299142848,0.016284634808807374,0.9860434321089957,0.9870465781439909,0.0,,A-conv
MAIN,0.75,0.25,100,rate,HT,COR-10000,ST-PROP/EXP,0.09007475921413077,0.07799029329115903,0.9224474636917208,0.9228681382869378,0.0,,A-modest
MAIN,0.75,0.25,100,rate,HT,COR-2000,ST-PROP/EXP,0.09007475921413077,0.07799029329115903,0.9243235305315655,0.9261020870853885,0.0,,A-modest
MAIN,0.75,0.25,100,rate,HT,COR-500,ST-PROP/EXP,0.09007475921413077,0.07799029329115903,0.9346262918477855,0.9428689365481587,0.01,,A-modest
MAIN,0.75,0.25,100,rate,HT,KS-2000,ST-PROP/EXP,0.09007475921413077,0.07799029329115903,0.9250676041116843,0.9274321049682718,0.0,,A-modest
MAIN,0.75,0.25,100,rate,HT,MIS-G-10000,ST-PROP/EXP,0.09007475921413077,0.07799029329115903,0.9426505139982412,0.9429390277162921,0.0,,A-modest
MAIN,0.75,0.25,100,rate,HT,MIS-G-2000,ST-PROP/EXP,0.09007475921413077,0.07799029329115903,0.9434210101057129,0.9446682855636799,0.0,,A-modest
MAIN,0.75,0.25,100,rate,HT,MIS-I-2000,ST-PROP/EXP,0.09007475921413077,0.07799029329115903,0.9276541769587462,0.9297497629596798,0.0,,A-modest
MAIN,0.75,0.25,100,rate,DIFF,COR-10000,best conventional (EXP or DIFF),0.12608388092641176,0.027800218252942654,0.9723813488466024,0.9725682293247937,0.0,,A-conv
MAIN,0.75,0.25,100,rate,DIFF,COR-2000,best conventional (EXP or DIFF),0.12608388092641176,0.027800218252942654,0.973283248693833,0.9742371130234749,0.0,,A-conv
MAIN,0.75,0.25,100,rate,DIFF,COR-500,best conventional (EXP or DIFF),0.12608388092641176,0.027800218252942654,0.9797983512550305,0.9880308621356152,0.025,,A-conv
MAIN,0.75,0.25,100,rate,DIFF,KS-2000,best conventional (EXP or DIFF),0.12608388092641176,0.027800218252942654,0.9736150634270331,0.9746214796700402,0.0,,A-conv
MAIN,0.75,0.25,100,rate,DIFF,MIS-G-10000,best conventional (EXP or DIFF),0.12608388092641176,0.027800218252942654,0.9755021452613011,0.9756480134387184,0.0,,A-conv
MAIN,0.75,0.25,100,rate,DIFF,MIS-G-2000,best conventional (EXP or DIFF),0.12608388092641176,0.027800218252942654,0.9758084308701125,0.9762996516977369,0.0,,A-conv
MAIN,0.75,0.25,100,rate,DIFF,MIS-I-2000,best conventional (EXP or DIFF),0.12608388092641176,0.027800218252942654,0.9743994422279044,0.9755362174819544,0.0,,A-conv
MAIN,0.75,0.25,400,dollars,HT,COR-10000,PPS-A/HT(fixed),0.8593995137262402,0.0755779348498764,0.9248137025758824,0.925226138993856,0.0,,A-modest
MAIN,0.75,0.25,400,dollars,HT,COR-2000,PPS-A/HT(fixed),0.8593995137262402,0.0755779348498764,0.9265342394570532,0.9285026335027429,0.0,,A-modest
MAIN,0.75,0.25,400,dollars,HT,COR-500,PPS-A/HT(fixed),0.8593995137262402,0.0755779348498764,0.936983225269425,0.9453531725996381,0.01,,A-modest
MAIN,0.75,0.25,400,dollars,HT,KS-2000,PPS-A/HT(fixed),0.8593995137262402,0.0755779348498764,0.9272398617571063,0.9294162277779907,0.0,,A-modest
MAIN,0.75,0.25,400,dollars,HT,MIS-G-10000,PPS-A/HT(fixed),0.8593995137262402,0.0755779348498764,0.9414067270803443,0.9417072495317209,0.0,,A-modest
MAIN,0.75,0.25,400,dollars,HT,MIS-G-2000,PPS-A/HT(fixed),0.8593995137262402,0.0755779348498764,0.9420753059094545,0.9432370874856746,0.0,,A-modest
MAIN,0.75,0.25,400,dollars,HT,MIS-I-2000,PPS-A/HT(fixed),0.8593995137262402,0.0755779348498764,0.929661680236462,0.9320641438471032,0.0,,A-modest
MAIN,0.75,0.25,400,dollars,DIFF,COR-10000,best conventional (EXP or DIFF),0.8660727426742191,0.017354761703172183,0.9828008101288758,0.9829419297054685,0.0,,A-conv
MAIN,0.75,0.25,400,dollars,DIFF,COR-2000,best conventional (EXP or DIFF),0.8660727426742191,0.017354761703172183,0.983613767715663,0.9843765067833418,0.0,,A-conv
MAIN,0.75,0.25,400,dollars,DIFF,COR-500,best conventional (EXP or DIFF),0.8660727426742191,0.017354761703172183,0.9897886533790065,0.9986540998900255,0.07,,A-conv
MAIN,0.75,0.25,400,dollars,DIFF,KS-2000,best conventional (EXP or DIFF),0.8660727426742191,0.017354761703172183,0.9838799871621506,0.9849480545025002,0.005,,A-conv
MAIN,0.75,0.25,400,dollars,DIFF,MIS-G-10000,best conventional (EXP or DIFF),0.8660727426742191,0.017354761703172183,0.9861888188017826,0.9862904790993516,0.0,,A-conv
MAIN,0.75,0.25,400,dollars,DIFF,MIS-G-2000,best conventional (EXP or DIFF),0.8660727426742191,0.017354761703172183,0.9864146814546166,0.9868332299842236,0.0,,A-conv
MAIN,0.75,0.25,400,dollars,DIFF,MIS-I-2000,best conventional (EXP or DIFF),0.8660727426742191,0.017354761703172183,0.985132293964886,0.986197656419245,0.0,,A-conv
MAIN,0.75,0.25,400,rate,HT,COR-10000,ST-PROP/EXP,0.0903353798915304,0.07550716346359898,0.9249354973070746,0.9253181111708403,0.0,,A-modest
MAIN,0.75,0.25,400,rate,HT,COR-2000,ST-PROP/EXP,0.0903353798915304,0.07550716346359898,0.9268363231527933,0.9286436735447875,0.0,,A-modest
MAIN,0.75,0.25,400,rate,HT,COR-500,ST-PROP/EXP,0.0903353798915304,0.07550716346359898,0.9373070906258849,0.9456028273611379,0.01,,A-modest
MAIN,0.75,0.25,400,rate,HT,KS-2000,ST-PROP/EXP,0.0903353798915304,0.07550716346359898,0.9275889387841328,0.9299534462998003,0.0,,A-modest
MAIN,0.75,0.25,400,rate,HT,MIS-G-10000,ST-PROP/EXP,0.0903353798915304,0.07550716346359898,0.9451891745340244,0.945478021869938,0.0,,A-modest
MAIN,0.75,0.25,400,rate,HT,MIS-G-2000,ST-PROP/EXP,0.0903353798915304,0.07550716346359898,0.9459701640153565,0.9472835620706168,0.0,,A-modest
MAIN,0.75,0.25,400,rate,HT,MIS-I-2000,ST-PROP/EXP,0.0903353798915304,0.07550716346359898,0.9301790391254708,0.932379392412503,0.0,,A-modest
MAIN,0.75,0.25,400,rate,DIFF,COR-10000,best conventional (EXP or DIFF),0.1264656373832843,0.028165662239858613,0.9720973002255348,0.9723002728555151,0.0,,A-conv
MAIN,0.75,0.25,400,rate,DIFF,COR-2000,best conventional (EXP or DIFF),0.1264656373832843,0.028165662239858613,0.973292138571553,0.974833857444849,0.0,,A-conv
MAIN,0.75,0.25,400,rate,DIFF,COR-500,best conventional (EXP or DIFF),0.1264656373832843,0.028165662239858613,0.9806717550621069,0.9906515329362762,0.025,,A-conv
MAIN,0.75,0.25,400,rate,DIFF,KS-2000,best conventional (EXP or DIFF),0.1264656373832843,0.028165662239858613,0.973639037934922,0.9751963814316683,0.0,,A-conv
MAIN,0.75,0.25,400,rate,DIFF,MIS-G-10000,best conventional (EXP or DIFF),0.1264656373832843,0.028165662239858613,0.9752509857698773,0.9754833740236357,0.0,,A-conv
MAIN,0.75,0.25,400,rate,DIFF,MIS-G-2000,best conventional (EXP or DIFF),0.1264656373832843,0.028165662239858613,0.9759006185607764,0.9769896460196966,0.0,,A-conv
MAIN,0.75,0.25,400,rate,DIFF,MIS-I-2000,best conventional (EXP or DIFF),0.1264656373832843,0.028165662239858613,0.9744512756718615,0.9761220694820748,0.0,,A-conv
MAIN,0.75,0.7,100,dollars,HT,COR-10000,PPS-A/HT(fixed),0.9317366921964977,0.02581605556219868,0.9743650284703869,0.9745301673768869,0.0,,A-conv
MAIN,0.75,0.7,100,dollars,HT,COR-2000,PPS-A/HT(fixed),0.9317366921964977,0.02581605556219868,0.9751053023748759,0.9759666444265631,0.0,,A-conv
MAIN,0.75,0.7,100,dollars,HT,COR-500,PPS-A/HT(fixed),0.9317366921964977,0.02581605556219868,0.9794999195937831,0.9863373119315758,0.02,,A-conv
MAIN,0.75,0.7,100,dollars,HT,KS-2000,PPS-A/HT(fixed),0.9317366921964977,0.02581605556219868,0.9752573582721841,0.9762114936877475,0.0,,A-conv
MAIN,0.75,0.7,100,dollars,HT,MIS-G-10000,PPS-A/HT(fixed),0.9317366921964977,0.02581605556219868,0.9787171232188231,0.9787938197562258,0.0,,A-conv
MAIN,0.75,0.7,100,dollars,HT,MIS-G-2000,PPS-A/HT(fixed),0.9317366921964977,0.02581605556219868,0.978999063824683,0.979476164425746,0.0,,A-conv
MAIN,0.75,0.7,100,dollars,HT,MIS-I-2000,PPS-A/HT(fixed),0.9317366921964977,0.02581605556219868,0.976060100700372,0.9767901315360641,0.0,,A-conv
MAIN,0.75,0.7,100,dollars,DIFF,COR-10000,best conventional (EXP or DIFF),0.9376214629251971,0.037824234246785826,0.962466127887076,0.9627743309515657,0.0,,A-conv
MAIN,0.75,0.7,100,dollars,DIFF,COR-2000,best conventional (EXP or DIFF),0.9376214629251971,0.037824234246785826,0.9638601637654848,0.9658015297832626,0.0,,A-conv
MAIN,0.75,0.7,100,dollars,DIFF,COR-500,best conventional (EXP or DIFF),0.9376214629251971,0.037824234246785826,0.9803619874246153,0.9834848144635495,0.05,,A-conv
MAIN,0.75,0.7,100,dollars,DIFF,KS-2000,best conventional (EXP or DIFF),0.9376214629251971,0.037824234246785826,0.9638863358600274,0.9653187424858726,0.0,,A-conv
MAIN,0.75,0.7,100,dollars,DIFF,MIS-G-10000,best conventional (EXP or DIFF),0.9376214629251971,0.037824234246785826,0.9738173917032046,0.9739472940901748,0.0,,A-conv
MAIN,0.75,0.7,100,dollars,DIFF,MIS-G-2000,best conventional (EXP or DIFF),0.9376214629251971,0.037824234246785826,0.9742567726101795,0.9749698784812967,0.0,,A-conv
MAIN,0.75,0.7,100,dollars,DIFF,MIS-I-2000,best conventional (EXP or DIFF),0.9376214629251971,0.037824234246785826,0.9661634549912764,0.9678432556975484,0.0,,A-conv
MAIN,0.75,0.7,100,rate,HT,COR-10000,ST-PROP/EXP,0.034857967429528514,0.017861652357490265,0.9823647769685112,0.982561410182085,0.0,,A
MAIN,0.75,0.7,100,rate,HT,COR-2000,ST-PROP/EXP,0.034857967429528514,0.017861652357490265,0.9832885135733,0.9843156368951463,0.0,,A
MAIN,0.75,0.7,100,rate,HT,COR-500,ST-PROP/EXP,0.034857967429528514,0.017861652357490265,0.9881811046478691,0.9945941238092706,0.035,,A
MAIN,0.75,0.7,100,rate,HT,KS-2000,ST-PROP/EXP,0.034857967429528514,0.017861652357490265,0.9834685788296195,0.9847269582179844,0.0,,A
MAIN,0.75,0.7,100,rate,HT,MIS-G-10000,ST-PROP/EXP,0.034857967429528514,0.017861652357490265,0.9882386451406631,0.9883650556543421,0.0,,A
MAIN,0.75,0.7,100,rate,HT,MIS-G-2000,ST-PROP/EXP,0.034857967429528514,0.017861652357490265,0.9886486257120036,0.9893377989333274,0.0,,A
MAIN,0.75,0.7,100,rate,HT,MIS-I-2000,ST-PROP/EXP,0.034857967429528514,0.017861652357490265,0.9844690587693752,0.9854075789704296,0.0,,A
MAIN,0.75,0.7,100,rate,DIFF,COR-10000,best conventional (EXP or DIFF),0.11197232500704468,0.02298257893759148,0.9773017497327363,0.9775505680593143,0.0,,A-conv
MAIN,0.75,0.7,100,rate,DIFF,COR-2000,best conventional (EXP or DIFF),0.11197232500704468,0.02298257893759148,0.9786984095445854,0.9807260114201114,0.0,,A-conv
MAIN,0.75,0.7,100,rate,DIFF,COR-500,best conventional (EXP or DIFF),0.11197232500704468,0.02298257893759148,0.9956474575368387,0.9967028935744265,0.085,,A-conv
MAIN,0.75,0.7,100,rate,DIFF,KS-2000,best conventional (EXP or DIFF),0.11197232500704468,0.02298257893759148,0.9786903235405484,0.9805293937937645,0.0,,A-conv
MAIN,0.75,0.7,100,rate,DIFF,MIS-G-10000,best conventional (EXP or DIFF),0.11197232500704468,0.02298257893759148,0.9862444999105676,0.9863783805916515,0.0,,A-conv
MAIN,0.75,0.7,100,rate,DIFF,MIS-G-2000,best conventional (EXP or DIFF),0.11197232500704468,0.02298257893759148,0.9867674246258388,0.9874798822656536,0.0,,A-conv
MAIN,0.75,0.7,100,rate,DIFF,MIS-I-2000,best conventional (EXP or DIFF),0.11197232500704468,0.02298257893759148,0.9806799583499799,0.9822587289217698,0.0,,A-conv
MAIN,0.75,0.7,400,dollars,HT,COR-10000,PPS-A/HT(fixed),0.9338933087934056,0.024195272323216943,0.9759943578219409,0.9762274897827693,0.0,,A-conv
MAIN,0.75,0.7,400,dollars,HT,COR-2000,PPS-A/HT(fixed),0.9338933087934056,0.024195272323216943,0.9767394811444378,0.9777081548464639,0.0,,A-conv
MAIN,0.75,0.7,400,dollars,HT,COR-500,PPS-A/HT(fixed),0.9338933087934056,0.024195272323216943,0.9812529424655804,0.9884184816145256,0.02,,A-conv
MAIN,0.75,0.7,400,dollars,HT,KS-2000,PPS-A/HT(fixed),0.9338933087934056,0.024195272323216943,0.9768881933298263,0.977891597414435,0.0,,A-conv
MAIN,0.75,0.7,400,dollars,HT,MIS-G-10000,PPS-A/HT(fixed),0.9338933087934056,0.024195272323216943,0.9801699439619226,0.9802754541698806,0.0,,A-conv
MAIN,0.75,0.7,400,dollars,HT,MIS-G-2000,PPS-A/HT(fixed),0.9338933087934056,0.024195272323216943,0.980460485952196,0.9809502948473109,0.0,,A-conv
MAIN,0.75,0.7,400,dollars,HT,MIS-I-2000,PPS-A/HT(fixed),0.9338933087934056,0.024195272323216943,0.9776795963620712,0.978545564872546,0.0,,A-conv
MAIN,0.75,0.7,400,dollars,DIFF,COR-10000,best conventional (EXP or DIFF),0.9398034421519418,0.03971742935806244,0.9605880185052247,0.9609097393990533,0.0,,A-conv
MAIN,0.75,0.7,400,dollars,DIFF,COR-2000,best conventional (EXP or DIFF),0.9398034421519418,0.03971742935806244,0.9620520640804351,0.9641006793570066,0.0,,A-conv
MAIN,0.75,0.7,400,dollars,DIFF,COR-500,best conventional (EXP or DIFF),0.9398034421519418,0.03971742935806244,0.97939041372974,0.9826664884265117,0.05,,A-conv
MAIN,0.75,0.7,400,dollars,DIFF,KS-2000,best conventional (EXP or DIFF),0.9398034421519418,0.03971742935806244,0.9620822363545547,0.9635828631154603,0.0,,A-conv
MAIN,0.75,0.7,400,dollars,DIFF,MIS-G-10000,best conventional (EXP or DIFF),0.9398034421519418,0.03971742935806244,0.9725102600025504,0.9726472608376859,0.0,,A-conv
MAIN,0.75,0.7,400,dollars,DIFF,MIS-G-2000,best conventional (EXP or DIFF),0.9398034421519418,0.03971742935806244,0.9729712139217223,0.9737149071207489,0.0,,A-conv
MAIN,0.75,0.7,400,dollars,DIFF,MIS-I-2000,best conventional (EXP or DIFF),0.9398034421519418,0.03971742935806244,0.9644713645375144,0.966235529583148,0.0,,A-conv
MAIN,0.75,0.7,400,rate,HT,COR-10000,ST-PROP/EXP,0.034332066756047164,0.019187328314239083,0.9810430145170401,0.9812280306070498,0.0,,A
MAIN,0.75,0.7,400,rate,HT,COR-2000,ST-PROP/EXP,0.034332066756047164,0.019187328314239083,0.9819715616436732,0.9830365824249406,0.0,,A
MAIN,0.75,0.7,400,rate,HT,COR-500,ST-PROP/EXP,0.034332066756047164,0.019187328314239083,0.9869024094687886,0.9933888641527074,0.035,,A
MAIN,0.75,0.7,400,rate,HT,KS-2000,ST-PROP/EXP,0.034332066756047164,0.019187328314239083,0.9821453891658131,0.9834401029512502,0.0,,A
MAIN,0.75,0.7,400,rate,HT,MIS-G-10000,ST-PROP/EXP,0.034332066756047164,0.019187328314239083,0.9868041916263449,0.9869168915642783,0.0,,A
MAIN,0.75,0.7,400,rate,HT,MIS-G-2000,ST-PROP/EXP,0.034332066756047164,0.019187328314239083,0.9872215397305992,0.9879111904653031,0.0,,A
MAIN,0.75,0.7,400,rate,HT,MIS-I-2000,ST-PROP/EXP,0.034332066756047164,0.019187328314239083,0.9831396699029458,0.9841388455921921,0.0,,A
MAIN,0.75,0.7,400,rate,DIFF,COR-10000,best conventional (EXP or DIFF),0.11231287632223552,0.02486820815308799,0.9753732275395984,0.9756338686371677,0.0,,A-conv
MAIN,0.75,0.7,400,rate,DIFF,COR-2000,best conventional (EXP or DIFF),0.11231287632223552,0.02486820815308799,0.976727184029317,0.9787999729725996,0.0,,A-conv
MAIN,0.75,0.7,400,rate,DIFF,COR-500,best conventional (EXP or DIFF),0.11231287632223552,0.02486820815308799,0.9938658036003869,0.9948894024991604,0.08,,A-conv
MAIN,0.75,0.7,400,rate,DIFF,KS-2000,best conventional (EXP or DIFF),0.11231287632223552,0.02486820815308799,0.9767233509386373,0.9785613334453979,0.0,,A-conv
MAIN,0.75,0.7,400,rate,DIFF,MIS-G-10000,best conventional (EXP or DIFF),0.11231287632223552,0.02486820815308799,0.9844085449180795,0.9845228019551572,0.0,,A-conv
MAIN,0.75,0.7,400,rate,DIFF,MIS-G-2000,best conventional (EXP or DIFF),0.11231287632223552,0.02486820815308799,0.9848663104677908,0.9855349505181084,0.0,,A-conv
MAIN,0.75,0.7,400,rate,DIFF,MIS-I-2000,best conventional (EXP or DIFF),0.11231287632223552,0.02486820815308799,0.9787302952010549,0.9803125931596702,0.0,,A-conv
MAIN,1.5,0.05,100,dollars,HT,COR-10000,PPS-A/HT(fixed),0.8982503785357857,0.36461666497127543,0.6372321741395675,0.6387739816750296,0.0,DEF-0.75,B
MAIN,1.5,0.05,100,dollars,HT,COR-2000,PPS-A/HT(fixed),0.8982503785357857,0.36461666497127543,0.6460340864500992,0.6565400340436147,0.0,DEF-0.75,B
MAIN,1.5,0.05,100,dollars,HT,COR-500,PPS-A/HT(fixed),0.8982503785357857,0.36461666497127543,1.1113614455495122,0.7711369944075827,0.025,DEF-0.75,C
MAIN,1.5,0.05,100,dollars,HT,KS-2000,PPS-A/HT(fixed),0.8982503785357857,0.36461666497127543,0.6483068423285065,0.6603377672749882,0.0,DEF-0.75,B
MAIN,1.5,0.05,100,dollars,HT,MIS-G-10000,PPS-A/HT(fixed),0.8982503785357857,0.36461666497127543,0.7340356371503186,0.7352988618320508,0.0,DEF-0.75,B
MAIN,1.5,0.05,100,dollars,HT,MIS-G-2000,PPS-A/HT(fixed),0.8982503785357857,0.36461666497127543,0.7368675987590061,0.7423570540568801,0.0,DEF-0.75,B
MAIN,1.5,0.05,100,dollars,HT,MIS-I-2000,PPS-A/HT(fixed),0.8982503785357857,0.36461666497127543,0.6650202638497406,0.679912920354682,0.0,DEF-0.75,B
MAIN,1.5,0.05,100,dollars,DIFF,COR-10000,best conventional (EXP or DIFF),0.9075107521771577,0.2255424340919483,0.7756934455858244,0.7769633529330618,0.0,DEF-0.75,B
MAIN,1.5,0.05,100,dollars,DIFF,COR-2000,best conventional (EXP or DIFF),0.9075107521771577,0.2255424340919483,0.7822664440892236,0.792456662035243,0.0,DEF-0.75,B
MAIN,1.5,0.05,100,dollars,DIFF,COR-500,best conventional (EXP or DIFF),0.9075107521771577,0.2255424340919483,1.2209755083895801,0.8860337756860437,0.035,,A-info
MAIN,1.5,0.05,100,dollars,DIFF,KS-2000,best conventional (EXP or DIFF),0.9075107521771577,0.2255424340919483,0.7839001750428747,0.7941051521587796,0.0,DEF-0.75,B
MAIN,1.5,0.05,100,dollars,DIFF,MIS-G-10000,best conventional (EXP or DIFF),0.9075107521771577,0.2255424340919483,0.8078172458990689,0.808955120096395,0.0,,B
MAIN,1.5,0.05,100,dollars,DIFF,MIS-G-2000,best conventional (EXP or DIFF),0.9075107521771577,0.2255424340919483,0.8090077449188289,0.813574840678122,0.0,,B
MAIN,1.5,0.05,100,dollars,DIFF,MIS-I-2000,best conventional (EXP or DIFF),0.9075107521771577,0.2255424340919483,0.7969622109887676,0.8137849170769482,0.0,DEF-0.75,B
MAIN,1.5,0.05,100,rate,HT,COR-10000,ST-PROP/EXP,0.4239772269287517,0.4218750779163346,0.5799024965139636,0.5814289443998522,0.0,DEF-0.25;DEF-0.5;DEF-0.75,B
MAIN,1.5,0.05,100,rate,HT,COR-2000,ST-PROP/EXP,0.4239772269287517,0.4218750779163346,0.588253682654432,0.5986559138103772,0.0,DEF-0.25;DEF-0.5;DEF-0.75,B
MAIN,1.5,0.05,100,rate,HT,COR-500,ST-PROP/EXP,0.4239772269287517,0.4218750779163346,0.8784447943939874,0.7073374853982839,0.03,DEF-0.25;DEF-0.5;DEF-0.75,B
MAIN,1.5,0.05,100,rate,HT,KS-2000,ST-PROP/EXP,0.4239772269287517,0.4218750779163346,0.590302212105217,0.6015136797989662,0.0,DEF-0.25;DEF-0.5;DEF-0.75,B
MAIN,1.5,0.05,100,rate,HT,MIS-G-10000,ST-PROP/EXP,0.4239772269287517,0.4218750779163346,0.7000082795743019,0.7024134802866344,0.0,DEF-0.25;DEF-0.5;DEF-0.75,B
MAIN,1.5,0.05,100,rate,HT,MIS-G-2000,ST-PROP/EXP,0.4239772269287517,0.4218750779163346,0.7031436255984995,0.7098611861756644,0.0,DEF-0.25;DEF-0.5;DEF-0.75,B
MAIN,1.5,0.05,100,rate,HT,MIS-I-2000,ST-PROP/EXP,0.4239772269287517,0.4218750779163346,0.6048985207528562,0.61663644869657,0.0,DEF-0.25;DEF-0.5;DEF-0.75,B
MAIN,1.5,0.05,100,rate,DIFF,COR-10000,best conventional (EXP or DIFF),0.4666194267309878,0.29825934975734214,0.7030614138584903,0.7044204972671857,0.0,DEF-0.25;DEF-0.5;DEF-0.75,B
MAIN,1.5,0.05,100,rate,DIFF,COR-2000,best conventional (EXP or DIFF),0.4666194267309878,0.29825934975734214,0.7100039433357253,0.7199856124032202,0.0,DEF-0.25;DEF-0.5;DEF-0.75,B
MAIN,1.5,0.05,100,rate,DIFF,COR-500,best conventional (EXP or DIFF),0.4666194267309878,0.29825934975734214,1.0134600359601165,0.8217360792879631,0.03,DEF-0.25;DEF-0.5;DEF-0.75,C
MAIN,1.5,0.05,100,rate,DIFF,KS-2000,best conventional (EXP or DIFF),0.4666194267309878,0.29825934975734214,0.7114859494564265,0.7217774427635912,0.0,DEF-0.25;DEF-0.5;DEF-0.75,B
MAIN,1.5,0.05,100,rate,DIFF,MIS-G-10000,best conventional (EXP or DIFF),0.4666194267309878,0.29825934975734214,0.746494688076245,0.7491054144789324,0.0,DEF-0.25;DEF-0.5;DEF-0.75,B
MAIN,1.5,0.05,100,rate,DIFF,MIS-G-2000,best conventional (EXP or DIFF),0.4666194267309878,0.29825934975734214,0.7485339506993018,0.7546882354538756,0.0,DEF-0.25;DEF-0.5;DEF-0.75,B
MAIN,1.5,0.05,100,rate,DIFF,MIS-I-2000,best conventional (EXP or DIFF),0.4666194267309878,0.29825934975734214,0.7204266457451538,0.7374004675373039,0.0,DEF-0.25;DEF-0.5;DEF-0.75,B
MAIN,1.5,0.05,400,dollars,HT,COR-10000,PPS-A/HT(fixed),0.9081387804970191,0.383045354567932,0.6189218352821207,0.6205550340098938,0.0,DEF-0.75,B
MAIN,1.5,0.05,400,dollars,HT,COR-2000,PPS-A/HT(fixed),0.9081387804970191,0.383045354567932,0.6282097090360225,0.6390953261275796,0.0,DEF-0.75,B
MAIN,1.5,0.05,400,dollars,HT,COR-500,PPS-A/HT(fixed),0.9081387804970191,0.383045354567932,1.1287247679386203,0.7625767646935309,0.025,DEF-0.75,C
MAIN,1.5,0.05,400,dollars,HT,KS-2000,PPS-A/HT(fixed),0.9081387804970191,0.383045354567932,0.6307221291716837,0.6430154584970621,0.0,DEF-0.75,B
MAIN,1.5,0.05,400,dollars,HT,MIS-G-10000,PPS-A/HT(fixed),0.9081387804970191,0.383045354567932,0.7195817071113746,0.7208195504390215,0.0,DEF-0.75,B
MAIN,1.5,0.05,400,dollars,HT,MIS-G-2000,PPS-A/HT(fixed),0.9081387804970191,0.383045354567932,0.7225384842939753,0.7278891018152011,0.0,DEF-0.75,B
MAIN,1.5,0.05,400,dollars,HT,MIS-I-2000,PPS-A/HT(fixed),0.9081387804970191,0.383045354567932,0.6487400088153836,0.6654425297022338,0.0,DEF-0.75,B
MAIN,1.5,0.05,400,dollars,DIFF,COR-10000,best conventional (EXP or DIFF),0.9159480524272091,0.24468436141196115,0.7566801824108934,0.7580395616472543,0.0,DEF-0.75,B
MAIN,1.5,0.05,400,dollars,DIFF,COR-2000,best conventional (EXP or DIFF),0.9159480524272091,0.24468436141196115,0.7639015787430646,0.7748037161600333,0.0,DEF-0.75,B
MAIN,1.5,0.05,400,dollars,DIFF,COR-500,best conventional (EXP or DIFF),0.9159480524272091,0.24468436141196115,1.2409274266298214,0.8765858829019857,0.035,,A-info
MAIN,1.5,0.05,400,dollars,DIFF,KS-2000,best conventional (EXP or DIFF),0.9159480524272091,0.24468436141196115,0.7656612125804911,0.7767083683698867,0.0,DEF-0.75,B
MAIN,1.5,0.05,400,dollars,DIFF,MIS-G-10000,best conventional (EXP or DIFF),0.9159480524272091,0.24468436141196115,0.7916873865725748,0.7928985920542481,0.0,,B
MAIN,1.5,0.05,400,dollars,DIFF,MIS-G-2000,best conventional (EXP or DIFF),0.9159480524272091,0.24468436141196115,0.793053661762898,0.7978988133640503,0.0,,B
MAIN,1.5,0.05,400,dollars,DIFF,MIS-I-2000,best conventional (EXP or DIFF),0.9159480524272091,0.24468436141196115,0.7797637742711296,0.7978098744867811,0.0,DEF-0.75,B
MAIN,1.5,0.05,400,rate,HT,COR-10000,ST-PROP/EXP,0.42841141921200754,0.41980752359038553,0.582024506882065,0.5835615219340919,0.0,DEF-0.25;DEF-0.5;DEF-0.75,B
MAIN,1.5,0.05,400,rate,HT,COR-2000,ST-PROP/EXP,0.42841141921200754,0.41980752359038553,0.5905869708954838,0.6013852686802393,0.0,DEF-0.25;DEF-0.5;DEF-0.75,B
MAIN,1.5,0.05,400,rate,HT,COR-500,ST-PROP/EXP,0.42841141921200754,0.41980752359038553,0.8885796623316286,0.7129631359342202,0.03,DEF-0.25;DEF-0.5;DEF-0.75,B
MAIN,1.5,0.05,400,rate,HT,KS-2000,ST-PROP/EXP,0.42841141921200754,0.41980752359038553,0.5927084771482596,0.6041104032591877,0.0,DEF-0.25;DEF-0.5;DEF-0.75,B
MAIN,1.5,0.05,400,rate,HT,MIS-G-10000,ST-PROP/EXP,0.42841141921200754,0.41980752359038553,0.7041977616794662,0.7066403086492076,0.0,DEF-0.25;DEF-0.5;DEF-0.75,B
MAIN,1.5,0.05,400,rate,HT,MIS-G-2000,ST-PROP/EXP,0.42841141921200754,0.41980752359038553,0.707412033404503,0.714285562602519,0.0,DEF-0.25;DEF-0.5;DEF-0.75,B
MAIN,1.5,0.05,400,rate,HT,MIS-I-2000,ST-PROP/EXP,0.42841141921200754,0.41980752359038553,0.6075714291887132,0.6198420087232264,0.0,DEF-0.25;DEF-0.5;DEF-0.75,B
MAIN,1.5,0.05,400,rate,DIFF,COR-10000,best conventional (EXP or DIFF),0.4700880454310894,0.30233298534884767,0.6991064610082546,0.7004870161797062,0.0,DEF-0.25;DEF-0.5;DEF-0.75,B
MAIN,1.5,0.05,400,rate,DIFF,COR-2000,best conventional (EXP or DIFF),0.4700880454310894,0.30233298534884767,0.7066106077309665,0.7168995117540254,0.0,DEF-0.25;DEF-0.5;DEF-0.75,B
MAIN,1.5,0.05,400,rate,DIFF,COR-500,best conventional (EXP or DIFF),0.4700880454310894,0.30233298534884767,1.0173624211484555,0.8204325480015523,0.035,DEF-0.25;DEF-0.5;DEF-0.75,C
MAIN,1.5,0.05,400,rate,DIFF,KS-2000,best conventional (EXP or DIFF),0.4700880454310894,0.30233298534884767,0.7081525712416338,0.7191893166545872,0.0,DEF-0.25;DEF-0.5;DEF-0.75,B
MAIN,1.5,0.05,400,rate,DIFF,MIS-G-10000,best conventional (EXP or DIFF),0.4700880454310894,0.30233298534884767,0.7432206914647103,0.7460210894753767,0.0,DEF-0.25;DEF-0.5;DEF-0.75,B
MAIN,1.5,0.05,400,rate,DIFF,MIS-G-2000,best conventional (EXP or DIFF),0.4700880454310894,0.30233298534884767,0.7456900398617585,0.7520180155268095,0.0,DEF-0.25;DEF-0.5;DEF-0.75,B
MAIN,1.5,0.05,400,rate,DIFF,MIS-I-2000,best conventional (EXP or DIFF),0.4700880454310894,0.30233298534884767,0.7171920574761214,0.7340139056415894,0.0,DEF-0.25;DEF-0.5;DEF-0.75,B
MAIN,1.5,0.25,100,dollars,HT,COR-10000,PPS-A/HT(fixed),0.889875570135132,0.19556927491901843,0.8048721330275367,0.8052576486099955,0.0,,B
MAIN,1.5,0.25,100,dollars,HT,COR-2000,PPS-A/HT(fixed),0.889875570135132,0.19556927491901843,0.8066265723291017,0.8084470926773802,0.0,,B
MAIN,1.5,0.25,100,dollars,HT,COR-500,PPS-A/HT(fixed),0.889875570135132,0.19556927491901843,0.8211808509169924,0.8262358530597333,0.01,,B
MAIN,1.5,0.25,100,dollars,HT,KS-2000,PPS-A/HT(fixed),0.889875570135132,0.19556927491901843,0.8072364212473387,0.8098975783602071,0.0,,B
MAIN,1.5,0.25,100,dollars,HT,MIS-G-10000,PPS-A/HT(fixed),0.889875570135132,0.19556927491901843,0.8470151326552268,0.8473314878795113,0.0,,B
MAIN,1.5,0.25,100,dollars,HT,MIS-G-2000,PPS-A/HT(fixed),0.889875570135132,0.19556927491901843,0.8476129989696433,0.8487497941798257,0.0,,B
MAIN,1.5,0.25,100,dollars,HT,MIS-I-2000,PPS-A/HT(fixed),0.889875570135132,0.19556927491901843,0.8141381870551686,0.8171845492906745,0.0,,B
MAIN,1.5,0.25,100,dollars,DIFF,COR-10000,best conventional (EXP or DIFF),0.906196863338186,0.05945311760985694,0.9408736442979699,0.9411131686077427,0.0,,A-modest
MAIN,1.5,0.25,100,dollars,DIFF,COR-2000,best conventional (EXP or DIFF),0.906196863338186,0.05945311760985694,0.9422730197211112,0.9439178896844956,0.0,,A-modest
MAIN,1.5,0.25,100,dollars,DIFF,COR-500,best conventional (EXP or DIFF),0.906196863338186,0.05945311760985694,0.9578699270782555,0.9643206859306381,0.045,,A-modest
MAIN,1.5,0.25,100,dollars,DIFF,KS-2000,best conventional (EXP or DIFF),0.906196863338186,0.05945311760985694,0.9425795092195248,0.944628464595814,0.0,,A-modest
MAIN,1.5,0.25,100,dollars,DIFF,MIS-G-10000,best conventional (EXP or DIFF),0.906196863338186,0.05945311760985694,0.961425712797439,0.96168465846618,0.0,,A-modest
MAIN,1.5,0.25,100,dollars,DIFF,MIS-G-2000,best conventional (EXP or DIFF),0.906196863338186,0.05945311760985694,0.9617857647188385,0.96263456464059,0.0,,A-modest
MAIN,1.5,0.25,100,dollars,DIFF,MIS-I-2000,best conventional (EXP or DIFF),0.906196863338186,0.05945311760985694,0.9490552244905693,0.951086390100588,0.0,,A-modest
MAIN,1.5,0.25,100,rate,HT,COR-10000,ST-PROP/EXP,0.25010489632621347,0.21806938161847567,0.7824091590672461,0.7827691031788634,0.0,DEF-0.5;DEF-0.75,B
MAIN,1.5,0.25,100,rate,HT,COR-2000,ST-PROP/EXP,0.25010489632621347,0.21806938161847567,0.7843879171775651,0.7863180031721853,0.0,DEF-0.5;DEF-0.75,B
MAIN,1.5,0.25,100,rate,HT,COR-500,ST-PROP/EXP,0.25010489632621347,0.21806938161847567,0.7976644036497228,0.8044973925433353,0.005,DEF-0.5;DEF-0.75,B
MAIN,1.5,0.25,100,rate,HT,KS-2000,ST-PROP/EXP,0.25010489632621347,0.21806938161847567,0.785157677324571,0.7882565678353146,0.0,DEF-0.5;DEF-0.75,B
MAIN,1.5,0.25,100,rate,HT,MIS-G-10000,ST-PROP/EXP,0.25010489632621347,0.21806938161847567,0.8405515398086895,0.8411285385111172,0.0,DEF-0.5;DEF-0.75,B
MAIN,1.5,0.25,100,rate,HT,MIS-G-2000,ST-PROP/EXP,0.25010489632621347,0.21806938161847567,0.8412691358832819,0.842772423106946,0.0,DEF-0.5;DEF-0.75,B
MAIN,1.5,0.25,100,rate,HT,MIS-I-2000,ST-PROP/EXP,0.25010489632621347,0.21806938161847567,0.791937906827682,0.7944041450775647,0.0,DEF-0.5;DEF-0.75,B
MAIN,1.5,0.25,100,rate,DIFF,COR-10000,best conventional (EXP or DIFF),0.34309906967496984,0.09905474728734276,0.9012921733309871,0.9015770065048775,0.0,,A-modest
MAIN,1.5,0.25,100,rate,DIFF,COR-2000,best conventional (EXP or DIFF),0.34309906967496984,0.09905474728734276,0.9027812293387278,0.9044519282095487,0.0,,A-modest
MAIN,1.5,0.25,100,rate,DIFF,COR-500,best conventional (EXP or DIFF),0.34309906967496984,0.09905474728734276,0.9197093542456908,0.927604521683262,0.02,,A-modest
MAIN,1.5,0.25,100,rate,DIFF,KS-2000,best conventional (EXP or DIFF),0.34309906967496984,0.09905474728734276,0.9032374527156887,0.9057428607796421,0.0,,A-modest
MAIN,1.5,0.25,100,rate,DIFF,MIS-G-10000,best conventional (EXP or DIFF),0.34309906967496984,0.09905474728734276,0.9211568790097613,0.9216843149275668,0.0,,A-modest
MAIN,1.5,0.25,100,rate,DIFF,MIS-G-2000,best conventional (EXP or DIFF),0.34309906967496984,0.09905474728734276,0.9215101558812975,0.9226807538149158,0.0,,A-modest
MAIN,1.5,0.25,100,rate,DIFF,MIS-I-2000,best conventional (EXP or DIFF),0.34309906967496984,0.09905474728734276,0.909591225312425,0.9111057706364447,0.0,,A-modest
MAIN,1.5,0.25,400,dollars,HT,COR-10000,PPS-A/HT(fixed),0.8951191080454343,0.19386381813821407,0.8065817275419771,0.8071631540237052,0.0,,B
MAIN,1.5,0.25,400,dollars,HT,COR-2000,PPS-A/HT(fixed),0.8951191080454343,0.19386381813821407,0.8083940397767775,0.8104323564568893,0.0,,B
MAIN,1.5,0.25,400,dollars,HT,COR-500,PPS-A/HT(fixed),0.8951191080454343,0.19386381813821407,0.8237586117781173,0.8294799614873873,0.01,,B
MAIN,1.5,0.25,400,dollars,HT,KS-2000,PPS-A/HT(fixed),0.8951191080454343,0.19386381813821407,0.8090367233101212,0.8118119000770339,0.0,,B
MAIN,1.5,0.25,400,dollars,HT,MIS-G-10000,PPS-A/HT(fixed),0.8951191080454343,0.19386381813821407,0.8489784340630512,0.8493579645879709,0.0,,B
MAIN,1.5,0.25,400,dollars,HT,MIS-G-2000,PPS-A/HT(fixed),0.8951191080454343,0.19386381813821407,0.8496029535265768,0.8506972063215277,0.0,,B
MAIN,1.5,0.25,400,dollars,HT,MIS-I-2000,PPS-A/HT(fixed),0.8951191080454343,0.19386381813821407,0.8164324937525792,0.8199947054286353,0.0,,B
MAIN,1.5,0.25,400,dollars,DIFF,COR-10000,best conventional (EXP or DIFF),0.9109679469984723,0.06333216919144535,0.9370191280202371,0.9372902685474289,0.0,,A-modest
MAIN,1.5,0.25,400,dollars,DIFF,COR-2000,best conventional (EXP or DIFF),0.9109679469984723,0.06333216919144535,0.9385225180335044,0.9403910280952122,0.0,,A-modest
MAIN,1.5,0.25,400,dollars,DIFF,COR-500,best conventional (EXP or DIFF),0.9109679469984723,0.06333216919144535,0.9551842976248701,0.9620603598209065,0.045,,A-modest
MAIN,1.5,0.25,400,dollars,DIFF,KS-2000,best conventional (EXP or DIFF),0.9109679469984723,0.06333216919144535,0.9388454888200893,0.941020568037242,0.0,,A-modest
MAIN,1.5,0.25,400,dollars,DIFF,MIS-G-10000,best conventional (EXP or DIFF),0.9109679469984723,0.06333216919144535,0.9589625184112822,0.9592350297610066,0.0,,A-modest
MAIN,1.5,0.25,400,dollars,DIFF,MIS-G-2000,best conventional (EXP or DIFF),0.9109679469984723,0.06333216919144535,0.9593526594033299,0.9602670752917832,0.0,,A-modest
MAIN,1.5,0.25,400,dollars,DIFF,MIS-I-2000,best conventional (EXP or DIFF),0.9109679469984723,0.06333216919144535,0.9457310729045675,0.9478966414625144,0.0,,A-modest
MAIN,1.5,0.25,400,rate,HT,COR-10000,ST-PROP/EXP,0.25081753427438735,0.2157400524313674,0.7847453411029196,0.7851331990534042,0.0,DEF-0.5;DEF-0.75,B
MAIN,1.5,0.25,400,rate,HT,COR-2000,ST-PROP/EXP,0.25081753427438735,0.2157400524313674,0.7867602258065228,0.7886807577893671,0.0,DEF-0.5;DEF-0.75,B
MAIN,1.5,0.25,400,rate,HT,COR-500,ST-PROP/EXP,0.25081753427438735,0.2157400524313674,0.800263967789368,0.8075298212748163,0.005,DEF-0.5;DEF-0.75,B
MAIN,1.5,0.25,400,rate,HT,KS-2000,ST-PROP/EXP,0.25081753427438735,0.2157400524313674,0.7875355126609108,0.7905697187853774,0.0,DEF-0.5;DEF-0.75,B
MAIN,1.5,0.25,400,rate,HT,MIS-G-10000,ST-PROP/EXP,0.25081753427438735,0.2157400524313674,0.8430557037828585,0.8436027351735793,0.0,DEF-0.5;DEF-0.75,B
MAIN,1.5,0.25,400,rate,HT,MIS-G-2000,ST-PROP/EXP,0.25081753427438735,0.2157400524313674,0.8437874298876197,0.8452107918810841,0.0,DEF-0.5;DEF-0.75,B
MAIN,1.5,0.25,400,rate,HT,MIS-I-2000,ST-PROP/EXP,0.25081753427438735,0.2157400524313674,0.7943581743390089,0.7969290028181193,0.0,DEF-0.5;DEF-0.75,B
MAIN,1.5,0.25,400,rate,DIFF,COR-10000,best conventional (EXP or DIFF),0.34420382744753686,0.10051013379015317,0.8999286706298842,0.9002959064456376,0.0,,B
MAIN,1.5,0.25,400,rate,DIFF,COR-2000,best conventional (EXP or DIFF),0.34420382744753686,0.10051013379015317,0.9018041201607222,0.9039392506119187,0.0,,A-info
MAIN,1.5,0.25,400,rate,DIFF,COR-500,best conventional (EXP or DIFF),0.34420382744753686,0.10051013379015317,0.9198539205473933,0.9267398510202276,0.02,,A-info
MAIN,1.5,0.25,400,rate,DIFF,KS-2000,best conventional (EXP or DIFF),0.34420382744753686,0.10051013379015317,0.902196325264938,0.9046943068435734,0.0,,A-info
MAIN,1.5,0.25,400,rate,DIFF,MIS-G-10000,best conventional (EXP or DIFF),0.34420382744753686,0.10051013379015317,0.920079686122122,0.9206595392755339,0.0,,A-info
MAIN,1.5,0.25,400,rate,DIFF,MIS-G-2000,best conventional (EXP or DIFF),0.34420382744753686,0.10051013379015317,0.9207203113826704,0.9223209751788328,0.0,,A-info
MAIN,1.5,0.25,400,rate,DIFF,MIS-I-2000,best conventional (EXP or DIFF),0.34420382744753686,0.10051013379015317,0.9087454443528824,0.9108169002693258,0.0,,A-info
MAIN,1.5,0.7,100,dollars,HT,COR-10000,PPS-A/HT(fixed),0.9484599410481858,0.07932243848540355,0.9210112364450169,0.9213153894098732,0.0,,A-modest
MAIN,1.5,0.7,100,dollars,HT,COR-2000,PPS-A/HT(fixed),0.9484599410481858,0.07932243848540355,0.9224879821001432,0.9240831848498087,0.0,,A-modest
MAIN,1.5,0.7,100,dollars,HT,COR-500,PPS-A/HT(fixed),0.9484599410481858,0.07932243848540355,0.9411676166593245,0.9386753605544389,0.015,,A-modest
MAIN,1.5,0.7,100,dollars,HT,KS-2000,PPS-A/HT(fixed),0.9484599410481858,0.07932243848540355,0.9225945818284162,0.9241158028381073,0.0,,A-modest
MAIN,1.5,0.7,100,dollars,HT,MIS-G-10000,PPS-A/HT(fixed),0.9484599410481858,0.07932243848540355,0.9350291318868603,0.9351815367792108,0.0,,A-modest
MAIN,1.5,0.7,100,dollars,HT,MIS-G-2000,PPS-A/HT(fixed),0.9484599410481858,0.07932243848540355,0.9354618089659482,0.936118736244198,0.0,,A-modest
MAIN,1.5,0.7,100,dollars,HT,MIS-I-2000,PPS-A/HT(fixed),0.9484599410481858,0.07932243848540355,0.9255547561537446,0.9269770024570713,0.0,,A-modest
MAIN,1.5,0.7,100,dollars,DIFF,COR-10000,best conventional (EXP or DIFF),0.961455929814293,0.13582771936103966,0.8646764441708581,0.8653007398663928,0.0,,B
MAIN,1.5,0.7,100,dollars,DIFF,COR-2000,best conventional (EXP or DIFF),0.961455929814293,0.13582771936103966,0.8670036822194089,0.8694777302110213,0.0,,B
MAIN,1.5,0.7,100,dollars,DIFF,COR-500,best conventional (EXP or DIFF),0.961455929814293,0.13582771936103966,0.8870951398084792,0.9035684569332559,0.02,,B
MAIN,1.5,0.7,100,dollars,DIFF,KS-2000,best conventional (EXP or DIFF),0.961455929814293,0.13582771936103966,0.8669347237177406,0.8694214762154088,0.0,,B
MAIN,1.5,0.7,100,dollars,DIFF,MIS-G-10000,best conventional (EXP or DIFF),0.961455929814293,0.13582771936103966,0.8972290680428859,0.8975606722592124,0.0,,B
MAIN,1.5,0.7,100,dollars,DIFF,MIS-G-2000,best conventional (EXP or DIFF),0.961455929814293,0.13582771936103966,0.8977685686697234,0.8988172785332158,0.0,,B
MAIN,1.5,0.7,100,dollars,DIFF,MIS-I-2000,best conventional (EXP or DIFF),0.961455929814293,0.13582771936103966,0.8725388932766123,0.875221629765299,0.0,,B
MAIN,1.5,0.7,100,rate,HT,COR-10000,ST-PROP/EXP,0.11424039786505569,0.07245175580486773,0.9279161024314736,0.9281994512781694,0.0,,A-modest
MAIN,1.5,0.7,100,rate,HT,COR-2000,ST-PROP/EXP,0.11424039786505569,0.07245175580486773,0.9293818640622704,0.9309244976285104,0.0,,A-modest
MAIN,1.5,0.7,100,rate,HT,COR-500,ST-PROP/EXP,0.11424039786505569,0.07245175580486773,0.9417682586581235,0.9453376633778259,0.01,,A-modest
MAIN,1.5,0.7,100,rate,HT,KS-2000,ST-PROP/EXP,0.11424039786505569,0.07245175580486773,0.9297075492438416,0.9311667966573132,0.0,,A-modest
MAIN,1.5,0.7,100,rate,HT,MIS-G-10000,ST-PROP/EXP,0.11424039786505569,0.07245175580486773,0.9488479808903927,0.949050544086662,0.0,,A-modest
MAIN,1.5,0.7,100,rate,HT,MIS-G-2000,ST-PROP/EXP,0.11424039786505569,0.07245175580486773,0.9494317638779128,0.9504627321520117,0.0,,A-modest
MAIN,1.5,0.7,100,rate,HT,MIS-I-2000,ST-PROP/EXP,0.11424039786505569,0.07245175580486773,0.9326707320990412,0.9345636465733269,0.0,,A-modest
MAIN,1.5,0.7,100,rate,DIFF,COR-10000,best conventional (EXP or DIFF),0.3096321585892672,0.07987666026670615,0.9206705739879659,0.9213916693196781,0.0,,A-modest
MAIN,1.5,0.7,100,rate,DIFF,COR-2000,best conventional (EXP or DIFF),0.3096321585892672,0.07987666026670615,0.9232466089028801,0.9259698037203553,0.0,,A-modest
MAIN,1.5,0.7,100,rate,DIFF,COR-500,best conventional (EXP or DIFF),0.3096321585892672,0.07987666026670615,0.9441123422324844,0.9637718206797189,0.045,,A-modest
MAIN,1.5,0.7,100,rate,DIFF,KS-2000,best conventional (EXP or DIFF),0.3096321585892672,0.07987666026670615,0.9230490279060996,0.9260446640585392,0.0,,A-modest
MAIN,1.5,0.7,100,rate,DIFF,MIS-G-10000,best conventional (EXP or DIFF),0.3096321585892672,0.07987666026670615,0.9483287948486856,0.9486189315658751,0.0,,A-modest
MAIN,1.5,0.7,100,rate,DIFF,MIS-G-2000,best conventional (EXP or DIFF),0.3096321585892672,0.07987666026670615,0.9489635446999602,0.9501005142927658,0.0,,A-modest
MAIN,1.5,0.7,100,rate,DIFF,MIS-I-2000,best conventional (EXP or DIFF),0.3096321585892672,0.07987666026670615,0.929734577686432,0.9322831876071689,0.0,,A-modest
MAIN,1.5,0.7,400,dollars,HT,COR-10000,PPS-A/HT(fixed),0.949586125329942,0.07626295664387417,0.924087090874211,0.9245024371974041,0.0,,A-modest
MAIN,1.5,0.7,400,dollars,HT,COR-2000,PPS-A/HT(fixed),0.949586125329942,0.07626295664387417,0.925617310936903,0.9275641472168031,0.0,,A-modest
MAIN,1.5,0.7,400,dollars,HT,COR-500,PPS-A/HT(fixed),0.949586125329942,0.07626295664387417,0.9448941964574997,0.943073977666313,0.015,,A-modest
MAIN,1.5,0.7,400,dollars,HT,KS-2000,PPS-A/HT(fixed),0.949586125329942,0.07626295664387417,0.9256623659788203,0.9273322096930992,0.0,,A-modest
MAIN,1.5,0.7,400,dollars,HT,MIS-G-10000,PPS-A/HT(fixed),0.949586125329942,0.07626295664387417,0.9378360967468682,0.9380603152624608,0.0,,A-modest
MAIN,1.5,0.7,400,dollars,HT,MIS-G-2000,PPS-A/HT(fixed),0.949586125329942,0.07626295664387417,0.9382591147314133,0.9389640885947649,0.0,,A-modest
MAIN,1.5,0.7,400,dollars,HT,MIS-I-2000,PPS-A/HT(fixed),0.949586125329942,0.07626295664387417,0.9285603130345756,0.9301878394907901,0.0,,A-modest
MAIN,1.5,0.7,400,dollars,DIFF,COR-10000,best conventional (EXP or DIFF),0.9626853163445105,0.14151166033187546,0.8590163318745375,0.859661370715257,0.0,,B
MAIN,1.5,0.7,400,dollars,DIFF,COR-2000,best conventional (EXP or DIFF),0.9626853163445105,0.14151166033187546,0.8614520730977224,0.8640597666417886,0.0,,B
MAIN,1.5,0.7,400,dollars,DIFF,COR-500,best conventional (EXP or DIFF),0.9626853163445105,0.14151166033187546,0.8824469548092521,0.8995341880584071,0.02,,B
MAIN,1.5,0.7,400,dollars,DIFF,KS-2000,best conventional (EXP or DIFF),0.9626853163445105,0.14151166033187546,0.861381016352768,0.8640909939882702,0.0,,B
MAIN,1.5,0.7,400,dollars,DIFF,MIS-G-10000,best conventional (EXP or DIFF),0.9626853163445105,0.14151166033187546,0.892968907163997,0.8933131854629561,0.0,,B
MAIN,1.5,0.7,400,dollars,DIFF,MIS-G-2000,best conventional (EXP or DIFF),0.9626853163445105,0.14151166033187546,0.8935415229792063,0.8946216764657715,0.0,,B
MAIN,1.5,0.7,400,dollars,DIFF,MIS-I-2000,best conventional (EXP or DIFF),0.9626853163445105,0.14151166033187546,0.8672008480767377,0.8700001436771194,0.0,,B
MAIN,1.5,0.7,400,rate,HT,COR-10000,ST-PROP/EXP,0.11291081479416643,0.07456883644703038,0.9258015548898926,0.9261064281759266,0.0,,A-modest
MAIN,1.5,0.7,400,rate,HT,COR-2000,ST-PROP/EXP,0.11291081479416643,0.07456883644703038,0.9272811434371584,0.9289515769475205,0.0,,A-modest
MAIN,1.5,0.7,400,rate,HT,COR-500,ST-PROP/EXP,0.11291081479416643,0.07456883644703038,0.9397616195638544,0.9437197827774362,0.01,,A-modest
MAIN,1.5,0.7,400,rate,HT,KS-2000,ST-PROP/EXP,0.11291081479416643,0.07456883644703038,0.9275983280223212,0.9292136267955824,0.0,,A-modest
MAIN,1.5,0.7,400,rate,HT,MIS-G-10000,ST-PROP/EXP,0.11291081479416643,0.07456883644703038,0.9464399235225032,0.9466589882751133,0.0,,A-modest
MAIN,1.5,0.7,400,rate,HT,MIS-G-2000,ST-PROP/EXP,0.11291081479416643,0.07456883644703038,0.9470269824153654,0.9480937386673945,0.0,,A-modest
MAIN,1.5,0.7,400,rate,HT,MIS-I-2000,ST-PROP/EXP,0.11291081479416643,0.07456883644703038,0.9305399690606354,0.932546164219877,0.0,,A-modest
MAIN,1.5,0.7,400,rate,DIFF,COR-10000,best conventional (EXP or DIFF),0.3105832212680172,0.0838907948985903,0.9166140093164279,0.9173877096381831,0.0,,A-modest
MAIN,1.5,0.7,400,rate,DIFF,COR-2000,best conventional (EXP or DIFF),0.3105832212680172,0.0838907948985903,0.9191353953231781,0.9219652759485218,0.0,,A-modest
MAIN,1.5,0.7,400,rate,DIFF,COR-500,best conventional (EXP or DIFF),0.3105832212680172,0.0838907948985903,0.9401896320615809,0.9600426862729666,0.045,,A-modest
MAIN,1.5,0.7,400,rate,DIFF,KS-2000,best conventional (EXP or DIFF),0.3105832212680172,0.0838907948985903,0.9189350292414314,0.9219880748567884,0.0,,A-modest
MAIN,1.5,0.7,400,rate,DIFF,MIS-G-10000,best conventional (EXP or DIFF),0.3105832212680172,0.0838907948985903,0.9445007474426719,0.9447424458208796,0.0,,A-modest
MAIN,1.5,0.7,400,rate,DIFF,MIS-G-2000,best conventional (EXP or DIFF),0.3105832212680172,0.0838907948985903,0.9450508878776545,0.9460736151237668,0.0,,A-modest
MAIN,1.5,0.7,400,rate,DIFF,MIS-I-2000,best conventional (EXP or DIFF),0.3105832212680172,0.0838907948985903,0.9257095737640784,0.928297122531601,0.0,,A-modest
STRATCAP,0.0,0.05,100,dollars,HT,STRAT-2000,PPS-A/HT(fixed),0.7442649006622684,1.1102230246251565e-16,43.71855158502317,352.4857689177714,1.0,,A-conv
STRATCAP,0.0,0.05,100,dollars,DIFF,STRAT-2000,best conventional (EXP or DIFF),0.7442649006622684,1.1102230246251565e-16,42.533854398395476,344.70877003425085,1.0,,A-conv
STRATCAP,0.0,0.05,100,rate,HT,STRAT-2000,SRSWOR/EXP,5.0000000000105516e-05,5.0000000000105516e-05,6.634104826329904,48.56608432712305,1.0,,A
STRATCAP,0.0,0.05,100,rate,DIFF,STRAT-2000,best conventional (EXP or DIFF),5.0000000000105516e-05,5.0000000000105516e-05,6.4891130007430196,47.51781826008035,1.0,,A
STRATCAP,0.0,0.05,400,dollars,HT,STRAT-2000,PPS-A/HT(fixed),0.7550802406003463,5.551115123125783e-16,46.28733992873119,373.62236850221353,1.0,,A-conv
STRATCAP,0.0,0.05,400,dollars,DIFF,STRAT-2000,best conventional (EXP or DIFF),0.7550802406003463,5.551115123125783e-16,45.03106569660092,365.3776174865506,1.0,,A-conv
STRATCAP,0.0,0.05,400,rate,HT,STRAT-2000,SRSWOR/EXP,5.0000000000105516e-05,5.0000000000105516e-05,6.720332995697129,49.29411374095805,1.0,,A
STRATCAP,0.0,0.05,400,rate,DIFF,STRAT-2000,best conventional (EXP or DIFF),4.999999999999449e-05,4.999999999999449e-05,6.5731026298636435,48.229789280111014,1.0,,A
STRATCAP,0.0,0.25,100,dollars,HT,STRAT-2000,PPS-A/HT(fixed),0.7864470027960077,3.3306690738754696e-16,1.006867120837753,1.015268531866426,1.0,,A-conv
STRATCAP,0.0,0.25,100,dollars,DIFF,STRAT-2000,best conventional (EXP or DIFF),0.7864470027960075,0.0,1.0087783779651929,1.0201144510834013,1.0,,A-conv
STRATCAP,0.0,0.25,100,rate,HT,STRAT-2000,SRSWOR/EXP,4.9999999999661426e-05,4.9999999999661426e-05,1.0019672123919037,1.0039782111607791,0.995,,A
STRATCAP,0.0,0.25,100,rate,DIFF,STRAT-2000,best conventional (EXP or DIFF),4.999999999999449e-05,4.999999999999449e-05,1.0025844618595763,1.0050884239540825,0.995,,A
STRATCAP,0.0,0.25,400,dollars,HT,STRAT-2000,PPS-A/HT(fixed),0.7954784117247694,0.0,1.0071052306295183,1.0157812097162293,1.0,,A-conv
STRATCAP,0.0,0.25,400,dollars,DIFF,STRAT-2000,best conventional (EXP or DIFF),0.7954784117247693,-2.220446049250313e-16,1.0086306787479877,1.0197615937574858,1.0,,A-conv
STRATCAP,0.0,0.25,400,rate,HT,STRAT-2000,SRSWOR/EXP,4.999999999999449e-05,4.999999999999449e-05,1.0019907182322667,1.0040262084848377,0.995,,A
STRATCAP,0.0,0.25,400,rate,DIFF,STRAT-2000,best conventional (EXP or DIFF),4.999999999999449e-05,4.999999999999449e-05,1.0025958705991653,1.005110274870924,0.995,,A
STRATCAP,0.0,0.7,100,dollars,HT,STRAT-2000,PPS-A/HT(fixed),0.9018250809788617,0.0,1.002288773684695,1.0048641732584456,1.0,,A-conv
STRATCAP,0.0,0.7,100,dollars,DIFF,STRAT-2000,best conventional (EXP or DIFF),0.9018250809788618,1.1102230246251565e-16,1.0074714849217883,1.0153991803927294,1.0,,A-conv
STRATCAP,0.0,0.7,100,rate,HT,STRAT-2000,SRSWOR/EXP,5.000000000021654e-05,5.000000000021654e-05,1.0006886384841152,1.0012933901460823,1.0,,A
STRATCAP,0.0,0.7,100,rate,DIFF,STRAT-2000,best conventional (EXP or DIFF),5.000000000043858e-05,5.000000000043858e-05,1.0024320242133444,1.004681977634332,1.0,,A
STRATCAP,0.0,0.7,400,dollars,HT,STRAT-2000,PPS-A/HT(fixed),0.905977014465335,0.0,1.0022608752117008,1.0046838056374265,1.0,,A-conv
STRATCAP,0.0,0.7,400,dollars,DIFF,STRAT-2000,best conventional (EXP or DIFF),0.9059770144653351,3.3306690738754696e-16,1.0072817320325518,1.0149077225288425,1.0,,A-conv
STRATCAP,0.0,0.7,400,rate,HT,STRAT-2000,SRSWOR/EXP,4.9999999998662226e-05,4.9999999998662226e-05,1.0006921196500216,1.001299466185396,1.0,,A
STRATCAP,0.0,0.7,400,rate,DIFF,STRAT-2000,best conventional (EXP or DIFF),5.000000000032756e-05,5.000000000032756e-05,1.0024389562710503,1.0046961409006114,1.0,,A
STRATCAP,0.75,0.05,100,dollars,HT,STRAT-2000,PPS-A/HT(fixed),0.8978118847739035,0.19433144197374563,0.815388806593739,0.8238939983883329,0.0,,B
STRATCAP,0.75,0.05,100,dollars,DIFF,STRAT-2000,best conventional (EXP or DIFF),0.9008549610179202,0.13031739572658096,0.8735597517753086,0.8801405713523681,0.0,,B
STRATCAP,0.75,0.05,100,rate,HT,STRAT-2000,ST-PROP/EXP,0.1803511351321404,0.1402568769895146,0.867412566867266,0.8755728194667144,0.0,DEF-0.5;DEF-0.75,B
STRATCAP,0.75,0.05,100,rate,DIFF,STRAT-2000,best conventional (EXP or DIFF),0.19519484207148163,0.1357684265416682,0.8683504340775667,0.8754747351561899,0.0,DEF-0.5;DEF-0.75,B
STRATCAP,0.75,0.05,400,dollars,HT,STRAT-2000,PPS-A/HT(fixed),0.9077863854208433,0.20594763401878635,0.8045867638025874,0.8132523921670136,0.0,,B
STRATCAP,0.75,0.05,400,dollars,DIFF,STRAT-2000,best conventional (EXP or DIFF),0.9104522889188128,0.14402416726410028,0.8603679669611587,0.8675558038575546,0.0,,B
STRATCAP,0.75,0.05,400,rate,HT,STRAT-2000,ST-PROP/EXP,0.18245949751587998,0.11957931763754648,0.8884105025050004,0.8968946078578036,0.0,DEF-0.75,B
STRATCAP,0.75,0.05,400,rate,DIFF,STRAT-2000,best conventional (EXP or DIFF),0.1971289161684856,0.13537701761784604,0.8734188733230941,0.8827028865034832,0.0,DEF-0.5;DEF-0.75,B
STRATCAP,0.75,0.25,100,dollars,HT,STRAT-2000,PPS-A/HT(fixed),0.9067001253995192,0.12576984209652975,0.8761839954082481,0.878302812437864,0.0,,B
STRATCAP,0.75,0.25,100,dollars,DIFF,STRAT-2000,best conventional (EXP or DIFF),0.916883542750491,0.012542543472100043,0.9904164123339221,0.9942087559014473,0.04,,A-conv
STRATCAP,0.75,0.25,100,rate,HT,STRAT-2000,ST-PROP/EXP,0.09636633417486884,-0.036741987151440725,1.0380261216006752,1.0393759916622434,1.0,,A-conv
STRATCAP,0.75,0.25,100,rate,DIFF,STRAT-2000,best conventional (EXP or DIFF),0.14554386797377628,0.01640267755167968,0.9845006680551718,0.9862866134829255,0.0,,A-conv
STRATCAP,0.75,0.25,400,dollars,HT,STRAT-2000,PPS-A/HT(fixed),0.9104688760465214,0.11976452258330494,0.8821933890184539,0.8849240955351353,0.0,,B
STRATCAP,0.75,0.25,400,dollars,DIFF,STRAT-2000,best conventional (EXP or DIFF),0.9203111444405453,0.013273413175343918,0.9898445202271045,0.9939281108374537,0.04,,A-conv
STRATCAP,0.75,0.25,400,rate,HT,STRAT-2000,ST-PROP/EXP,0.09646339145152472,-0.03997395418930383,1.0412760247813762,1.042676612704174,1.0,,A-conv
STRATCAP,0.75,0.25,400,rate,DIFF,STRAT-2000,best conventional (EXP or DIFF),0.14576126727577887,0.016652934251043527,0.9862441206580109,0.9892422821547932,0.0,,A-conv
STRATCAP,0.75,0.7,100,dollars,HT,STRAT-2000,PPS-A/HT(fixed),0.9527560915453607,0.03686888641270358,0.9639800938534134,0.9648085409917654,0.0,,A-conv
STRATCAP,0.75,0.7,100,dollars,DIFF,STRAT-2000,best conventional (EXP or DIFF),0.9615568642774996,0.11100369531160614,34.44715916189282,145.19903605746654,0.25,,A-info
STRATCAP,0.75,0.7,100,rate,HT,STRAT-2000,ST-PROP/EXP,0.020854948923913597,-0.050633805218078365,1.0509970272283236,1.051407031125164,1.0,,A
STRATCAP,0.75,0.7,100,rate,DIFF,STRAT-2000,best conventional (EXP or DIFF),0.09416644493909532,0.028030265993853942,4.379579873305209,15.520817629353957,0.245,,A-conv
STRATCAP,0.75,0.7,400,dollars,HT,STRAT-2000,PPS-A/HT(fixed),0.9532698746902714,0.033073381750117425,0.9677850401969149,0.9686726195240151,0.0,,A-conv
STRATCAP,0.75,0.7,400,dollars,DIFF,STRAT-2000,best conventional (EXP or DIFF),0.9621274733026655,0.11401536227264852,35.35999774240576,149.12978454558208,0.25,,A-info
STRATCAP,0.75,0.7,400,rate,HT,STRAT-2000,ST-PROP/EXP,0.020468322423910834,-0.04447435508290121,1.0448397900407578,1.045247457712941,1.0,,A
STRATCAP,0.75,0.7,400,rate,DIFF,STRAT-2000,best conventional (EXP or DIFF),0.09464649593396679,0.03402929388824372,4.40380724030994,15.644497559837339,0.235,,A-conv
STRATCAP,1.5,0.05,100,dollars,HT,STRAT-2000,ST-EQD/EXP,0.9465385179091114,0.3384054091788735,0.6704926604410016,0.6787998958620783,0.0,DEF-0.75,B
STRATCAP,1.5,0.05,100,dollars,DIFF,STRAT-2000,best conventional (EXP or DIFF),0.9540399966822739,0.24302885782774097,0.7622936286032495,0.7702263747698688,0.0,DEF-0.75,B
STRATCAP,1.5,0.05,100,rate,HT,STRAT-2000,ST-EQD/EXP,0.5503193942743285,0.05147938730741064,0.9718623415879404,1.0062913354892125,0.11,,A-modest
STRATCAP,1.5,0.05,100,rate,DIFF,STRAT-2000,best conventional (EXP or DIFF),0.5931927881978456,0.1419131248418991,0.8806379300494994,0.9109840706168754,0.0,DEF-0.75,B
STRATCAP,1.5,0.05,400,dollars,HT,STRAT-2000,ST-EQD/EXP,0.9527710917211072,0.36417596893939297,0.6456394827822713,0.6575789686469098,0.0,DEF-0.75,B
STRATCAP,1.5,0.05,400,dollars,DIFF,STRAT-2000,best conventional (EXP or DIFF),0.9593201896126844,0.26898985847053136,0.7370044842898398,0.7457504811226745,0.0,DEF-0.75,B
STRATCAP,1.5,0.05,400,rate,HT,STRAT-2000,ST-EQD/EXP,0.5557664085400624,0.05630557817721449,0.9676244136352214,1.0030917424425685,0.105,,A-modest
STRATCAP,1.5,0.05,400,rate,DIFF,STRAT-2000,best conventional (EXP or DIFF),0.5975683597706205,0.1451063103954654,0.8778033471651915,0.9088549067909001,0.0,DEF-0.75,B
STRATCAP,1.5,0.25,100,dollars,HT,STRAT-2000,ST-EQD/EXP,0.9393575866968371,0.08652294484366219,0.9913987440220482,1.2625188655469073,0.22,,A-modest
STRATCAP,1.5,0.25,100,dollars,DIFF,STRAT-2000,best conventional (EXP or DIFF),0.9612038241167228,0.11350065255049291,1.0138532295618041,1.438338137375928,0.22,,A-info
STRATCAP,1.5,0.25,100,rate,HT,STRAT-2000,ST-PROP/EXP,0.2659261831987618,-0.15948803205301387,1.2530361802970675,1.5794461416750745,1.0,,A-conv
STRATCAP,1.5,0.25,100,rate,DIFF,STRAT-2000,best conventional (EXP or DIFF),0.4051223323952883,0.06037578192216653,1.0833138858081832,1.5794461416750747,0.22,,A-modest
STRATCAP,1.5,0.25,400,dollars,HT,STRAT-2000,ST-EQD/EXP,0.940383427939669,0.06308997157535101,1.0121094374700987,1.2741560102371832,0.22,,A-modest
STRATCAP,1.5,0.25,400,dollars,DIFF,STRAT-2000,best conventional (EXP or DIFF),0.9620459528584214,0.11729170118780463,1.010701572931834,1.4364148860686359,0.22,,A-info
STRATCAP,1.5,0.25,400,rate,HT,STRAT-2000,ST-PROP/EXP,0.2659955029338523,-0.15565921997435428,1.2489282049945623,1.5743792328689425,1.0,,A-conv
STRATCAP,1.5,0.25,400,rate,DIFF,STRAT-2000,best conventional (EXP or DIFF),0.4057208168517583,0.06267580511015691,1.079429217967669,1.5743792328689425,0.22,,A-modest
STRATCAP,1.5,0.7,100,dollars,HT,STRAT-2000,PPS-A/HT(fixed),0.9652748743402031,0.07542125016188395,0.9474829518737465,0.9999999999999999,0.0,,A-modest
STRATCAP,1.5,0.7,100,dollars,DIFF,STRAT-2000,best conventional (EXP or DIFF),0.9812281000134866,0.25777034305524693,11.345600395737215,12.977526324123266,0.65,,A-info
STRATCAP,1.5,0.7,100,rate,HT,STRAT-2000,ST-PROP/EXP,0.04480973122263965,-0.11211654005712712,1.1279052941136034,1.1642297567096842,1.0,,A
STRATCAP,1.5,0.7,100,rate,DIFF,STRAT-2000,best conventional (EXP or DIFF),0.2249026194190068,0.0975634433520437,2.2774708378265958,1.8233790456803574,0.935,,A-modest
STRATCAP,1.5,0.7,400,dollars,HT,STRAT-2000,PPS-A/HT(fixed),0.965200306910825,0.07052042971459094,0.9508831362328419,1.0,0.0,,A-modest
STRATCAP,1.5,0.7,400,dollars,DIFF,STRAT-2000,best conventional (EXP or DIFF),0.9813278511980154,0.261714445012204,11.53929466655072,13.252516605519265,0.645,,A-info
STRATCAP,1.5,0.7,400,rate,HT,STRAT-2000,ST-PROP/EXP,0.043977924140522706,-0.1040571891836195,1.1194316970509812,1.1547871269935341,1.0,,A
STRATCAP,1.5,0.7,400,rate,DIFF,STRAT-2000,best conventional (EXP or DIFF),0.2262856710077632,0.10605860899066988,2.2778057537879444,1.8209627293059412,0.935,,A-info
