estimand,sigma,prevalence,info,oracle_gain_vs_bestconv,rel_bestconv_mean,rel_bestconv_median,rel_bestconv_p90,share_worse_than_bestconv,share_oracle_gain_recovered_median
dollars,0.75,0.05,COR-10000,0.138865056091841,0.863178438805232,0.862766042467286,0.8648937229700483,0.0,0.9882540748188782
dollars,0.75,0.05,COR-2000,0.138865056091841,0.8718185160058753,0.870130780444664,0.8820372567057194,0.0,0.9352188607438044
dollars,0.75,0.05,COR-500,0.138865056091841,4.171087381932133,0.9047956886868284,1.0014017668064654,0.105,0.6855886858260907
dollars,0.75,0.05,KS-2000,0.138865056091841,0.8751486085217955,0.8734311741448519,0.8856677131714036,0.0,0.9114519477919586
dollars,0.75,0.05,MIS-G-10000,0.138865056091841,0.8992211377823474,0.8988917790484574,0.9005200366875072,0.0,0.7281041307085404
dollars,0.75,0.05,MIS-G-2000,0.138865056091841,0.9023268160971234,0.9012729591157422,0.9074082652885777,0.0,0.7109566917897818
dollars,0.75,0.05,MIS-I-2000,0.138865056091841,0.877708768867971,0.8758701691943351,0.8872160164313712,0.0,0.8938881695591531
rate,0.75,0.05,COR-10000,0.1459719709988489,0.8561279429282977,0.8557382318234202,0.8578180075182233,0.0,0.9882840328141995
rate,0.75,0.05,COR-2000,0.1459719709988489,0.8649036743750357,0.8631296067260291,0.8753927908643973,0.0,0.9376484563262505
rate,0.75,0.05,COR-500,0.1459719709988489,3.481134994217431,0.9013641407703896,1.0096767427766309,0.11,0.6757178008536187
rate,0.75,0.05,KS-2000,0.1459719709988489,0.8683479167633159,0.8667189145518923,0.8787488201230611,0.0,0.9130594355621786
rate,0.75,0.05,MIS-G-10000,0.1459719709988489,0.8950768497243453,0.894707042390239,0.8963325902111722,0.0,0.7213231203858397
rate,0.75,0.05,MIS-G-2000,0.1459719709988489,0.8983370478135084,0.8972286573206301,0.9039882175608006,0.0,0.704048468867906
rate,0.75,0.05,MIS-I-2000,0.1459719709988489,0.8709976249835263,0.8696077574981966,0.8809781218775803,0.0,0.8932690406902268
dollars,0.75,0.25,COR-10000,0.076197214885935,0.9241815937955634,0.92411178390961,0.924504968275928,0.0,0.9959447494766366
dollars,0.75,0.25,COR-2000,0.076197214885935,0.925858531049911,0.92545851237739,0.9274959557790964,0.0,0.9782705015425623
dollars,0.75,0.25,COR-500,0.076197214885935,0.9357601291150598,0.932223865082467,0.9432087229585184,0.01,0.889483100123697
dollars,0.75,0.25,KS-2000,0.076197214885935,0.9265294892980132,0.9260429940930776,0.9287478291944044,0.0,0.9705998574571776
dollars,0.75,0.25,MIS-G-10000,0.076197214885935,0.9407571730290054,0.9406886092170406,0.940999067791816,0.0,0.7783931587492646
dollars,0.75,0.25,MIS-G-2000,0.076197214885935,0.9414136609359236,0.9411410631155216,0.9425479329347594,0.0,0.7724552265143616
dollars,0.75,0.25,MIS-I-2000,0.076197214885935,0.9288675355825358,0.9283983704698758,0.9311334612913784,0.0,0.9396882764981594
rate,0.75,0.25,COR-10000,0.077990293291159,0.9224474636917208,0.9223719361671474,0.9228681382869378,0.0,0.9953554545954314
rate,0.75,0.25,COR-2000,0.077990293291159,0.9243235305315656,0.9239872069442654,0.9261020870853884,0.0,0.974644277486663
rate,0.75,0.25,COR-500,0.077990293291159,0.9346262918477856,0.931747443375009,0.9428689365481588,0.01,0.8751416842373652
rate,0.75,0.25,KS-2000,0.077990293291159,0.9250676041116844,0.924521566718112,0.9274321049682718,0.0,0.9677926585056735
rate,0.75,0.25,MIS-G-10000,0.077990293291159,0.9426505139982412,0.9425926627711928,0.942939027716292,0.0,0.736083104784463
rate,0.75,0.25,MIS-G-2000,0.077990293291159,0.9434210101057128,0.943068407488752,0.94466828556368,0.0,0.7299830544130266
rate,0.75,0.25,MIS-I-2000,0.077990293291159,0.9276541769587462,0.9272883660393518,0.9297497629596798,0.0,0.9323164575006256
dollars,0.75,0.7,COR-10000,0.0258160555621986,0.9743650284703868,0.9743183708191598,0.9745301673768868,0.0,0.9947929155546412
dollars,0.75,0.7,COR-2000,0.0258160555621986,0.975105302374876,0.9748887337611976,0.9759666444265632,0.0,0.9726995736549253
dollars,0.75,0.7,COR-500,0.0258160555621986,0.9794999195937832,0.97729978808513,0.9863373119315758,0.02,0.8793059753136352
dollars,0.75,0.7,KS-2000,0.0258160555621986,0.975257358272184,0.9750709747605104,0.9762114936877476,0.0,0.9656403620385813
dollars,0.75,0.7,MIS-G-10000,0.0258160555621986,0.9787171232188232,0.9786946847090928,0.9787938197562258,0.0,0.8252738393584682
dollars,0.75,0.7,MIS-G-2000,0.0258160555621986,0.978999063824683,0.9788799996482912,0.979476164425746,0.0,0.8180955568841414
dollars,0.75,0.7,MIS-I-2000,0.0258160555621986,0.976060100700372,0.9759268688148156,0.976790131536064,0.0,0.9324868056308997
rate,0.75,0.7,COR-10000,0.0178616523574902,0.9823647769685112,0.9823337829385697,0.982561410182085,0.0,0.9890583865283942
rate,0.75,0.7,COR-2000,0.0178616523574902,0.9832885135733,0.9830406840744448,0.9843156368951465,0.0,0.949481917245098
rate,0.75,0.7,COR-500,0.0178616523574902,0.9881811046478692,0.9862421286722964,0.9945941238092706,0.035,0.7702462825022045
rate,0.75,0.7,KS-2000,0.0178616523574902,0.9834685788296196,0.9832532245733324,0.9847269582179844,0.0,0.9375826542523038
rate,0.75,0.7,MIS-G-10000,0.0178616523574902,0.9882386451406632,0.9882005382854002,0.988365055654342,0.0,0.6606030325997096
rate,0.75,0.7,MIS-G-2000,0.0178616523574902,0.9886486257120036,0.9884931705683196,0.9893377989333274,0.0,0.6442197620566174
rate,0.75,0.7,MIS-I-2000,0.0178616523574902,0.9844690587693752,0.9842601248613476,0.9854075789704296,0.0,0.8812104739039969
dollars,1.5,0.05,COR-10000,0.3646166649712754,0.6372321741395675,0.6368970498593385,0.6387739816750296,0.0,0.9958484760132039
dollars,1.5,0.05,COR-2000,0.3646166649712754,0.6460340864500992,0.642874156351971,0.6565400340436147,0.0,0.979455625474945
dollars,1.5,0.05,COR-500,0.3646166649712754,1.1113614455495122,0.6736175019809216,0.7711369944075827,0.025,0.895138728902561
dollars,1.5,0.05,KS-2000,0.3646166649712754,0.6483068423285065,0.6455174884204526,0.6603377672749882,0.0,0.9722060060186049
dollars,1.5,0.05,MIS-G-10000,0.3646166649712754,0.7340356371503186,0.7337923619672777,0.7352988618320508,0.0,0.7301027726028217
dollars,1.5,0.05,MIS-G-2000,0.3646166649712754,0.7368675987590061,0.735740431754126,0.7423570540568801,0.0,0.7247599839318714
dollars,1.5,0.05,MIS-I-2000,0.3646166649712754,0.6650202638497406,0.6632992889505831,0.679912920354682,0.0,0.923437526027348
rate,1.5,0.05,COR-10000,0.4218750779163346,0.5799024965139636,0.5795476400952807,0.5814289443998522,0.0,0.9966276320027194
rate,1.5,0.05,COR-2000,0.4218750779163346,0.588253682654432,0.5854115634124011,0.5986559138103772,0.0,0.9827279644848308
rate,1.5,0.05,COR-500,0.4218750779163346,0.8784447943939874,0.6137759868971244,0.7073374853982839,0.03,0.9154937879015236
rate,1.5,0.05,KS-2000,0.4218750779163346,0.590302212105217,0.5876697345290631,0.6015136797989662,0.0,0.9773752635672623
rate,1.5,0.05,MIS-G-10000,0.4218750779163346,0.7000082795743019,0.6995824176257233,0.7024134802866344,0.0,0.7121008044799815
rate,1.5,0.05,MIS-G-2000,0.4218750779163346,0.7031436255984995,0.701639259819576,0.7098611861756644,0.0,0.7072253275876
rate,1.5,0.05,MIS-I-2000,0.4218750779163346,0.6048985207528562,0.6030444269593476,0.61663644869657,0.0,0.9409315549077678
dollars,1.5,0.25,COR-10000,0.1955692749190184,0.8048721330275367,0.8048001652632193,0.8052576486099955,0.0,0.9981109497778182
dollars,1.5,0.25,COR-2000,0.1955692749190184,0.8066265723291017,0.8062802518024924,0.8084470926773802,0.0,0.9905428563751812
dollars,1.5,0.25,COR-500,0.1955692749190184,0.8211808509169924,0.8125986937094487,0.8262358530597333,0.01,0.9582349086693228
dollars,1.5,0.25,KS-2000,0.1955692749190184,0.8072364212473387,0.8068382321906256,0.8098975783602071,0.0,0.9876897477344493
dollars,1.5,0.25,MIS-G-10000,0.1955692749190184,0.8470151326552268,0.8469753867440677,0.8473314878795113,0.0,0.782457332928687
dollars,1.5,0.25,MIS-G-2000,0.1955692749190184,0.8476129989696433,0.8473298155756885,0.8487497941798257,0.0,0.7806450399099212
dollars,1.5,0.25,MIS-I-2000,0.1955692749190184,0.8141381870551686,0.8134056489253786,0.8171845492906745,0.0,0.9541087226093499
rate,1.5,0.25,COR-10000,0.2180693816184756,0.7824091590672461,0.7823584610395791,0.7827691031788634,0.0,0.9980380434204963
rate,1.5,0.25,COR-2000,0.2180693816184756,0.7843879171775651,0.7840093198541657,0.7863180031721853,0.0,0.9904677059327931
rate,1.5,0.25,COR-500,0.2180693816184756,0.7976644036497228,0.7910243252471132,0.8044973925433353,0.005,0.9582990202563203
rate,1.5,0.25,KS-2000,0.2180693816184756,0.785157677324571,0.7846752472880862,0.7882565678353146,0.0,0.9874139648299469
rate,1.5,0.25,MIS-G-10000,0.2180693816184756,0.8405515398086895,0.8404486549915645,0.8411285385111172,0.0,0.7316540443425449
rate,1.5,0.25,MIS-G-2000,0.2180693816184756,0.8412691358832819,0.8409654137884411,0.842772423106946,0.0,0.7292843453364701
rate,1.5,0.25,MIS-I-2000,0.2180693816184756,0.791937906827682,0.7915406341307799,0.7944041450775647,0.0,0.9559313844156775
dollars,1.5,0.7,COR-10000,0.0793224384854035,0.9210112364450168,0.920940457185336,0.9213153894098732,0.0,0.9966857338760722
dollars,1.5,0.7,COR-2000,0.0793224384854035,0.9224879821001432,0.9220010718252074,0.9240831848498088,0.0,0.9833148055470526
dollars,1.5,0.7,COR-500,0.0793224384854035,0.9411676166593244,0.925875699057634,0.9386753605544388,0.015,0.9344682583857524
dollars,1.5,0.7,KS-2000,0.0793224384854035,0.9225945818284162,0.9222115624028844,0.9241158028381072,0.0,0.9806611985514015
dollars,1.5,0.7,MIS-G-10000,0.0793224384854035,0.9350291318868604,0.9349919508734834,0.9351815367792108,0.0,0.8195417383503537
dollars,1.5,0.7,MIS-G-2000,0.0793224384854035,0.9354618089659482,0.93528781652717,0.936118736244198,0.0,0.8158118271255368
dollars,1.5,0.7,MIS-I-2000,0.0793224384854035,0.9255547561537446,0.9253564301709,0.9269770024570712,0.0,0.9410145635252445
rate,1.5,0.7,COR-10000,0.0724517558048677,0.9279161024314736,0.9278519803708688,0.9281994512781694,0.0,0.995807745825311
rate,1.5,0.7,COR-2000,0.0724517558048677,0.9293818640622704,0.9290989150487916,0.9309244976285104,0.0,0.9785971942786909
rate,1.5,0.7,COR-500,0.0724517558048677,0.9417682586581236,0.9338198602619388,0.945337663377826,0.01,0.9134373487966582
rate,1.5,0.7,KS-2000,0.0724517558048677,0.9297075492438416,0.9294328180942572,0.9311667966573132,0.0,0.9739885682798285
rate,1.5,0.7,MIS-G-10000,0.0724517558048677,0.9488479808903928,0.9488057841412036,0.949050544086662,0.0,0.7065973114119734
rate,1.5,0.7,MIS-G-2000,0.0724517558048677,0.9494317638779128,0.9491742190508684,0.9504627321520116,0.0,0.7015120666781252
rate,1.5,0.7,MIS-I-2000,0.0724517558048677,0.9326707320990412,0.9323479802015178,0.9345636465733268,0.0,0.9337526612976438
