dgp,sigma,prevalence,info,estimand,fail_rate,n_pos_plan_mean,n_pos_plan_min,brier,logloss,calib_in_large,calib_slope,auc,score_pearson_HT,score_spearman_HT,score_pearson_DIFF,score_spearman_DIFF
MAIN,0.0,0.05,COR-10000,dollars,0.0,499.475,433,0.047528901339441855,0.1988251267881919,-5.146732377363097e-05,,0.5003767524517694,0.9984182397332466,0.9992042651390705,0.9985771886061214,0.9992825584966363
MAIN,0.0,0.05,COR-10000,rate,0.0,499.475,433,0.047528901339441855,0.1988251267881919,-5.146732377363097e-05,,0.5003767524517694,,,,
MAIN,0.0,0.05,COR-2000,dollars,0.0,101.265,76,0.04764757904983773,0.2000474755573983,0.0006129340794747012,,0.5002672938260477,0.9925295651338412,0.9959744935951836,0.9933351526727543,0.9963529541518846
MAIN,0.0,0.05,COR-2000,rate,0.0,101.265,76,0.04764757904983773,0.2000474755573983,0.0006129340794747012,,0.5002672938260477,,,,
MAIN,0.0,0.05,COR-500,dollars,0.02,25.27,15,0.048200760265071196,0.21243798507183415,0.0005999734665002557,,0.5005794899032169,0.964296233394971,0.9632573517319257,0.9686495696347026,0.9646227761456617
MAIN,0.0,0.05,COR-500,rate,0.02,25.27,15,0.048200760265071196,0.21243798507183415,0.0005999734665002557,,0.5005794899032169,,,,
MAIN,0.0,0.05,KS-2000,dollars,0.0,99.645,73,0.047683595463959574,0.20046190697266475,-0.00018850259725602288,,0.5007240536277603,0.9902164308968634,0.9946220278266799,0.9913123086290916,0.995119015224925
MAIN,0.0,0.05,KS-2000,rate,0.0,99.645,73,0.047683595463959574,0.20046190697266475,-0.00018850259725602288,,0.5007240536277603,,,,
MAIN,0.0,0.05,MIS-G-10000,dollars,0.0,498.325,457,0.04751386397063121,0.19866191854282622,-0.00016334970800410039,,0.4998427495761712,0.9994936642173627,0.9997936247357214,0.9995453836356222,0.9998146311136614
MAIN,0.0,0.05,MIS-G-10000,rate,0.0,498.325,457,0.04751386397063121,0.19866191854282622,-0.00016334970800410039,,0.4998427495761712,,,,
MAIN,0.0,0.05,MIS-G-2000,dollars,0.0,100.885,69,0.047571331790570916,0.19926699861757516,0.00046157492162145257,,0.4997505026931908,0.9979871108759711,0.9991981353430802,0.998196224815005,0.9992799226740696
MAIN,0.0,0.05,MIS-G-2000,rate,0.0,100.885,69,0.047571331790570916,0.19926699861757516,0.00046157492162145257,,0.4997505026931908,,,,
MAIN,0.0,0.05,MIS-I-2000,dollars,0.0,99.265,75,0.0476160337801086,0.19977716344469293,-0.0003430582982988438,,0.4998522280521041,0.9943935934703434,0.9970863930823658,0.9949816371609158,0.9973621107185777
MAIN,0.0,0.05,MIS-I-2000,rate,0.0,99.265,75,0.0476160337801086,0.19977716344469293,-0.0003430582982988438,,0.4998522280521041,,,,
MAIN,0.0,0.25,COR-10000,dollars,0.0,2501.215,2354,0.18761422771392985,0.5626409533407635,0.0001190495590932876,,0.5005826300734981,0.9997532353280216,0.9998771388537102,0.9998900465281509,0.9999446232174288
MAIN,0.0,0.25,COR-10000,rate,0.0,2501.215,2354,0.18761422771392985,0.5626409533407635,0.0001190495590932876,,0.5005826300734981,,,,
MAIN,0.0,0.25,COR-2000,dollars,0.0,497.345,443,0.18809893011392614,0.5639608855392553,-0.0013524700355736787,,0.49989462749541647,0.9987066803153035,0.9993537998407868,0.9994167320473325,0.9997014350828384
MAIN,0.0,0.25,COR-2000,rate,0.0,497.345,443,0.18809893011392614,0.5639608855392553,-0.0013524700355736787,,0.49989462749541647,,,,
MAIN,0.0,0.25,COR-500,dollars,0.0,125.795,104,0.18977091631622614,0.5686665612495435,0.0018085493030626937,,0.49977521634111327,0.9951855017353128,0.9973621830811052,0.9977343560707442,0.9986690068032574
MAIN,0.0,0.25,COR-500,rate,0.0,125.795,104,0.18977091631622614,0.5686665612495435,0.0018085493030626937,,0.49977521634111327,,,,
MAIN,0.0,0.25,KS-2000,dollars,0.0,497.7,440,0.1881360548126642,0.5640684849338617,-0.001196100070603559,,0.500218911062901,0.998616564268813,0.9992849606822847,0.9993713354409368,0.9996688212030519
MAIN,0.0,0.25,KS-2000,rate,0.0,497.7,440,0.1881360548126642,0.5640684849338617,-0.001196100070603559,,0.500218911062901,,,,
MAIN,0.0,0.25,MIS-G-10000,dollars,0.0,2502.19,2353,0.18755027684051714,0.5624690339126469,0.00021817637132705945,,0.4999848635149013,0.9999298418151639,0.9999719320723046,0.9999686767662169,0.9999874334431285
MAIN,0.0,0.25,MIS-G-10000,rate,0.0,2502.19,2353,0.18755027684051714,0.5624690339126469,0.00021817637132705945,,0.4999848635149013,,,,
MAIN,0.0,0.25,MIS-G-2000,dollars,0.0,499.725,442,0.18776538186361028,0.5630472576016491,-0.000147999281873991,,0.4991472000661322,0.9996353993431525,0.9998436232548614,0.999835380551701,0.999929695561934
MAIN,0.0,0.25,MIS-G-2000,rate,0.0,499.725,442,0.18776538186361028,0.5630472576016491,-0.000147999281873991,,0.4991472000661322,,,,
MAIN,0.0,0.25,MIS-I-2000,dollars,0.0,499.12,439,0.18794709764506398,0.5635369103365254,-0.000406069942915092,,0.49981728551381516,0.9991826210922748,0.9995989826661648,0.9996231027673496,0.9998191177984351
MAIN,0.0,0.25,MIS-I-2000,rate,0.0,499.12,439,0.18794709764506398,0.5635369103365254,-0.000406069942915092,,0.49981728551381516,,,,
MAIN,0.0,0.7,COR-10000,dollars,0.0,6998.33,6862,0.21012910196503712,0.6111718509425955,-0.0001473599528670444,,0.49940740025661506,0.9999655712722858,0.9999829618387547,0.9999385305776866,0.9999698429031919
MAIN,0.0,0.7,COR-10000,rate,0.0,6998.33,6862,0.21012910196503712,0.6111718509425955,-0.0001473599528670444,,0.49940740025661506,,,,
MAIN,0.0,0.7,COR-2000,dollars,0.0,1404.79,1345,0.21060448323005074,0.6123388855126607,0.002373376934290838,,0.5000588391626581,0.9998297832488886,0.9999157395114392,0.9996711404687353,0.9998323250144356
MAIN,0.0,0.7,COR-2000,rate,0.0,1404.79,1345,0.21060448323005074,0.6123388855126607,0.002373376934290838,,0.5000588391626581,,,,
MAIN,0.0,0.7,COR-500,dollars,0.0,349.495,320,0.21264169271590622,0.6175020336395688,-0.0011318052071416567,,0.5000017898326619,0.9992061157880536,0.9995924879248085,0.9983691845909793,0.9990649849489998
MAIN,0.0,0.7,COR-500,rate,0.0,349.495,320,0.21264169271590622,0.6175020336395688,-0.0011318052071416567,,0.5000017898326619,,,,
MAIN,0.0,0.7,KS-2000,dollars,0.0,1400.3,1350,0.2107007808330378,0.6125481560249679,0.0001641776694328073,,0.49996691827613154,0.9998034042185302,0.9998976808202265,0.9996362469286896,0.9998127432292943
MAIN,0.0,0.7,KS-2000,rate,0.0,1400.3,1350,0.2107007808330378,0.6125481560249679,0.0001641776694328073,,0.49996691827613154,,,,
MAIN,0.0,0.7,MIS-G-10000,dollars,0.0,7002.135,6879,0.21006267251196586,0.6110138992111122,0.00020909030544756735,,0.4998722206764415,0.9999896670366233,0.9999956097447513,0.9999815527297763,0.9999922025971553
MAIN,0.0,0.7,MIS-G-10000,rate,0.0,7002.135,6879,0.21006267251196586,0.6110138992111122,0.00020909030544756735,,0.4998722206764415,,,,
MAIN,0.0,0.7,MIS-G-2000,dollars,0.0,1398.585,1342,0.2102839171003013,0.6115392171713026,-0.0007216915961622717,,0.5000460961660143,0.9999547123551251,0.9999829273298146,0.999922213270673,0.9999702405170655
MAIN,0.0,0.7,MIS-G-2000,rate,0.0,1398.585,1342,0.2102839171003013,0.6115392171713026,-0.0007216915961622717,,0.5000460961660143,,,,
MAIN,0.0,0.7,MIS-I-2000,dollars,0.0,1399.885,1330,0.21050544326939394,0.6120685441484831,-9.325961061248112e-05,,0.500023831527616,0.9998766968072631,0.9999387230588842,0.9997816827606728,0.9998943375928733
MAIN,0.0,0.7,MIS-I-2000,rate,0.0,1399.885,1330,0.21050544326939394,0.6120685441484831,-9.325961061248112e-05,,0.500023831527616,,,,
MAIN,0.75,0.05,COR-10000,dollars,0.0,496.215,440,0.044873366689741616,0.18130822840067443,0.00012179672582639754,0.99203499034695,0.7173185839866129,0.9989411802118165,0.9994893964659833,0.9990979194855857,0.9995293164740131
MAIN,0.75,0.05,COR-10000,rate,0.0,496.215,440,0.044873366689741616,0.18130822840067443,0.00012179672582639754,0.99203499034695,0.7173185839866129,0.9933629842376156,0.9917129428267272,0.9928731944053675,0.9917118221804894
MAIN,0.75,0.05,COR-2000,dollars,0.0,97.935,73,0.0450732206798671,0.1825756137032235,-0.0005554357045838603,0.9319664328383047,0.712926233385835,0.9946796098992797,0.997313926708642,0.9955127288237255,0.9974954374410036
MAIN,0.75,0.05,COR-2000,rate,0.0,97.935,73,0.0450732206798671,0.1825756137032235,-0.0005554357045838603,0.9319664328383047,0.712926233385835,0.9694939520486979,0.9620473105795756,0.9668537358295207,0.9620308411778619
MAIN,0.75,0.05,COR-500,dollars,0.0,24.505,14,0.046023154991900836,0.1900282840391488,-0.000664905015958183,0.7196427418713618,0.6924500092027767,0.9740297869602561,0.9830605444193538,0.9780155338641338,0.9838097694645043
MAIN,0.75,0.05,COR-500,rate,0.0,24.505,14,0.046023154991900836,0.1900282840391488,-0.000664905015958183,0.7196427418713618,0.6924500092027767,0.8677560225392422,0.8529606565990774,0.8557194815712806,0.8523388471571494
MAIN,0.75,0.05,KS-2000,dollars,0.0,100.01,70,0.045150573505463004,0.18294992841391786,0.0004649612501057199,0.9003814953014634,0.7107139166183548,0.9929717791258166,0.996467878965442,0.9942581740265684,0.996732278689748
MAIN,0.75,0.05,KS-2000,rate,0.0,100.01,70,0.045150573505463004,0.18294992841391786,0.0004649612501057199,0.9003814953014634,0.7107139166183548,0.9576415059251935,0.9486457695426244,0.9544765919046193,0.9486242773689456
MAIN,0.75,0.05,MIS-G-10000,dollars,0.0,494.385,433,0.046265611810935206,0.18755227087828577,-0.0005443442906529663,0.9630430144739056,0.6897712642391858,0.9777641044383756,0.9918700104219773,0.9884139403851315,0.9931299649499347
MAIN,0.75,0.05,MIS-G-10000,rate,0.0,494.385,433,0.046265611810935206,0.18755227087828577,-0.0005443442906529663,0.9630430144739056,0.6897712642391858,0.8022516370501339,0.8937280047623724,0.8359591271267359,0.8937220257470725
MAIN,0.75,0.05,MIS-G-2000,dollars,0.0,99.16,75,0.04633890830959796,0.18809229029444263,-0.0003927659982324796,0.940313744697955,0.6880982352580283,0.9764741363071896,0.9913199610535421,0.9873477395457516,0.9926190910269226
MAIN,0.75,0.05,MIS-G-2000,rate,0.0,99.16,75,0.04633890830959796,0.18809229029444263,-0.0003927659982324796,0.940313744697955,0.6880982352580283,0.7948815301781577,0.886093654041439,0.8285894666315582,0.8860873434046382
MAIN,0.75,0.05,MIS-I-2000,dollars,0.0,100.13,78,0.04531957648219465,0.18345036958972455,0.00030540693464518854,0.8718614608700088,0.7132728552720686,0.9904087290657669,0.9953073735982808,0.9928230942674141,0.9957017011633691
MAIN,0.75,0.05,MIS-I-2000,rate,0.0,100.13,78,0.04531957648219465,0.18345036958972455,0.00030540693464518854,0.8718614608700088,0.7132728552720686,0.9415622048136751,0.9487195142505587,0.9489276756073042,0.9487185009456787
MAIN,0.75,0.25,COR-10000,dollars,0.0,2496.06,2379,0.1686499537067276,0.5138103605210247,6.157518055995153e-05,0.9990660083465142,0.6922691865469212,0.9998826376003679,0.9999132156169829,0.999902138920779,0.999936648817269
MAIN,0.75,0.25,COR-10000,rate,0.0,2496.06,2379,0.1686499537067276,0.5138103605210247,6.157518055995153e-05,0.9990660083465142,0.6922691865469212,0.9982235675834993,0.9981377261692918,0.9975061708630304,0.9974825408651636
MAIN,0.75,0.25,COR-2000,dollars,0.0,499.645,449,0.16906531912247225,0.5149711580065791,0.0006937252025456675,0.9857070778651049,0.6910915978367932,0.9993618792831733,0.9995163496268407,0.9994869513712641,0.9996255970696913
MAIN,0.75,0.25,COR-2000,rate,0.0,499.645,449,0.16906531912247225,0.5149711580065791,0.0006937252025456675,0.9857070778651049,0.6910915978367932,0.9906620367113497,0.9904185384532311,0.9861449090996185,0.9870464209705234
MAIN,0.75,0.25,COR-500,dollars,0.0,124.645,100,0.17097022672624274,0.5205415355563632,-0.00033941769130421516,0.8930037878597503,0.6846095371680118,0.9967191833008973,0.997463290199563,0.9974025138110769,0.9978848058059269
MAIN,0.75,0.25,COR-500,rate,0.0,124.645,100,0.17097022672624274,0.5205415355563632,-0.00033941769130421516,0.8930037878597503,0.6846095371680118,0.9548861700636065,0.9552520117241349,0.9337625685654349,0.9395788457525545
MAIN,0.75,0.25,KS-2000,dollars,0.0,498.77,450,0.16916581225081398,0.5152558206780534,-0.00033952789275504145,0.9856081991680042,0.6905075286723723,0.9991791415800649,0.9993316488604015,0.9993953850192113,0.9995059561990098
MAIN,0.75,0.25,KS-2000,rate,0.0,498.77,450,0.16916581225081398,0.5152558206780534,-0.00033952789275504145,0.9856081991680042,0.6905075286723723,0.9873964598392666,0.9862163838425458,0.9817025444003873,0.9825142242378354
MAIN,0.75,0.25,MIS-G-10000,dollars,0.0,2494.765,2369,0.1744587997060079,0.5275052274975949,-0.0006790146889575916,1.031001722819136,0.6741854885643511,0.9947127316234863,0.9957464420110985,0.9971577404268692,0.9980544113684684
MAIN,0.75,0.25,MIS-G-10000,rate,0.0,2494.765,2369,0.1744587997060079,0.5275052274975949,-0.0006790146889575916,1.031001722819136,0.6741854885643511,0.8714609949178853,0.8971730431056799,0.8938426750204361,0.8714205145403062
MAIN,0.75,0.25,MIS-G-2000,dollars,0.0,501.615,463,0.17467067905047137,0.5280791752081447,0.0010175722817114506,1.0276781796194008,0.6736327859503145,0.994524648675306,0.9956481660048128,0.9969510419599494,0.997991258981248
MAIN,0.75,0.25,MIS-G-2000,rate,0.0,501.615,463,0.17467067905047137,0.5280791752081447,0.0010175722817114506,1.0276781796194008,0.6736327859503145,0.8687049474903489,0.8940145146680761,0.8905314182407463,0.8679121152094501
MAIN,0.75,0.25,MIS-I-2000,dollars,0.0,499.7,457,0.16997371444832882,0.5172556105810037,0.00023394575436210333,0.9802263940635327,0.6897899348820783,0.9981459522631282,0.9985375051834111,0.9983927037225772,0.9988617534917017
MAIN,0.75,0.25,MIS-I-2000,rate,0.0,499.7,457,0.16997371444832882,0.5172556105810037,0.00023394575436210333,0.9802263940635327,0.6897899348820783,0.9702200657762647,0.9740800852845776,0.957174418058525,0.9600614158221183
MAIN,0.75,0.7,COR-10000,dollars,0.0,6998.395,6880,0.19127739036423408,0.5646138664536635,-0.0003567195970837872,0.9911631385563325,0.6827741135981056,0.999982650097271,0.9999789082145871,0.9998201959846028,0.9998567176684842
MAIN,0.75,0.7,COR-10000,rate,0.0,6998.395,6880,0.19127739036423408,0.5646138664536635,-0.0003567195970837872,0.9911631385563325,0.6827741135981056,0.9980175956484749,0.9983090136163548,0.997482236216568,0.9971462193779779
MAIN,0.75,0.7,COR-2000,dollars,0.0,1400.3,1352,0.19170099491387307,0.5657867638242162,0.00010286151565824297,0.9729008358570742,0.6816218411773839,0.9999130613786467,0.9998969039614946,0.9990583411944752,0.9991929549559972
MAIN,0.75,0.7,COR-2000,rate,0.0,1400.3,1352,0.19170099491387307,0.5657867638242162,0.00010286151565824297,0.9729008358570742,0.6816218411773839,0.9895936281185973,0.9914472296443754,0.9866078699335019,0.9863985125582961
MAIN,0.75,0.7,COR-500,dollars,0.0,350.255,322,0.1935149215315745,0.5711427019332789,-0.0003653383481912098,0.8908247251252165,0.6768021005652507,0.9995756941030762,0.9994729268727572,0.9956968255850631,0.9960297333844116
MAIN,0.75,0.7,COR-500,rate,0.0,350.255,322,0.1935149215315745,0.5711427019332789,-0.0003653383481912098,0.8908247251252165,0.6768021005652507,0.9574895805755804,0.9630785572325586,0.9469164401768125,0.9434592939243277
MAIN,0.75,0.7,KS-2000,dollars,0.0,1401.265,1346,0.19181038553992547,0.566026621918864,0.00018985290243097918,0.976812136292409,0.6810127760002702,0.9998953496591011,0.9998768062220269,0.9989361058462879,0.9992115544992263
MAIN,0.75,0.7,KS-2000,rate,0.0,1401.265,1346,0.19181038553992547,0.566026621918864,0.00018985290243097918,0.976812136292409,0.6810127760002702,0.9866429598154423,0.9877577121371891,0.9843276906011929,0.9822036337696365
MAIN,0.75,0.7,MIS-G-10000,dollars,0.0,7005.26,6874,0.19445014742964062,0.573512316340026,0.00022453991462532296,1.05554543308675,0.6669442898373741,0.9996015374502631,0.9993873732641483,0.9918767058767137,0.9933283577760708
MAIN,0.75,0.7,MIS-G-10000,rate,0.0,7005.26,6874,0.19445014742964062,0.573512316340026,0.00022453991462532296,1.05554543308675,0.6669442898373741,0.9148824492171386,0.8975554459059759,0.8199971620390835,0.8838687654432442
MAIN,0.75,0.7,MIS-G-2000,dollars,0.0,1398.805,1343,0.19469917200318843,0.5741434414212047,-0.0009593303672907933,1.0487103183663473,0.6665009950836372,0.9995740745981813,0.9993657660933818,0.9915648436228972,0.9932482458476454
MAIN,0.75,0.7,MIS-G-2000,rate,0.0,1398.805,1343,0.19469917200318843,0.5741434414212047,-0.0009593303672907933,1.0487103183663473,0.6665009950836372,0.9122106837123822,0.8949906374657715,0.816732186879786,0.879870887851262
MAIN,0.75,0.7,MIS-I-2000,dollars,0.0,1403.77,1344,0.1922899136922298,0.5674918047385873,0.0008659008116225431,1.0249761766642889,0.6794651025113574,0.999801517311702,0.9997478789034395,0.997612174716088,0.9975186333996013
MAIN,0.75,0.7,MIS-I-2000,rate,0.0,1403.77,1344,0.1922899136922298,0.5674918047385873,0.0008659008116225431,1.0249761766642889,0.6794651025113574,0.9734246621557051,0.9811534699037036,0.9521114108803189,0.9739991316867102
MAIN,1.5,0.05,COR-10000,dollars,0.0,492.675,443,0.03617043561159126,0.140399029377282,0.00013658863002805543,0.9911399310060957,0.8725623284918312,0.9990874283446233,0.9994984073465184,0.9990304111443793,0.9994977857111168
MAIN,1.5,0.05,COR-10000,rate,0.0,492.675,443,0.03617043561159126,0.140399029377282,0.00013658863002805543,0.9911399310060957,0.8725623284918312,0.9979059412750145,0.9973142641357055,0.9971591868155144,0.9972299015267921
MAIN,1.5,0.05,COR-2000,dollars,0.0,98.18,79,0.03643112213160639,0.14169729532239222,6.269818200324253e-05,0.9747634931977761,0.8704144337340861,0.9952326086665146,0.9972537315855518,0.9947490068263288,0.9972030609049876
MAIN,1.5,0.05,COR-2000,rate,0.0,98.18,79,0.03643112213160639,0.14169729532239222,6.269818200324253e-05,0.9747634931977761,0.8704144337340861,0.9893495078253922,0.9862460007965224,0.9855747626318327,0.9857058526432094
MAIN,1.5,0.05,COR-500,dollars,0.005,24.675,14,0.03752679876040663,0.1482212342055396,0.0007828630776658333,0.8651604840268754,0.8584160627183322,0.9774248337584208,0.9861964362069234,0.975641160661261,0.9859297745914068
MAIN,1.5,0.05,COR-500,rate,0.005,24.675,14,0.03752679876040663,0.1482212342055396,0.0007828630776658333,0.8651604840268754,0.8584160627183322,0.9544018160166704,0.9400304658991093,0.9364232944096077,0.9376229391219141
MAIN,1.5,0.05,KS-2000,dollars,0.0,97.995,77,0.03649504153387163,0.14201829671980645,0.00022925863607505296,0.9544368828010893,0.8696826766237679,0.9939090529539492,0.9964965787547888,0.9936160948783882,0.9964785810437288
MAIN,1.5,0.05,KS-2000,rate,0.0,97.995,77,0.03649504153387163,0.14201829671980645,0.00022925863607505296,0.9544368828010893,0.8696826766237679,0.986389512561888,0.9819424879344235,0.9815430187426678,0.9813865867406238
MAIN,1.5,0.05,MIS-G-10000,dollars,0.0,491.74,419,0.043378372551556375,0.16601096335648896,-0.0009065832731875642,1.0507498111465792,0.8142659012214782,0.9558816463198454,0.9791926019915138,0.9721036061548465,0.9821012874300081
MAIN,1.5,0.05,MIS-G-10000,rate,0.0,491.74,419,0.043378372551556375,0.16601096335648896,-0.0009065832731875642,1.0507498111465792,0.8142659012214782,0.7631932035455107,0.8923674549609134,0.813391629385466,0.889904677873409
MAIN,1.5,0.05,MIS-G-2000,dollars,0.0,97.945,71,0.04349154720304555,0.16660935223094378,-0.001025546564239036,1.0562371566067923,0.8133708356668279,0.9548095922458815,0.9787186304238564,0.9710006554170225,0.9816571676360702
MAIN,1.5,0.05,MIS-G-2000,rate,0.0,97.945,71,0.04349154720304555,0.16660935223094378,-0.001025546564239036,1.0562371566067923,0.8133708356668279,0.761193990898514,0.8908448998359171,0.8115680031166996,0.8883888160339994
MAIN,1.5,0.05,MIS-I-2000,dollars,0.0,97.645,62,0.03721211565935931,0.1445385955657649,-0.0005714071927369314,0.8698125681892229,0.8666524722125881,0.9844277618951294,0.9896354205020509,0.9826177991070825,0.9895717096327217
MAIN,1.5,0.05,MIS-I-2000,rate,0.0,97.645,62,0.03721211565935931,0.1445385955657649,-0.0005714071927369314,0.8698125681892229,0.8666524722125881,0.9635630844012114,0.9572956438158939,0.9585551541471599,0.9560839907911474
MAIN,1.5,0.25,COR-10000,dollars,0.0,2493.37,2363,0.13680767308981143,0.4270792222978694,0.00012052965281577954,0.9968528203767143,0.8154821264979382,0.9998812848590058,0.9998949288018771,0.9997816435590452,0.9998471044083627
MAIN,1.5,0.25,COR-10000,rate,0.0,2493.37,2363,0.13680767308981143,0.4270792222978694,0.00012052965281577954,0.9968528203767143,0.8154821264979382,0.9993412438403142,0.9993256097763188,0.9986787135080232,0.998524429980746
MAIN,1.5,0.25,COR-2000,dollars,0.0,500.11,459,0.13717796379894975,0.42822360530673315,0.0009112810016430734,0.9843318333375476,0.8148041258928298,0.9994397076843475,0.9995006078649363,0.9988891459877094,0.9992493877295783
MAIN,1.5,0.25,COR-2000,rate,0.0,500.11,459,0.13717796379894975,0.42822360530673315,0.0009112810016430734,0.9843318333375476,0.8148041258928298,0.996897884245776,0.9968430526067474,0.9937268055982043,0.9930940196178849
MAIN,1.5,0.25,COR-500,dollars,0.0,125.94,102,0.13875396380393998,0.4334829649140468,0.0003985309618073563,0.9445678821541377,0.8114442346740985,0.9973208040001414,0.9972847199804566,0.9953919187368824,0.9958021308855001
MAIN,1.5,0.25,COR-500,rate,0.0,125.94,102,0.13875396380393998,0.4334829649140468,0.0003985309618073563,0.9445678821541377,0.8114442346740985,0.9854661938302499,0.9853910285333165,0.9709912599297437,0.9699124460200775
MAIN,1.5,0.25,KS-2000,dollars,0.0,498.775,448,0.137303146589593,0.42859906777989987,0.0004349967724073432,0.9875164188725986,0.8145191237774495,0.9993625706649315,0.9993173429654383,0.9988542383815827,0.9990702339738103
MAIN,1.5,0.25,KS-2000,rate,0.0,498.775,448,0.137303146589593,0.42859906777989987,0.0004349967724073432,0.9875164188725986,0.8145191237774495,0.9958851888413452,0.9957452771605355,0.9921916581104334,0.9912258504352394
MAIN,1.5,0.25,MIS-G-10000,dollars,0.0,2494.095,2394,0.1524486491198132,0.4667439893557113,-0.00047731951665921246,1.1177004924275977,0.779754163056857,0.9912321860290892,0.9885956815541016,0.98578673244822,0.9875997335990166
MAIN,1.5,0.25,MIS-G-10000,rate,0.0,2494.095,2394,0.1524486491198132,0.4667439893557113,-0.00047731951665921246,1.1177004924275977,0.779754163056857,0.8777242366326986,0.8975502911061857,0.8430141048790442,0.811027435719206
MAIN,1.5,0.25,MIS-G-2000,dollars,0.0,497.285,435,0.15263092057467942,0.46726336948173114,-0.0003609686208218436,1.1146763173774863,0.779514763696224,0.9910809237545629,0.9885047203589217,0.9854120256149181,0.9875147233931066
MAIN,1.5,0.25,MIS-G-2000,rate,0.0,497.285,435,0.15263092057467942,0.46726336948173114,-0.0003609686208218436,1.1146763173774863,0.779514763696224,0.8769302677056815,0.8967623254238981,0.8417373441378391,0.8095871442410953
MAIN,1.5,0.25,MIS-I-2000,dollars,0.0,499.115,457,0.13885144692203144,0.4332841641955176,-0.0001725610131472763,1.0062014213061428,0.8114943136725767,0.9970271104432286,0.9966963053075781,0.9955513743297515,0.9939191360598026
MAIN,1.5,0.25,MIS-I-2000,rate,0.0,499.115,457,0.13885144692203144,0.4332841641955176,-0.0001725610131472763,1.0062014213061428,0.8114943136725767,0.9813055121048349,0.9808601437167777,0.9516440998548397,0.955459660843714
MAIN,1.5,0.7,COR-10000,dollars,0.0,7004.38,6864,0.15814474897822667,0.4795814328510955,-0.0002556306110353951,0.9939803852851972,0.8021137233883594,0.9999788590396294,0.9999646445748489,0.9996606717993167,0.999610667029129
MAIN,1.5,0.7,COR-10000,rate,0.0,7004.38,6864,0.15814474897822667,0.4795814328510955,-0.0002556306110353951,0.9939803852851972,0.8021137233883594,0.999181618003714,0.9992875605181039,0.9984868364383689,0.9980211049427901
MAIN,1.5,0.7,COR-2000,dollars,0.0,1400.82,1338,0.15853831690192555,0.4807995098980299,-0.00023359623110772164,0.9753444775549396,0.8013593744862142,0.9998926953599487,0.9998217093041916,0.9984152382993162,0.9980397852236393
MAIN,1.5,0.7,COR-2000,rate,0.0,1400.82,1338,0.15853831690192555,0.4807995098980299,-0.00023359623110772164,0.9753444775549396,0.8013593744862142,0.9961370850577732,0.9966328047908243,0.9927644457238891,0.9910687929339168
MAIN,1.5,0.7,COR-500,dollars,0.0,350.865,327,0.16011475727373084,0.4859469581429125,0.0007890041514116642,0.9254780867100725,0.7986161261342452,0.9995429709760829,0.9991696341422664,0.9930869131763482,0.9924577735164468
MAIN,1.5,0.7,COR-500,rate,0.0,350.865,327,0.16011475727373084,0.4859469581429125,0.0007890041514116642,0.9254780867100725,0.7986161261342452,0.9844941668796064,0.9869386608373516,0.9721377381001544,0.9662274716613162
MAIN,1.5,0.7,KS-2000,dollars,0.0,1401.77,1339,0.1586627951732856,0.48110595107644644,0.0006219440298113282,0.9854467256090144,0.8010787097391298,0.9998891416173109,0.9997953861910434,0.9981101116565282,0.9980372079266553
MAIN,1.5,0.7,KS-2000,rate,0.0,1401.77,1339,0.1586627951732856,0.48110595107644644,0.0006219440298113282,0.9854467256090144,0.8010787097391298,0.9951550643480411,0.995849486172876,0.9917425258812691,0.9890147332974716
MAIN,1.5,0.7,MIS-G-10000,dollars,0.0,7014.675,6900,0.1662815836720701,0.5027853813122494,0.0005416374319536876,1.0995987214455223,0.7770108968386359,0.9992957640862273,0.9980304958615861,0.9737470920060669,0.9663482394762454
MAIN,1.5,0.7,MIS-G-10000,rate,0.0,7014.675,6900,0.1662815836720701,0.5027853813122494,0.0005416374319536876,1.0995987214455223,0.7770108968386359,0.9227408843953576,0.8979252198964229,0.8242105908316205,0.8293103138524032
MAIN,1.5,0.7,MIS-G-2000,dollars,0.0,1402.605,1321,0.16650250118473803,0.5033923949685163,0.000804807205488326,1.0966780251883947,0.7767526899745397,0.999260474975927,0.9979989744873398,0.973184943553243,0.9662057558458167
MAIN,1.5,0.7,MIS-G-2000,rate,0.0,1402.605,1321,0.16650250118473803,0.5033923949685163,0.000804807205488326,1.0966780251883947,0.7767526899745397,0.9216851659958835,0.8970139520104847,0.8224076729151255,0.8269708606048495
MAIN,1.5,0.7,MIS-I-2000,dollars,0.0,1401.88,1353,0.15953689341337296,0.4840595801672334,8.557597379369398e-05,1.0657042930842422,0.7983755632779801,0.9996115615341398,0.9993280855093452,0.9955279935356878,0.987738681324234
MAIN,1.5,0.7,MIS-I-2000,rate,0.0,1401.88,1353,0.15953689341337296,0.4840595801672334,8.557597379369398e-05,1.0657042930842422,0.7983755632779801,0.9841196951642941,0.9870813690570007,0.9611589165966954,0.9747167768678218
STRATCAP,0.0,0.05,STRAT-2000,dollars,0.0,99.68,76,0.04761219391959288,0.20147675682380242,-0.00015523992748492994,,0.5048951675465139,0.9256382768481308,0.9847839360250447,0.9269096385402631,0.9848792006148454
STRATCAP,0.0,0.05,STRAT-2000,rate,0.0,99.68,76,0.04761219391959288,0.20147675682380242,-0.00015523992748492994,,0.5048951675465139,,,,
STRATCAP,0.0,0.25,STRAT-2000,dollars,0.0,500.005,441,0.18794685681395346,0.5635517183951214,-2.2036696332008442e-05,,0.5038839507019157,0.9965954618190257,0.9999633539946907,0.9983536885230722,0.9999875165602511
STRATCAP,0.0,0.25,STRAT-2000,rate,0.0,500.005,441,0.18794685681395346,0.5635517183951214,-2.2036696332008442e-05,,0.5038839507019157,,,,
STRATCAP,0.0,0.7,STRAT-2000,dollars,0.0,1399.77,1339,0.2105239647631911,0.6121297620983307,-0.00014934789065027375,,0.5028790216136436,0.9995522850988648,0.9999980168522674,0.9991846775902988,0.9999929320068821
STRATCAP,0.0,0.7,STRAT-2000,rate,0.0,1399.77,1339,0.2105239647631911,0.6121297620983307,-0.00014934789065027375,,0.5028790216136436,,,,
STRATCAP,0.75,0.05,STRAT-2000,dollars,0.0,99.31,73,0.044492004627570456,0.1776133142115901,-0.00038853097487628023,0.9763920353054192,0.7325709408367338,0.997669537816853,0.9999910933130352,0.9985615464837787,0.9999918797788396
STRATCAP,0.75,0.05,STRAT-2000,rate,0.0,99.31,73,0.044492004627570456,0.1776133142115901,-0.00038853097487628023,0.9763920353054192,0.7325709408367338,0.9799327929779907,0.9912048925757466,0.981060196266804,0.9912048925757466
STRATCAP,0.75,0.25,STRAT-2000,dollars,0.0,498.24,446,0.1633936403671762,0.5044570099060798,6.121664403289165e-05,0.9859413080505262,0.6910988325032702,0.999654502091962,0.9999999998753424,0.9976582109792553,0.9999948137902394
STRATCAP,0.75,0.25,STRAT-2000,rate,0.0,498.24,446,0.1633936403671762,0.5044570099060798,6.121664403289165e-05,0.9859413080505262,0.6910988325032702,0.9952418902188889,0.9999813094624046,0.9865306466475603,0.9805953985582316
STRATCAP,0.75,0.7,STRAT-2000,dollars,0.0,1396.75,1331,0.197173471352969,0.5778161220401604,-0.0009494454082934134,0.7872681799437484,0.6381129292343379,0.9999473469911153,0.9999999995916924,0.8995915981843666,0.9679042364747454
STRATCAP,0.75,0.7,STRAT-2000,rate,0.0,1396.75,1331,0.197173471352969,0.5778161220401604,-0.0009494454082934134,0.7872681799437484,0.6381129292343379,0.9948901339024286,0.9997423920965638,0.9809906827810893,0.9997423920965638
STRATCAP,1.5,0.05,STRAT-2000,dollars,0.0,99.825,73,0.03318411773870188,0.12250219946165736,-0.0003933382415921746,0.9690160582201144,0.9091185463622687,0.9993179620981002,0.9999999999999999,0.9990449098143351,0.9999998483268919
STRATCAP,1.5,0.05,STRAT-2000,rate,0.0,99.825,73,0.03318411773870188,0.12250219946165736,-0.0003933382415921746,0.9690160582201144,0.9091185463622687,0.9937463568125143,1.0,0.9917747333076793,0.9996598322157648
STRATCAP,1.5,0.25,STRAT-2000,dollars,0.22,495.525,436,0.13425754309100627,0.42870679558505925,-0.00035264032806149814,1.0119696558737765,0.7552100633569039,0.998886181134543,0.9999999999999999,0.9601220945114397,0.9993866463909964
STRATCAP,1.5,0.25,STRAT-2000,rate,0.22,495.525,436,0.13425754309100627,0.42870679558505925,-0.00035264032806149814,1.0119696558737765,0.7552100633569039,0.9988217372816701,0.9999904151089254,0.9895707752463452,0.9297252521267754
STRATCAP,1.5,0.7,STRAT-2000,dollars,0.3,1398.335,1341,0.1904017789851637,0.5538824981906493,0.00015547718087114638,0.4820114368663928,0.6405904521597443,0.9998953878772209,0.9999999999548873,0.7546931483359393,0.9083040916666576
STRATCAP,1.5,0.7,STRAT-2000,rate,0.3,1398.335,1341,0.1904017789851637,0.5538824981906493,0.00015547718087114638,0.4820114368663928,0.6405904521597443,0.9992821946620497,0.9991941515880575,0.9929669866834069,0.9991941515880575
