layer,dgp,sigma_eta,prevalence,n,info,planning_model,planning_m,planning_replicates,estimands,estimators,lambdas,N,scenario_id,replications,cps_sensitivity
analytic_primary,MAIN,0.0,0.05,100,ORACLE,,,0,rate;dollars,HT;EXP;DIFF,0.0;0.25;0.5;0.75;1.0,20000,,,
analytic_primary,MAIN,0.0,0.05,100,COR-10000,COR,10000.0,200,rate;dollars,HT;EXP;DIFF,0.0;0.25;0.5;0.75;1.0,20000,,,
analytic_primary,MAIN,0.0,0.05,100,COR-2000,COR,2000.0,200,rate;dollars,HT;EXP;DIFF,0.0;0.25;0.5;0.75;1.0,20000,,,
analytic_primary,MAIN,0.0,0.05,100,COR-500,COR,500.0,200,rate;dollars,HT;EXP;DIFF,0.0;0.25;0.5;0.75;1.0,20000,,,
analytic_primary,MAIN,0.0,0.05,100,MIS-I-2000,MIS-I,2000.0,200,rate;dollars,HT;EXP;DIFF,0.0;0.25;0.5;0.75;1.0,20000,,,
analytic_primary,MAIN,0.0,0.05,100,MIS-G-2000,MIS-G,2000.0,200,rate;dollars,HT;EXP;DIFF,0.0;0.25;0.5;0.75;1.0,20000,,,
analytic_primary,MAIN,0.0,0.05,100,MIS-G-10000,MIS-G,10000.0,200,rate;dollars,HT;EXP;DIFF,0.0;0.25;0.5;0.75;1.0,20000,,,
analytic_primary,MAIN,0.0,0.05,100,KS-2000,KS,2000.0,200,rate;dollars,HT;EXP;DIFF,0.0;0.25;0.5;0.75;1.0,20000,,,
analytic_primary,MAIN,0.0,0.05,400,ORACLE,,,0,rate;dollars,HT;EXP;DIFF,0.0;0.25;0.5;0.75;1.0,20000,,,
analytic_primary,MAIN,0.0,0.05,400,COR-10000,COR,10000.0,200,rate;dollars,HT;EXP;DIFF,0.0;0.25;0.5;0.75;1.0,20000,,,
analytic_primary,MAIN,0.0,0.05,400,COR-2000,COR,2000.0,200,rate;dollars,HT;EXP;DIFF,0.0;0.25;0.5;0.75;1.0,20000,,,
analytic_primary,MAIN,0.0,0.05,400,COR-500,COR,500.0,200,rate;dollars,HT;EXP;DIFF,0.0;0.25;0.5;0.75;1.0,20000,,,
analytic_primary,MAIN,0.0,0.05,400,MIS-I-2000,MIS-I,2000.0,200,rate;dollars,HT;EXP;DIFF,0.0;0.25;0.5;0.75;1.0,20000,,,
analytic_primary,MAIN,0.0,0.05,400,MIS-G-2000,MIS-G,2000.0,200,rate;dollars,HT;EXP;DIFF,0.0;0.25;0.5;0.75;1.0,20000,,,
analytic_primary,MAIN,0.0,0.05,400,MIS-G-10000,MIS-G,10000.0,200,rate;dollars,HT;EXP;DIFF,0.0;0.25;0.5;0.75;1.0,20000,,,
analytic_primary,MAIN,0.0,0.05,400,KS-2000,KS,2000.0,200,rate;dollars,HT;EXP;DIFF,0.0;0.25;0.5;0.75;1.0,20000,,,
analytic_primary,MAIN,0.0,0.25,100,ORACLE,,,0,rate;dollars,HT;EXP;DIFF,0.0;0.25;0.5;0.75;1.0,20000,,,
analytic_primary,MAIN,0.0,0.25,100,COR-10000,COR,10000.0,200,rate;dollars,HT;EXP;DIFF,0.0;0.25;0.5;0.75;1.0,20000,,,
analytic_primary,MAIN,0.0,0.25,100,COR-2000,COR,2000.0,200,rate;dollars,HT;EXP;DIFF,0.0;0.25;0.5;0.75;1.0,20000,,,
analytic_primary,MAIN,0.0,0.25,100,COR-500,COR,500.0,200,rate;dollars,HT;EXP;DIFF,0.0;0.25;0.5;0.75;1.0,20000,,,
analytic_primary,MAIN,0.0,0.25,100,MIS-I-2000,MIS-I,2000.0,200,rate;dollars,HT;EXP;DIFF,0.0;0.25;0.5;0.75;1.0,20000,,,
analytic_primary,MAIN,0.0,0.25,100,MIS-G-2000,MIS-G,2000.0,200,rate;dollars,HT;EXP;DIFF,0.0;0.25;0.5;0.75;1.0,20000,,,
analytic_primary,MAIN,0.0,0.25,100,MIS-G-10000,MIS-G,10000.0,200,rate;dollars,HT;EXP;DIFF,0.0;0.25;0.5;0.75;1.0,20000,,,
analytic_primary,MAIN,0.0,0.25,100,KS-2000,KS,2000.0,200,rate;dollars,HT;EXP;DIFF,0.0;0.25;0.5;0.75;1.0,20000,,,
analytic_primary,MAIN,0.0,0.25,400,ORACLE,,,0,rate;dollars,HT;EXP;DIFF,0.0;0.25;0.5;0.75;1.0,20000,,,
analytic_primary,MAIN,0.0,0.25,400,COR-10000,COR,10000.0,200,rate;dollars,HT;EXP;DIFF,0.0;0.25;0.5;0.75;1.0,20000,,,
analytic_primary,MAIN,0.0,0.25,400,COR-2000,COR,2000.0,200,rate;dollars,HT;EXP;DIFF,0.0;0.25;0.5;0.75;1.0,20000,,,
analytic_primary,MAIN,0.0,0.25,400,COR-500,COR,500.0,200,rate;dollars,HT;EXP;DIFF,0.0;0.25;0.5;0.75;1.0,20000,,,
analytic_primary,MAIN,0.0,0.25,400,MIS-I-2000,MIS-I,2000.0,200,rate;dollars,HT;EXP;DIFF,0.0;0.25;0.5;0.75;1.0,20000,,,
analytic_primary,MAIN,0.0,0.25,400,MIS-G-2000,MIS-G,2000.0,200,rate;dollars,HT;EXP;DIFF,0.0;0.25;0.5;0.75;1.0,20000,,,
analytic_primary,MAIN,0.0,0.25,400,MIS-G-10000,MIS-G,10000.0,200,rate;dollars,HT;EXP;DIFF,0.0;0.25;0.5;0.75;1.0,20000,,,
analytic_primary,MAIN,0.0,0.25,400,KS-2000,KS,2000.0,200,rate;dollars,HT;EXP;DIFF,0.0;0.25;0.5;0.75;1.0,20000,,,
analytic_primary,MAIN,0.0,0.7,100,ORACLE,,,0,rate;dollars,HT;EXP;DIFF,0.0;0.25;0.5;0.75;1.0,20000,,,
analytic_primary,MAIN,0.0,0.7,100,COR-10000,COR,10000.0,200,rate;dollars,HT;EXP;DIFF,0.0;0.25;0.5;0.75;1.0,20000,,,
analytic_primary,MAIN,0.0,0.7,100,COR-2000,COR,2000.0,200,rate;dollars,HT;EXP;DIFF,0.0;0.25;0.5;0.75;1.0,20000,,,
analytic_primary,MAIN,0.0,0.7,100,COR-500,COR,500.0,200,rate;dollars,HT;EXP;DIFF,0.0;0.25;0.5;0.75;1.0,20000,,,
analytic_primary,MAIN,0.0,0.7,100,MIS-I-2000,MIS-I,2000.0,200,rate;dollars,HT;EXP;DIFF,0.0;0.25;0.5;0.75;1.0,20000,,,
analytic_primary,MAIN,0.0,0.7,100,MIS-G-2000,MIS-G,2000.0,200,rate;dollars,HT;EXP;DIFF,0.0;0.25;0.5;0.75;1.0,20000,,,
analytic_primary,MAIN,0.0,0.7,100,MIS-G-10000,MIS-G,10000.0,200,rate;dollars,HT;EXP;DIFF,0.0;0.25;0.5;0.75;1.0,20000,,,
analytic_primary,MAIN,0.0,0.7,100,KS-2000,KS,2000.0,200,rate;dollars,HT;EXP;DIFF,0.0;0.25;0.5;0.75;1.0,20000,,,
analytic_primary,MAIN,0.0,0.7,400,ORACLE,,,0,rate;dollars,HT;EXP;DIFF,0.0;0.25;0.5;0.75;1.0,20000,,,
analytic_primary,MAIN,0.0,0.7,400,COR-10000,COR,10000.0,200,rate;dollars,HT;EXP;DIFF,0.0;0.25;0.5;0.75;1.0,20000,,,
analytic_primary,MAIN,0.0,0.7,400,COR-2000,COR,2000.0,200,rate;dollars,HT;EXP;DIFF,0.0;0.25;0.5;0.75;1.0,20000,,,
analytic_primary,MAIN,0.0,0.7,400,COR-500,COR,500.0,200,rate;dollars,HT;EXP;DIFF,0.0;0.25;0.5;0.75;1.0,20000,,,
analytic_primary,MAIN,0.0,0.7,400,MIS-I-2000,MIS-I,2000.0,200,rate;dollars,HT;EXP;DIFF,0.0;0.25;0.5;0.75;1.0,20000,,,
analytic_primary,MAIN,0.0,0.7,400,MIS-G-2000,MIS-G,2000.0,200,rate;dollars,HT;EXP;DIFF,0.0;0.25;0.5;0.75;1.0,20000,,,
analytic_primary,MAIN,0.0,0.7,400,MIS-G-10000,MIS-G,10000.0,200,rate;dollars,HT;EXP;DIFF,0.0;0.25;0.5;0.75;1.0,20000,,,
analytic_primary,MAIN,0.0,0.7,400,KS-2000,KS,2000.0,200,rate;dollars,HT;EXP;DIFF,0.0;0.25;0.5;0.75;1.0,20000,,,
analytic_primary,MAIN,0.75,0.05,100,ORACLE,,,0,rate;dollars,HT;EXP;DIFF,0.0;0.25;0.5;0.75;1.0,20000,,,
analytic_primary,MAIN,0.75,0.05,100,COR-10000,COR,10000.0,200,rate;dollars,HT;EXP;DIFF,0.0;0.25;0.5;0.75;1.0,20000,,,
analytic_primary,MAIN,0.75,0.05,100,COR-2000,COR,2000.0,200,rate;dollars,HT;EXP;DIFF,0.0;0.25;0.5;0.75;1.0,20000,,,
analytic_primary,MAIN,0.75,0.05,100,COR-500,COR,500.0,200,rate;dollars,HT;EXP;DIFF,0.0;0.25;0.5;0.75;1.0,20000,,,
analytic_primary,MAIN,0.75,0.05,100,MIS-I-2000,MIS-I,2000.0,200,rate;dollars,HT;EXP;DIFF,0.0;0.25;0.5;0.75;1.0,20000,,,
analytic_primary,MAIN,0.75,0.05,100,MIS-G-2000,MIS-G,2000.0,200,rate;dollars,HT;EXP;DIFF,0.0;0.25;0.5;0.75;1.0,20000,,,
analytic_primary,MAIN,0.75,0.05,100,MIS-G-10000,MIS-G,10000.0,200,rate;dollars,HT;EXP;DIFF,0.0;0.25;0.5;0.75;1.0,20000,,,
analytic_primary,MAIN,0.75,0.05,100,KS-2000,KS,2000.0,200,rate;dollars,HT;EXP;DIFF,0.0;0.25;0.5;0.75;1.0,20000,,,
analytic_primary,MAIN,0.75,0.05,400,ORACLE,,,0,rate;dollars,HT;EXP;DIFF,0.0;0.25;0.5;0.75;1.0,20000,,,
analytic_primary,MAIN,0.75,0.05,400,COR-10000,COR,10000.0,200,rate;dollars,HT;EXP;DIFF,0.0;0.25;0.5;0.75;1.0,20000,,,
analytic_primary,MAIN,0.75,0.05,400,COR-2000,COR,2000.0,200,rate;dollars,HT;EXP;DIFF,0.0;0.25;0.5;0.75;1.0,20000,,,
analytic_primary,MAIN,0.75,0.05,400,COR-500,COR,500.0,200,rate;dollars,HT;EXP;DIFF,0.0;0.25;0.5;0.75;1.0,20000,,,
analytic_primary,MAIN,0.75,0.05,400,MIS-I-2000,MIS-I,2000.0,200,rate;dollars,HT;EXP;DIFF,0.0;0.25;0.5;0.75;1.0,20000,,,
analytic_primary,MAIN,0.75,0.05,400,MIS-G-2000,MIS-G,2000.0,200,rate;dollars,HT;EXP;DIFF,0.0;0.25;0.5;0.75;1.0,20000,,,
analytic_primary,MAIN,0.75,0.05,400,MIS-G-10000,MIS-G,10000.0,200,rate;dollars,HT;EXP;DIFF,0.0;0.25;0.5;0.75;1.0,20000,,,
analytic_primary,MAIN,0.75,0.05,400,KS-2000,KS,2000.0,200,rate;dollars,HT;EXP;DIFF,0.0;0.25;0.5;0.75;1.0,20000,,,
analytic_primary,MAIN,0.75,0.25,100,ORACLE,,,0,rate;dollars,HT;EXP;DIFF,0.0;0.25;0.5;0.75;1.0,20000,,,
analytic_primary,MAIN,0.75,0.25,100,COR-10000,COR,10000.0,200,rate;dollars,HT;EXP;DIFF,0.0;0.25;0.5;0.75;1.0,20000,,,
analytic_primary,MAIN,0.75,0.25,100,COR-2000,COR,2000.0,200,rate;dollars,HT;EXP;DIFF,0.0;0.25;0.5;0.75;1.0,20000,,,
analytic_primary,MAIN,0.75,0.25,100,COR-500,COR,500.0,200,rate;dollars,HT;EXP;DIFF,0.0;0.25;0.5;0.75;1.0,20000,,,
analytic_primary,MAIN,0.75,0.25,100,MIS-I-2000,MIS-I,2000.0,200,rate;dollars,HT;EXP;DIFF,0.0;0.25;0.5;0.75;1.0,20000,,,
analytic_primary,MAIN,0.75,0.25,100,MIS-G-2000,MIS-G,2000.0,200,rate;dollars,HT;EXP;DIFF,0.0;0.25;0.5;0.75;1.0,20000,,,
analytic_primary,MAIN,0.75,0.25,100,MIS-G-10000,MIS-G,10000.0,200,rate;dollars,HT;EXP;DIFF,0.0;0.25;0.5;0.75;1.0,20000,,,
analytic_primary,MAIN,0.75,0.25,100,KS-2000,KS,2000.0,200,rate;dollars,HT;EXP;DIFF,0.0;0.25;0.5;0.75;1.0,20000,,,
analytic_primary,MAIN,0.75,0.25,400,ORACLE,,,0,rate;dollars,HT;EXP;DIFF,0.0;0.25;0.5;0.75;1.0,20000,,,
analytic_primary,MAIN,0.75,0.25,400,COR-10000,COR,10000.0,200,rate;dollars,HT;EXP;DIFF,0.0;0.25;0.5;0.75;1.0,20000,,,
analytic_primary,MAIN,0.75,0.25,400,COR-2000,COR,2000.0,200,rate;dollars,HT;EXP;DIFF,0.0;0.25;0.5;0.75;1.0,20000,,,
analytic_primary,MAIN,0.75,0.25,400,COR-500,COR,500.0,200,rate;dollars,HT;EXP;DIFF,0.0;0.25;0.5;0.75;1.0,20000,,,
analytic_primary,MAIN,0.75,0.25,400,MIS-I-2000,MIS-I,2000.0,200,rate;dollars,HT;EXP;DIFF,0.0;0.25;0.5;0.75;1.0,20000,,,
analytic_primary,MAIN,0.75,0.25,400,MIS-G-2000,MIS-G,2000.0,200,rate;dollars,HT;EXP;DIFF,0.0;0.25;0.5;0.75;1.0,20000,,,
analytic_primary,MAIN,0.75,0.25,400,MIS-G-10000,MIS-G,10000.0,200,rate;dollars,HT;EXP;DIFF,0.0;0.25;0.5;0.75;1.0,20000,,,
analytic_primary,MAIN,0.75,0.25,400,KS-2000,KS,2000.0,200,rate;dollars,HT;EXP;DIFF,0.0;0.25;0.5;0.75;1.0,20000,,,
analytic_primary,MAIN,0.75,0.7,100,ORACLE,,,0,rate;dollars,HT;EXP;DIFF,0.0;0.25;0.5;0.75;1.0,20000,,,
analytic_primary,MAIN,0.75,0.7,100,COR-10000,COR,10000.0,200,rate;dollars,HT;EXP;DIFF,0.0;0.25;0.5;0.75;1.0,20000,,,
analytic_primary,MAIN,0.75,0.7,100,COR-2000,COR,2000.0,200,rate;dollars,HT;EXP;DIFF,0.0;0.25;0.5;0.75;1.0,20000,,,
analytic_primary,MAIN,0.75,0.7,100,COR-500,COR,500.0,200,rate;dollars,HT;EXP;DIFF,0.0;0.25;0.5;0.75;1.0,20000,,,
analytic_primary,MAIN,0.75,0.7,100,MIS-I-2000,MIS-I,2000.0,200,rate;dollars,HT;EXP;DIFF,0.0;0.25;0.5;0.75;1.0,20000,,,
analytic_primary,MAIN,0.75,0.7,100,MIS-G-2000,MIS-G,2000.0,200,rate;dollars,HT;EXP;DIFF,0.0;0.25;0.5;0.75;1.0,20000,,,
analytic_primary,MAIN,0.75,0.7,100,MIS-G-10000,MIS-G,10000.0,200,rate;dollars,HT;EXP;DIFF,0.0;0.25;0.5;0.75;1.0,20000,,,
analytic_primary,MAIN,0.75,0.7,100,KS-2000,KS,2000.0,200,rate;dollars,HT;EXP;DIFF,0.0;0.25;0.5;0.75;1.0,20000,,,
analytic_primary,MAIN,0.75,0.7,400,ORACLE,,,0,rate;dollars,HT;EXP;DIFF,0.0;0.25;0.5;0.75;1.0,20000,,,
analytic_primary,MAIN,0.75,0.7,400,COR-10000,COR,10000.0,200,rate;dollars,HT;EXP;DIFF,0.0;0.25;0.5;0.75;1.0,20000,,,
analytic_primary,MAIN,0.75,0.7,400,COR-2000,COR,2000.0,200,rate;dollars,HT;EXP;DIFF,0.0;0.25;0.5;0.75;1.0,20000,,,
analytic_primary,MAIN,0.75,0.7,400,COR-500,COR,500.0,200,rate;dollars,HT;EXP;DIFF,0.0;0.25;0.5;0.75;1.0,20000,,,
analytic_primary,MAIN,0.75,0.7,400,MIS-I-2000,MIS-I,2000.0,200,rate;dollars,HT;EXP;DIFF,0.0;0.25;0.5;0.75;1.0,20000,,,
analytic_primary,MAIN,0.75,0.7,400,MIS-G-2000,MIS-G,2000.0,200,rate;dollars,HT;EXP;DIFF,0.0;0.25;0.5;0.75;1.0,20000,,,
analytic_primary,MAIN,0.75,0.7,400,MIS-G-10000,MIS-G,10000.0,200,rate;dollars,HT;EXP;DIFF,0.0;0.25;0.5;0.75;1.0,20000,,,
analytic_primary,MAIN,0.75,0.7,400,KS-2000,KS,2000.0,200,rate;dollars,HT;EXP;DIFF,0.0;0.25;0.5;0.75;1.0,20000,,,
analytic_primary,MAIN,1.5,0.05,100,ORACLE,,,0,rate;dollars,HT;EXP;DIFF,0.0;0.25;0.5;0.75;1.0,20000,,,
analytic_primary,MAIN,1.5,0.05,100,COR-10000,COR,10000.0,200,rate;dollars,HT;EXP;DIFF,0.0;0.25;0.5;0.75;1.0,20000,,,
analytic_primary,MAIN,1.5,0.05,100,COR-2000,COR,2000.0,200,rate;dollars,HT;EXP;DIFF,0.0;0.25;0.5;0.75;1.0,20000,,,
analytic_primary,MAIN,1.5,0.05,100,COR-500,COR,500.0,200,rate;dollars,HT;EXP;DIFF,0.0;0.25;0.5;0.75;1.0,20000,,,
analytic_primary,MAIN,1.5,0.05,100,MIS-I-2000,MIS-I,2000.0,200,rate;dollars,HT;EXP;DIFF,0.0;0.25;0.5;0.75;1.0,20000,,,
analytic_primary,MAIN,1.5,0.05,100,MIS-G-2000,MIS-G,2000.0,200,rate;dollars,HT;EXP;DIFF,0.0;0.25;0.5;0.75;1.0,20000,,,
analytic_primary,MAIN,1.5,0.05,100,MIS-G-10000,MIS-G,10000.0,200,rate;dollars,HT;EXP;DIFF,0.0;0.25;0.5;0.75;1.0,20000,,,
analytic_primary,MAIN,1.5,0.05,100,KS-2000,KS,2000.0,200,rate;dollars,HT;EXP;DIFF,0.0;0.25;0.5;0.75;1.0,20000,,,
analytic_primary,MAIN,1.5,0.05,400,ORACLE,,,0,rate;dollars,HT;EXP;DIFF,0.0;0.25;0.5;0.75;1.0,20000,,,
analytic_primary,MAIN,1.5,0.05,400,COR-10000,COR,10000.0,200,rate;dollars,HT;EXP;DIFF,0.0;0.25;0.5;0.75;1.0,20000,,,
analytic_primary,MAIN,1.5,0.05,400,COR-2000,COR,2000.0,200,rate;dollars,HT;EXP;DIFF,0.0;0.25;0.5;0.75;1.0,20000,,,
analytic_primary,MAIN,1.5,0.05,400,COR-500,COR,500.0,200,rate;dollars,HT;EXP;DIFF,0.0;0.25;0.5;0.75;1.0,20000,,,
analytic_primary,MAIN,1.5,0.05,400,MIS-I-2000,MIS-I,2000.0,200,rate;dollars,HT;EXP;DIFF,0.0;0.25;0.5;0.75;1.0,20000,,,
analytic_primary,MAIN,1.5,0.05,400,MIS-G-2000,MIS-G,2000.0,200,rate;dollars,HT;EXP;DIFF,0.0;0.25;0.5;0.75;1.0,20000,,,
analytic_primary,MAIN,1.5,0.05,400,MIS-G-10000,MIS-G,10000.0,200,rate;dollars,HT;EXP;DIFF,0.0;0.25;0.5;0.75;1.0,20000,,,
analytic_primary,MAIN,1.5,0.05,400,KS-2000,KS,2000.0,200,rate;dollars,HT;EXP;DIFF,0.0;0.25;0.5;0.75;1.0,20000,,,
analytic_primary,MAIN,1.5,0.25,100,ORACLE,,,0,rate;dollars,HT;EXP;DIFF,0.0;0.25;0.5;0.75;1.0,20000,,,
analytic_primary,MAIN,1.5,0.25,100,COR-10000,COR,10000.0,200,rate;dollars,HT;EXP;DIFF,0.0;0.25;0.5;0.75;1.0,20000,,,
analytic_primary,MAIN,1.5,0.25,100,COR-2000,COR,2000.0,200,rate;dollars,HT;EXP;DIFF,0.0;0.25;0.5;0.75;1.0,20000,,,
analytic_primary,MAIN,1.5,0.25,100,COR-500,COR,500.0,200,rate;dollars,HT;EXP;DIFF,0.0;0.25;0.5;0.75;1.0,20000,,,
analytic_primary,MAIN,1.5,0.25,100,MIS-I-2000,MIS-I,2000.0,200,rate;dollars,HT;EXP;DIFF,0.0;0.25;0.5;0.75;1.0,20000,,,
analytic_primary,MAIN,1.5,0.25,100,MIS-G-2000,MIS-G,2000.0,200,rate;dollars,HT;EXP;DIFF,0.0;0.25;0.5;0.75;1.0,20000,,,
analytic_primary,MAIN,1.5,0.25,100,MIS-G-10000,MIS-G,10000.0,200,rate;dollars,HT;EXP;DIFF,0.0;0.25;0.5;0.75;1.0,20000,,,
analytic_primary,MAIN,1.5,0.25,100,KS-2000,KS,2000.0,200,rate;dollars,HT;EXP;DIFF,0.0;0.25;0.5;0.75;1.0,20000,,,
analytic_primary,MAIN,1.5,0.25,400,ORACLE,,,0,rate;dollars,HT;EXP;DIFF,0.0;0.25;0.5;0.75;1.0,20000,,,
analytic_primary,MAIN,1.5,0.25,400,COR-10000,COR,10000.0,200,rate;dollars,HT;EXP;DIFF,0.0;0.25;0.5;0.75;1.0,20000,,,
analytic_primary,MAIN,1.5,0.25,400,COR-2000,COR,2000.0,200,rate;dollars,HT;EXP;DIFF,0.0;0.25;0.5;0.75;1.0,20000,,,
analytic_primary,MAIN,1.5,0.25,400,COR-500,COR,500.0,200,rate;dollars,HT;EXP;DIFF,0.0;0.25;0.5;0.75;1.0,20000,,,
analytic_primary,MAIN,1.5,0.25,400,MIS-I-2000,MIS-I,2000.0,200,rate;dollars,HT;EXP;DIFF,0.0;0.25;0.5;0.75;1.0,20000,,,
analytic_primary,MAIN,1.5,0.25,400,MIS-G-2000,MIS-G,2000.0,200,rate;dollars,HT;EXP;DIFF,0.0;0.25;0.5;0.75;1.0,20000,,,
analytic_primary,MAIN,1.5,0.25,400,MIS-G-10000,MIS-G,10000.0,200,rate;dollars,HT;EXP;DIFF,0.0;0.25;0.5;0.75;1.0,20000,,,
analytic_primary,MAIN,1.5,0.25,400,KS-2000,KS,2000.0,200,rate;dollars,HT;EXP;DIFF,0.0;0.25;0.5;0.75;1.0,20000,,,
analytic_primary,MAIN,1.5,0.7,100,ORACLE,,,0,rate;dollars,HT;EXP;DIFF,0.0;0.25;0.5;0.75;1.0,20000,,,
analytic_primary,MAIN,1.5,0.7,100,COR-10000,COR,10000.0,200,rate;dollars,HT;EXP;DIFF,0.0;0.25;0.5;0.75;1.0,20000,,,
analytic_primary,MAIN,1.5,0.7,100,COR-2000,COR,2000.0,200,rate;dollars,HT;EXP;DIFF,0.0;0.25;0.5;0.75;1.0,20000,,,
analytic_primary,MAIN,1.5,0.7,100,COR-500,COR,500.0,200,rate;dollars,HT;EXP;DIFF,0.0;0.25;0.5;0.75;1.0,20000,,,
analytic_primary,MAIN,1.5,0.7,100,MIS-I-2000,MIS-I,2000.0,200,rate;dollars,HT;EXP;DIFF,0.0;0.25;0.5;0.75;1.0,20000,,,
analytic_primary,MAIN,1.5,0.7,100,MIS-G-2000,MIS-G,2000.0,200,rate;dollars,HT;EXP;DIFF,0.0;0.25;0.5;0.75;1.0,20000,,,
analytic_primary,MAIN,1.5,0.7,100,MIS-G-10000,MIS-G,10000.0,200,rate;dollars,HT;EXP;DIFF,0.0;0.25;0.5;0.75;1.0,20000,,,
analytic_primary,MAIN,1.5,0.7,100,KS-2000,KS,2000.0,200,rate;dollars,HT;EXP;DIFF,0.0;0.25;0.5;0.75;1.0,20000,,,
analytic_primary,MAIN,1.5,0.7,400,ORACLE,,,0,rate;dollars,HT;EXP;DIFF,0.0;0.25;0.5;0.75;1.0,20000,,,
analytic_primary,MAIN,1.5,0.7,400,COR-10000,COR,10000.0,200,rate;dollars,HT;EXP;DIFF,0.0;0.25;0.5;0.75;1.0,20000,,,
analytic_primary,MAIN,1.5,0.7,400,COR-2000,COR,2000.0,200,rate;dollars,HT;EXP;DIFF,0.0;0.25;0.5;0.75;1.0,20000,,,
analytic_primary,MAIN,1.5,0.7,400,COR-500,COR,500.0,200,rate;dollars,HT;EXP;DIFF,0.0;0.25;0.5;0.75;1.0,20000,,,
analytic_primary,MAIN,1.5,0.7,400,MIS-I-2000,MIS-I,2000.0,200,rate;dollars,HT;EXP;DIFF,0.0;0.25;0.5;0.75;1.0,20000,,,
analytic_primary,MAIN,1.5,0.7,400,MIS-G-2000,MIS-G,2000.0,200,rate;dollars,HT;EXP;DIFF,0.0;0.25;0.5;0.75;1.0,20000,,,
analytic_primary,MAIN,1.5,0.7,400,MIS-G-10000,MIS-G,10000.0,200,rate;dollars,HT;EXP;DIFF,0.0;0.25;0.5;0.75;1.0,20000,,,
analytic_primary,MAIN,1.5,0.7,400,KS-2000,KS,2000.0,200,rate;dollars,HT;EXP;DIFF,0.0;0.25;0.5;0.75;1.0,20000,,,
analytic_primary,STRATCAP,0.0,0.05,100,ORACLE,,,0,rate;dollars,HT;EXP;DIFF,0.0;0.25;0.5;0.75;1.0,20000,,,
analytic_primary,STRATCAP,0.0,0.05,100,STRAT-2000,STRAT,2000.0,200,rate;dollars,HT;EXP;DIFF,0.0;0.25;0.5;0.75;1.0,20000,,,
analytic_primary,STRATCAP,0.0,0.05,400,ORACLE,,,0,rate;dollars,HT;EXP;DIFF,0.0;0.25;0.5;0.75;1.0,20000,,,
analytic_primary,STRATCAP,0.0,0.05,400,STRAT-2000,STRAT,2000.0,200,rate;dollars,HT;EXP;DIFF,0.0;0.25;0.5;0.75;1.0,20000,,,
analytic_primary,STRATCAP,0.0,0.25,100,ORACLE,,,0,rate;dollars,HT;EXP;DIFF,0.0;0.25;0.5;0.75;1.0,20000,,,
analytic_primary,STRATCAP,0.0,0.25,100,STRAT-2000,STRAT,2000.0,200,rate;dollars,HT;EXP;DIFF,0.0;0.25;0.5;0.75;1.0,20000,,,
analytic_primary,STRATCAP,0.0,0.25,400,ORACLE,,,0,rate;dollars,HT;EXP;DIFF,0.0;0.25;0.5;0.75;1.0,20000,,,
analytic_primary,STRATCAP,0.0,0.25,400,STRAT-2000,STRAT,2000.0,200,rate;dollars,HT;EXP;DIFF,0.0;0.25;0.5;0.75;1.0,20000,,,
analytic_primary,STRATCAP,0.0,0.7,100,ORACLE,,,0,rate;dollars,HT;EXP;DIFF,0.0;0.25;0.5;0.75;1.0,20000,,,
analytic_primary,STRATCAP,0.0,0.7,100,STRAT-2000,STRAT,2000.0,200,rate;dollars,HT;EXP;DIFF,0.0;0.25;0.5;0.75;1.0,20000,,,
analytic_primary,STRATCAP,0.0,0.7,400,ORACLE,,,0,rate;dollars,HT;EXP;DIFF,0.0;0.25;0.5;0.75;1.0,20000,,,
analytic_primary,STRATCAP,0.0,0.7,400,STRAT-2000,STRAT,2000.0,200,rate;dollars,HT;EXP;DIFF,0.0;0.25;0.5;0.75;1.0,20000,,,
analytic_primary,STRATCAP,0.75,0.05,100,ORACLE,,,0,rate;dollars,HT;EXP;DIFF,0.0;0.25;0.5;0.75;1.0,20000,,,
analytic_primary,STRATCAP,0.75,0.05,100,STRAT-2000,STRAT,2000.0,200,rate;dollars,HT;EXP;DIFF,0.0;0.25;0.5;0.75;1.0,20000,,,
analytic_primary,STRATCAP,0.75,0.05,400,ORACLE,,,0,rate;dollars,HT;EXP;DIFF,0.0;0.25;0.5;0.75;1.0,20000,,,
analytic_primary,STRATCAP,0.75,0.05,400,STRAT-2000,STRAT,2000.0,200,rate;dollars,HT;EXP;DIFF,0.0;0.25;0.5;0.75;1.0,20000,,,
analytic_primary,STRATCAP,0.75,0.25,100,ORACLE,,,0,rate;dollars,HT;EXP;DIFF,0.0;0.25;0.5;0.75;1.0,20000,,,
analytic_primary,STRATCAP,0.75,0.25,100,STRAT-2000,STRAT,2000.0,200,rate;dollars,HT;EXP;DIFF,0.0;0.25;0.5;0.75;1.0,20000,,,
analytic_primary,STRATCAP,0.75,0.25,400,ORACLE,,,0,rate;dollars,HT;EXP;DIFF,0.0;0.25;0.5;0.75;1.0,20000,,,
analytic_primary,STRATCAP,0.75,0.25,400,STRAT-2000,STRAT,2000.0,200,rate;dollars,HT;EXP;DIFF,0.0;0.25;0.5;0.75;1.0,20000,,,
analytic_primary,STRATCAP,0.75,0.7,100,ORACLE,,,0,rate;dollars,HT;EXP;DIFF,0.0;0.25;0.5;0.75;1.0,20000,,,
analytic_primary,STRATCAP,0.75,0.7,100,STRAT-2000,STRAT,2000.0,200,rate;dollars,HT;EXP;DIFF,0.0;0.25;0.5;0.75;1.0,20000,,,
analytic_primary,STRATCAP,0.75,0.7,400,ORACLE,,,0,rate;dollars,HT;EXP;DIFF,0.0;0.25;0.5;0.75;1.0,20000,,,
analytic_primary,STRATCAP,0.75,0.7,400,STRAT-2000,STRAT,2000.0,200,rate;dollars,HT;EXP;DIFF,0.0;0.25;0.5;0.75;1.0,20000,,,
analytic_primary,STRATCAP,1.5,0.05,100,ORACLE,,,0,rate;dollars,HT;EXP;DIFF,0.0;0.25;0.5;0.75;1.0,20000,,,
analytic_primary,STRATCAP,1.5,0.05,100,STRAT-2000,STRAT,2000.0,200,rate;dollars,HT;EXP;DIFF,0.0;0.25;0.5;0.75;1.0,20000,,,
analytic_primary,STRATCAP,1.5,0.05,400,ORACLE,,,0,rate;dollars,HT;EXP;DIFF,0.0;0.25;0.5;0.75;1.0,20000,,,
analytic_primary,STRATCAP,1.5,0.05,400,STRAT-2000,STRAT,2000.0,200,rate;dollars,HT;EXP;DIFF,0.0;0.25;0.5;0.75;1.0,20000,,,
analytic_primary,STRATCAP,1.5,0.25,100,ORACLE,,,0,rate;dollars,HT;EXP;DIFF,0.0;0.25;0.5;0.75;1.0,20000,,,
analytic_primary,STRATCAP,1.5,0.25,100,STRAT-2000,STRAT,2000.0,200,rate;dollars,HT;EXP;DIFF,0.0;0.25;0.5;0.75;1.0,20000,,,
analytic_primary,STRATCAP,1.5,0.25,400,ORACLE,,,0,rate;dollars,HT;EXP;DIFF,0.0;0.25;0.5;0.75;1.0,20000,,,
analytic_primary,STRATCAP,1.5,0.25,400,STRAT-2000,STRAT,2000.0,200,rate;dollars,HT;EXP;DIFF,0.0;0.25;0.5;0.75;1.0,20000,,,
analytic_primary,STRATCAP,1.5,0.7,100,ORACLE,,,0,rate;dollars,HT;EXP;DIFF,0.0;0.25;0.5;0.75;1.0,20000,,,
analytic_primary,STRATCAP,1.5,0.7,100,STRAT-2000,STRAT,2000.0,200,rate;dollars,HT;EXP;DIFF,0.0;0.25;0.5;0.75;1.0,20000,,,
analytic_primary,STRATCAP,1.5,0.7,400,ORACLE,,,0,rate;dollars,HT;EXP;DIFF,0.0;0.25;0.5;0.75;1.0,20000,,,
analytic_primary,STRATCAP,1.5,0.7,400,STRAT-2000,STRAT,2000.0,200,rate;dollars,HT;EXP;DIFF,0.0;0.25;0.5;0.75;1.0,20000,,,
monte_carlo_complete_procedure,MAIN,0.0,0.25,100,ORACLE;COR-2000;MIS-G-2000,,,200,rate;dollars,,,20000,S1,2000 pilot; 10000 final,False
monte_carlo_complete_procedure,MAIN,0.75,0.25,100,ORACLE;COR-2000;MIS-G-2000,,,200,rate;dollars,,,20000,S2,2000 pilot; 10000 final,True
monte_carlo_complete_procedure,MAIN,1.5,0.05,100,ORACLE;COR-2000;MIS-G-2000,,,200,rate;dollars,,,20000,S3,2000 pilot; 10000 final,False
monte_carlo_complete_procedure,MAIN,1.5,0.05,400,ORACLE;COR-2000;MIS-G-2000,,,200,rate;dollars,,,20000,S4,2000 pilot; 10000 final,False
monte_carlo_complete_procedure,MAIN,1.5,0.25,100,ORACLE;COR-2000;MIS-G-2000,,,200,rate;dollars,,,20000,S5,2000 pilot; 10000 final,True
monte_carlo_complete_procedure,MAIN,1.5,0.7,100,ORACLE;COR-2000;MIS-G-2000,,,200,rate;dollars,,,20000,S6,2000 pilot; 10000 final,True
monte_carlo_complete_procedure,MAIN,1.5,0.7,400,ORACLE;COR-2000;MIS-G-2000,,,200,rate;dollars,,,20000,S7,2000 pilot; 10000 final,False
monte_carlo_complete_procedure,STRATCAP,1.5,0.25,100,ORACLE;STRAT-2000,,,200,rate;dollars,,,20000,S8,2000 pilot; 10000 final,False
