dgp,sigma,prevalence,n,estimand,design,AV
MAIN,0.0,0.05,100,rate,SRSWOR/DIFF,189050.0
MAIN,0.0,0.05,100,rate,ST-PROP/DIFF,189170.27846874998
MAIN,0.0,0.05,100,rate,ST-EQD/DIFF,428398.73325000005
MAIN,0.0,0.05,100,rate,PPS-A/DIFF(fixed),789331.330263414
MAIN,0.0,0.05,100,dollars,SRSWOR/DIFF,182255093669.85654
MAIN,0.0,0.05,100,dollars,ST-PROP/DIFF,197615105201.32288
MAIN,0.0,0.05,100,dollars,ST-EQD/DIFF,55680756507.999725
MAIN,0.0,0.05,100,dollars,PPS-A/DIFF(fixed),48401626052.021355
MAIN,0.0,0.05,400,rate,SRSWOR/DIFF,46550.0
MAIN,0.0,0.05,400,rate,ST-PROP/DIFF,46551.36524187942
MAIN,0.0,0.05,400,rate,ST-EQD/DIFF,106387.1833125
MAIN,0.0,0.05,400,rate,PPS-A/DIFF(fixed),196620.26179200577
MAIN,0.0,0.05,400,dollars,SRSWOR/DIFF,44876882360.91946
MAIN,0.0,0.05,400,dollars,ST-PROP/DIFF,44436555313.2368
MAIN,0.0,0.05,400,dollars,ST-EQD/DIFF,13233298070.455246
MAIN,0.0,0.05,400,dollars,PPS-A/DIFF(fixed),11413962496.704485
MAIN,0.0,0.25,100,rate,SRSWOR/DIFF,746250.0000000001
MAIN,0.0,0.25,100,rate,ST-PROP/DIFF,746724.7834292764
MAIN,0.0,0.25,100,rate,ST-EQD/DIFF,1691047.63125
MAIN,0.0,0.25,100,rate,PPS-A/DIFF(fixed),3115781.5668292665
MAIN,0.0,0.25,100,dollars,SRSWOR/DIFF,719428001328.381
MAIN,0.0,0.25,100,dollars,ST-PROP/DIFF,780059625794.6957
MAIN,0.0,0.25,100,dollars,ST-EQD/DIFF,219792459899.99893
MAIN,0.0,0.25,100,dollars,PPS-A/DIFF(fixed),191059050205.34744
MAIN,0.0,0.25,400,rate,SRSWOR/DIFF,183750.00000000003
MAIN,0.0,0.25,400,rate,ST-PROP/DIFF,183755.389112682
MAIN,0.0,0.25,400,rate,ST-EQD/DIFF,419949.4078125
MAIN,0.0,0.25,400,rate,PPS-A/DIFF(fixed),776132.612336865
MAIN,0.0,0.25,400,dollars,SRSWOR/DIFF,177145588266.78726
MAIN,0.0,0.25,400,dollars,ST-PROP/DIFF,175407455183.82953
MAIN,0.0,0.25,400,dollars,ST-EQD/DIFF,52236702909.691765
MAIN,0.0,0.25,400,dollars,PPS-A/DIFF(fixed),45055115118.57034
MAIN,0.0,0.7,100,rate,SRSWOR/DIFF,835799.9999999999
MAIN,0.0,0.7,100,rate,ST-PROP/DIFF,836331.7574407893
MAIN,0.0,0.7,100,rate,ST-EQD/DIFF,1893973.3469999991
MAIN,0.0,0.7,100,rate,PPS-A/DIFF(fixed),3489675.3548487765
MAIN,0.0,0.7,100,dollars,SRSWOR/DIFF,805759361487.7863
MAIN,0.0,0.7,100,dollars,ST-PROP/DIFF,873666780890.0588
MAIN,0.0,0.7,100,dollars,ST-EQD/DIFF,246167555087.99872
MAIN,0.0,0.7,100,dollars,PPS-A/DIFF(fixed),213986136229.98904
MAIN,0.0,0.7,400,rate,SRSWOR/DIFF,205799.99999999997
MAIN,0.0,0.7,400,rate,ST-PROP/DIFF,205806.03580620373
MAIN,0.0,0.7,400,rate,ST-EQD/DIFF,470343.3367499997
MAIN,0.0,0.7,400,rate,PPS-A/DIFF(fixed),869268.5258172884
MAIN,0.0,0.7,400,dollars,SRSWOR/DIFF,198403058858.80164
MAIN,0.0,0.7,400,dollars,ST-PROP/DIFF,196456349805.88898
MAIN,0.0,0.7,400,dollars,ST-EQD/DIFF,58505107258.85476
MAIN,0.0,0.7,400,dollars,PPS-A/DIFF(fixed),50461728932.79875
MAIN,0.75,0.05,100,rate,SRSWOR/DIFF,178384.5984714743
MAIN,0.75,0.05,100,rate,ST-PROP/DIFF,179477.5666694051
MAIN,0.75,0.05,100,rate,ST-EQD/DIFF,347265.00594313565
MAIN,0.75,0.05,100,rate,PPS-A/DIFF(fixed),512954.129791668
MAIN,0.75,0.05,100,dollars,SRSWOR/DIFF,304791440153.22266
MAIN,0.75,0.05,100,dollars,ST-PROP/DIFF,332624654471.05444
MAIN,0.75,0.05,100,dollars,ST-EQD/DIFF,74058751159.43762
MAIN,0.75,0.05,100,dollars,PPS-A/DIFF(fixed),63355981375.60643
MAIN,0.75,0.05,400,rate,SRSWOR/DIFF,43923.84585478513
MAIN,0.75,0.05,400,rate,ST-PROP/DIFF,43908.91234901151
MAIN,0.75,0.05,400,rate,ST-EQD/DIFF,86143.94772270047
MAIN,0.75,0.05,400,rate,PPS-A/DIFF(fixed),127566.1884779312
MAIN,0.75,0.05,400,dollars,SRSWOR/DIFF,75049148580.44176
MAIN,0.75,0.05,400,dollars,ST-PROP/DIFF,74264424152.07578
MAIN,0.75,0.05,400,dollars,ST-EQD/DIFF,17365976331.995502
MAIN,0.75,0.05,400,dollars,PPS-A/DIFF(fixed),14691142762.49874
MAIN,0.75,0.25,100,rate,SRSWOR/DIFF,670811.9180805945
MAIN,0.75,0.25,100,rate,ST-PROP/DIFF,672756.1609714249
MAIN,0.75,0.25,100,rate,ST-EQD/DIFF,1412617.3518643703
MAIN,0.75,0.25,100,rate,PPS-A/DIFF(fixed),2249076.64954832
MAIN,0.75,0.25,100,dollars,SRSWOR/DIFF,820813581016.1139
MAIN,0.75,0.25,100,dollars,ST-PROP/DIFF,891809703574.759
MAIN,0.75,0.25,100,dollars,ST-EQD/DIFF,231202680705.0732
MAIN,0.75,0.25,100,dollars,PPS-A/DIFF(fixed),200200152785.06024
MAIN,0.75,0.25,400,rate,SRSWOR/DIFF,165174.79389924186
MAIN,0.75,0.25,400,rate,ST-PROP/DIFF,165164.7243144088
MAIN,0.75,0.25,400,rate,ST-EQD/DIFF,350626.1523451858
MAIN,0.75,0.25,400,rate,PPS-A/DIFF(fixed),559740.7688551961
MAIN,0.75,0.25,400,dollars,SRSWOR/DIFF,202109876732.61096
MAIN,0.75,0.25,400,dollars,ST-PROP/DIFF,200074552518.04462
MAIN,0.75,0.25,400,dollars,ST-EQD/DIFF,54707151654.85079
MAIN,0.75,0.25,400,dollars,PPS-A/DIFF(fixed),46958614580.04532
MAIN,0.75,0.7,100,rate,SRSWOR/DIFF,760853.2823986661
MAIN,0.75,0.7,100,rate,ST-PROP/DIFF,759676.176353529
MAIN,0.75,0.7,100,rate,ST-EQD/DIFF,1825574.6472908899
MAIN,0.75,0.7,100,rate,PPS-A/DIFF(fixed),3553676.448917724
MAIN,0.75,0.7,100,dollars,SRSWOR/DIFF,521618193506.01404
MAIN,0.75,0.7,100,dollars,ST-PROP/DIFF,562485044855.76
MAIN,0.75,0.7,100,dollars,ST-EQD/DIFF,188244425862.56906
MAIN,0.75,0.7,100,dollars,PPS-A/DIFF(fixed),164920110292.4617
MAIN,0.75,0.7,400,rate,SRSWOR/DIFF,187345.78310318914
MAIN,0.75,0.7,400,rate,ST-PROP/DIFF,187376.9321049514
MAIN,0.75,0.7,400,rate,ST-EQD/DIFF,453526.1243262451
MAIN,0.75,0.7,400,rate,PPS-A/DIFF(fixed),885551.2448546728
MAIN,0.75,0.7,400,dollars,SRSWOR/DIFF,128438650662.28487
MAIN,0.75,0.7,400,dollars,ST-PROP/DIFF,127254028241.88109
MAIN,0.75,0.7,400,dollars,ST-EQD/DIFF,45095208751.423615
MAIN,0.75,0.7,400,dollars,PPS-A/DIFF(fixed),39265258492.29799
MAIN,1.5,0.05,100,rate,SRSWOR/DIFF,143695.26258584484
MAIN,1.5,0.05,100,rate,ST-PROP/DIFF,145181.57829664613
MAIN,1.5,0.05,100,rate,ST-EQD/DIFF,248291.26274602074
MAIN,1.5,0.05,100,rate,PPS-A/DIFF(fixed),325570.8969015819
MAIN,1.5,0.05,100,dollars,SRSWOR/DIFF,336131669774.7241
MAIN,1.5,0.05,100,dollars,ST-PROP/DIFF,367881447516.4061
MAIN,1.5,0.05,100,dollars,ST-EQD/DIFF,73008377282.5686
MAIN,1.5,0.05,100,dollars,PPS-A/DIFF(fixed),61565600640.290855
MAIN,1.5,0.05,400,rate,SRSWOR/DIFF,35382.25058646431
MAIN,1.5,0.05,400,rate,ST-PROP/DIFF,35357.408159118255
MAIN,1.5,0.05,400,rate,ST-EQD/DIFF,61531.25062650829
MAIN,1.5,0.05,400,rate,PPS-A/DIFF(fixed),80851.14246616802
MAIN,1.5,0.05,400,dollars,SRSWOR/DIFF,82766089542.52
MAIN,1.5,0.05,400,dollars,ST-PROP/DIFF,81877965660.19855
MAIN,1.5,0.05,400,dollars,ST-EQD/DIFF,16985266419.481129
MAIN,1.5,0.05,400,dollars,PPS-A/DIFF(fixed),14125596878.962166
MAIN,1.5,0.25,100,rate,SRSWOR/DIFF,544116.2570125265
MAIN,1.5,0.25,100,rate,ST-PROP/DIFF,546317.6983800121
MAIN,1.5,0.25,100,rate,ST-EQD/DIFF,1090641.6610703433
MAIN,1.5,0.25,100,rate,PPS-A/DIFF(fixed),1555936.808120162
MAIN,1.5,0.25,100,dollars,SRSWOR/DIFF,709067237216.9038
MAIN,1.5,0.25,100,dollars,ST-PROP/DIFF,769875761725.566
MAIN,1.5,0.25,100,dollars,ST-EQD/DIFF,200317309685.80283
MAIN,1.5,0.25,100,dollars,PPS-A/DIFF(fixed),174265862295.11856
MAIN,1.5,0.25,400,rate,SRSWOR/DIFF,133978.3748422804
MAIN,1.5,0.25,400,rate,ST-PROP/DIFF,133969.4679362516
MAIN,1.5,0.25,400,rate,ST-EQD/DIFF,270609.7258567346
MAIN,1.5,0.25,400,rate,PPS-A/DIFF(fixed),386933.3623572821
MAIN,1.5,0.25,400,dollars,SRSWOR/DIFF,174594445344.86575
MAIN,1.5,0.25,400,dollars,ST-PROP/DIFF,172833524644.5987
MAIN,1.5,0.25,400,dollars,ST-EQD/DIFF,47406963462.090515
MAIN,1.5,0.25,400,dollars,PPS-A/DIFF(fixed),40895845697.15777
MAIN,1.5,0.7,100,rate,SRSWOR/DIFF,628987.9741366712
MAIN,1.5,0.7,100,rate,ST-PROP/DIFF,627107.862728378
MAIN,1.5,0.7,100,rate,ST-EQD/DIFF,1561598.8254874593
MAIN,1.5,0.7,100,rate,PPS-A/DIFF(fixed),2983122.829291654
MAIN,1.5,0.7,100,dollars,SRSWOR/DIFF,322916934622.8924
MAIN,1.5,0.7,100,dollars,ST-PROP/DIFF,346022095569.0895
MAIN,1.5,0.7,100,dollars,ST-EQD/DIFF,137830146730.97266
MAIN,1.5,0.7,100,dollars,PPS-A/DIFF(fixed),121105879953.63547
MAIN,1.5,0.7,400,rate,SRSWOR/DIFF,154876.43584269795
MAIN,1.5,0.7,400,rate,ST-PROP/DIFF,154919.31654137044
MAIN,1.5,0.7,400,rate,ST-EQD/DIFF,388029.1486803948
MAIN,1.5,0.7,400,rate,PPS-A/DIFF(fixed),743409.8539667502
MAIN,1.5,0.7,400,dollars,SRSWOR/DIFF,79512210032.7725
MAIN,1.5,0.7,400,dollars,ST-PROP/DIFF,78837765288.28778
MAIN,1.5,0.7,400,dollars,ST-EQD/DIFF,33240513059.792564
MAIN,1.5,0.7,400,dollars,PPS-A/DIFF(fixed),29060049838.36831
STRATCAP,0.0,0.05,100,rate,SRSWOR/DIFF,189050.0
STRATCAP,0.0,0.05,100,rate,ST-PROP/DIFF,189170.27846874998
STRATCAP,0.0,0.05,100,rate,ST-EQD/DIFF,428398.73325000005
STRATCAP,0.0,0.05,100,rate,PPS-A/DIFF(fixed),789331.330263414
STRATCAP,0.0,0.05,100,dollars,SRSWOR/DIFF,182255093669.85654
STRATCAP,0.0,0.05,100,dollars,ST-PROP/DIFF,197615105201.32288
STRATCAP,0.0,0.05,100,dollars,ST-EQD/DIFF,55680756507.999725
STRATCAP,0.0,0.05,100,dollars,PPS-A/DIFF(fixed),48401626052.021355
STRATCAP,0.0,0.05,400,rate,SRSWOR/DIFF,46550.0
STRATCAP,0.0,0.05,400,rate,ST-PROP/DIFF,46551.36524187942
STRATCAP,0.0,0.05,400,rate,ST-EQD/DIFF,106387.1833125
STRATCAP,0.0,0.05,400,rate,PPS-A/DIFF(fixed),196620.26179200577
STRATCAP,0.0,0.05,400,dollars,SRSWOR/DIFF,44876882360.91946
STRATCAP,0.0,0.05,400,dollars,ST-PROP/DIFF,44436555313.2368
STRATCAP,0.0,0.05,400,dollars,ST-EQD/DIFF,13233298070.455246
STRATCAP,0.0,0.05,400,dollars,PPS-A/DIFF(fixed),11413962496.704485
STRATCAP,0.0,0.25,100,rate,SRSWOR/DIFF,746250.0000000001
STRATCAP,0.0,0.25,100,rate,ST-PROP/DIFF,746724.7834292764
STRATCAP,0.0,0.25,100,rate,ST-EQD/DIFF,1691047.63125
STRATCAP,0.0,0.25,100,rate,PPS-A/DIFF(fixed),3115781.5668292665
STRATCAP,0.0,0.25,100,dollars,SRSWOR/DIFF,719428001328.381
STRATCAP,0.0,0.25,100,dollars,ST-PROP/DIFF,780059625794.6957
STRATCAP,0.0,0.25,100,dollars,ST-EQD/DIFF,219792459899.99893
STRATCAP,0.0,0.25,100,dollars,PPS-A/DIFF(fixed),191059050205.34744
STRATCAP,0.0,0.25,400,rate,SRSWOR/DIFF,183750.00000000003
STRATCAP,0.0,0.25,400,rate,ST-PROP/DIFF,183755.389112682
STRATCAP,0.0,0.25,400,rate,ST-EQD/DIFF,419949.4078125
STRATCAP,0.0,0.25,400,rate,PPS-A/DIFF(fixed),776132.612336865
STRATCAP,0.0,0.25,400,dollars,SRSWOR/DIFF,177145588266.78726
STRATCAP,0.0,0.25,400,dollars,ST-PROP/DIFF,175407455183.82953
STRATCAP,0.0,0.25,400,dollars,ST-EQD/DIFF,52236702909.691765
STRATCAP,0.0,0.25,400,dollars,PPS-A/DIFF(fixed),45055115118.57034
STRATCAP,0.0,0.7,100,rate,SRSWOR/DIFF,835799.9999999999
STRATCAP,0.0,0.7,100,rate,ST-PROP/DIFF,836331.7574407893
STRATCAP,0.0,0.7,100,rate,ST-EQD/DIFF,1893973.3469999991
STRATCAP,0.0,0.7,100,rate,PPS-A/DIFF(fixed),3489675.3548487765
STRATCAP,0.0,0.7,100,dollars,SRSWOR/DIFF,805759361487.7863
STRATCAP,0.0,0.7,100,dollars,ST-PROP/DIFF,873666780890.0588
STRATCAP,0.0,0.7,100,dollars,ST-EQD/DIFF,246167555087.99872
STRATCAP,0.0,0.7,100,dollars,PPS-A/DIFF(fixed),213986136229.98904
STRATCAP,0.0,0.7,400,rate,SRSWOR/DIFF,205799.99999999997
STRATCAP,0.0,0.7,400,rate,ST-PROP/DIFF,205806.03580620373
STRATCAP,0.0,0.7,400,rate,ST-EQD/DIFF,470343.3367499997
STRATCAP,0.0,0.7,400,rate,PPS-A/DIFF(fixed),869268.5258172884
STRATCAP,0.0,0.7,400,dollars,SRSWOR/DIFF,198403058858.80164
STRATCAP,0.0,0.7,400,dollars,ST-PROP/DIFF,196456349805.88898
STRATCAP,0.0,0.7,400,dollars,ST-EQD/DIFF,58505107258.85476
STRATCAP,0.0,0.7,400,dollars,PPS-A/DIFF(fixed),50461728932.79875
STRATCAP,0.75,0.05,100,rate,SRSWOR/DIFF,176051.1220411676
STRATCAP,0.75,0.05,100,rate,ST-PROP/DIFF,180234.24265737899
STRATCAP,0.75,0.05,100,rate,ST-EQD/DIFF,239319.92389161495
STRATCAP,0.75,0.05,100,rate,PPS-A/DIFF(fixed),410569.24442429404
STRATCAP,0.75,0.05,100,dollars,SRSWOR/DIFF,669192627283.9728
STRATCAP,0.75,0.05,100,dollars,ST-PROP/DIFF,735569143466.7031
STRATCAP,0.75,0.05,100,dollars,ST-EQD/DIFF,119543813040.64563
STRATCAP,0.75,0.05,100,dollars,PPS-A/DIFF(fixed),104814517365.23878
STRATCAP,0.75,0.05,400,rate,SRSWOR/DIFF,43349.27125636791
STRATCAP,0.75,0.05,400,rate,ST-PROP/DIFF,43225.519340741645
STRATCAP,0.75,0.05,400,rate,ST-EQD/DIFF,59166.47171897975
STRATCAP,0.75,0.05,400,rate,PPS-A/DIFF(fixed),101978.8251239493
STRATCAP,0.75,0.05,400,dollars,SRSWOR/DIFF,164776074054.84756
STRATCAP,0.75,0.05,400,dollars,ST-PROP/DIFF,162896586198.22726
STRATCAP,0.75,0.05,400,dollars,ST-EQD/DIFF,27363870494.01578
STRATCAP,0.75,0.05,400,dollars,PPS-A/DIFF(fixed),23683573091.557995
STRATCAP,0.75,0.25,100,rate,SRSWOR/DIFF,648275.5289441617
STRATCAP,0.75,0.25,100,rate,ST-PROP/DIFF,650442.5000165121
STRATCAP,0.75,0.25,100,rate,ST-EQD/DIFF,1267789.550083016
STRATCAP,0.75,0.25,100,rate,PPS-A/DIFF(fixed),2272115.124606337
STRATCAP,0.75,0.25,100,dollars,SRSWOR/DIFF,728732694177.3342
STRATCAP,0.75,0.25,100,dollars,ST-PROP/DIFF,786686503348.1721
STRATCAP,0.75,0.25,100,dollars,ST-EQD/DIFF,223641787847.68494
STRATCAP,0.75,0.25,100,dollars,PPS-A/DIFF(fixed),199653312063.47327
STRATCAP,0.75,0.25,400,rate,SRSWOR/DIFF,159625.6327550951
STRATCAP,0.75,0.25,400,rate,ST-PROP/DIFF,159644.32673426846
STRATCAP,0.75,0.25,400,rate,ST-EQD/DIFF,314504.13803980866
STRATCAP,0.75,0.25,400,rate,PPS-A/DIFF(fixed),565585.3413183221
STRATCAP,0.75,0.25,400,dollars,SRSWOR/DIFF,179436693541.15265
STRATCAP,0.75,0.25,400,dollars,ST-PROP/DIFF,177705797240.4162
STRATCAP,0.75,0.25,400,dollars,ST-EQD/DIFF,53163966958.74032
STRATCAP,0.75,0.25,400,dollars,PPS-A/DIFF(fixed),47168455130.0031
STRATCAP,0.75,0.7,100,rate,SRSWOR/DIFF,783353.8099515139
STRATCAP,0.75,0.7,100,rate,ST-PROP/DIFF,778931.7242360038
STRATCAP,0.75,0.7,100,rate,ST-EQD/DIFF,2044606.8951244298
STRATCAP,0.75,0.7,100,rate,PPS-A/DIFF(fixed),3832917.492257282
STRATCAP,0.75,0.7,100,dollars,SRSWOR/DIFF,216697190808.036
STRATCAP,0.75,0.7,100,dollars,ST-PROP/DIFF,227461067579.0794
STRATCAP,0.75,0.7,100,dollars,ST-EQD/DIFF,146835088158.78323
STRATCAP,0.75,0.7,100,dollars,PPS-A/DIFF(fixed),123718881633.86813
STRATCAP,0.75,0.7,400,rate,SRSWOR/DIFF,192886.11400816173
STRATCAP,0.75,0.7,400,rate,ST-PROP/DIFF,193004.50104282802
STRATCAP,0.75,0.7,400,rate,ST-EQD/DIFF,508199.38530139066
STRATCAP,0.75,0.7,400,rate,PPS-A/DIFF(fixed),955276.6254124345
STRATCAP,0.75,0.7,400,dollars,SRSWOR/DIFF,53357599746.70233
STRATCAP,0.75,0.7,400,dollars,ST-PROP/DIFF,53067356078.04747
STRATCAP,0.75,0.7,400,dollars,ST-EQD/DIFF,35892074084.38914
STRATCAP,0.75,0.7,400,dollars,PPS-A/DIFF(fixed),30113291539.00693
STRATCAP,1.5,0.05,100,rate,SRSWOR/DIFF,130973.44692445142
STRATCAP,1.5,0.05,100,rate,ST-PROP/DIFF,136828.03322394754
STRATCAP,1.5,0.05,100,rate,ST-EQD/DIFF,89627.38735996443
STRATCAP,1.5,0.05,100,rate,PPS-A/DIFF(fixed),130815.71195203072
STRATCAP,1.5,0.05,100,dollars,SRSWOR/DIFF,714290682431.3801
STRATCAP,1.5,0.05,100,dollars,ST-PROP/DIFF,784780287706.7751
STRATCAP,1.5,0.05,100,dollars,ST-EQD/DIFF,124260116330.68622
STRATCAP,1.5,0.05,100,dollars,PPS-A/DIFF(fixed),110619376858.88847
STRATCAP,1.5,0.05,400,rate,SRSWOR/DIFF,32249.743212553367
STRATCAP,1.5,0.05,400,rate,ST-PROP/DIFF,32037.18719234619
STRATCAP,1.5,0.05,400,rate,ST-EQD/DIFF,21913.22832143162
STRATCAP,1.5,0.05,400,rate,PPS-A/DIFF(fixed),32210.376166462433
STRATCAP,1.5,0.05,400,dollars,SRSWOR/DIFF,175880620297.17398
STRATCAP,1.5,0.05,400,dollars,ST-PROP/DIFF,173763112810.0971
STRATCAP,1.5,0.05,400,dollars,ST-EQD/DIFF,28372978772.000523
STRATCAP,1.5,0.05,400,dollars,PPS-A/DIFF(fixed),24964852307.239132
STRATCAP,1.5,0.25,100,rate,SRSWOR/DIFF,473143.6127649571
STRATCAP,1.5,0.25,100,rate,ST-PROP/DIFF,472460.7716145069
STRATCAP,1.5,0.25,100,rate,ST-EQD/DIFF,847353.6823688906
STRATCAP,1.5,0.25,100,rate,PPS-A/DIFF(fixed),1463458.5645266043
STRATCAP,1.5,0.25,100,dollars,SRSWOR/DIFF,277867441078.13983
STRATCAP,1.5,0.25,100,dollars,ST-PROP/DIFF,289818673086.6409
STRATCAP,1.5,0.25,100,dollars,ST-EQD/DIFF,141154897166.15015
STRATCAP,1.5,0.25,100,dollars,PPS-A/DIFF(fixed),129591128087.03958
STRATCAP,1.5,0.25,400,rate,SRSWOR/DIFF,116502.69862051707
STRATCAP,1.5,0.25,400,rate,ST-PROP/DIFF,116708.96759114233
STRATCAP,1.5,0.25,400,rate,ST-EQD/DIFF,210055.21602150047
STRATCAP,1.5,0.25,400,rate,PPS-A/DIFF(fixed),364081.2749449341
STRATCAP,1.5,0.25,400,dollars,SRSWOR/DIFF,68419621169.99422
STRATCAP,1.5,0.25,400,dollars,ST-PROP/DIFF,68081776824.28503
STRATCAP,1.5,0.25,400,dollars,ST-EQD/DIFF,34241485191.9968
STRATCAP,1.5,0.25,400,dollars,PPS-A/DIFF(fixed),31350802185.141712
STRATCAP,1.5,0.7,100,rate,SRSWOR/DIFF,723397.2956975867
STRATCAP,1.5,0.7,100,rate,ST-PROP/DIFF,717868.4665277998
STRATCAP,1.5,0.7,100,rate,ST-EQD/DIFF,2058175.8784907216
STRATCAP,1.5,0.7,100,rate,PPS-A/DIFF(fixed),3908937.9642893854
STRATCAP,1.5,0.7,100,dollars,SRSWOR/DIFF,74476054227.31146
STRATCAP,1.5,0.7,100,dollars,ST-PROP/DIFF,75125683238.62956
STRATCAP,1.5,0.7,100,dollars,ST-EQD/DIFF,105747365090.12228
STRATCAP,1.5,0.7,100,dollars,PPS-A/DIFF(fixed),84534699962.85948
STRATCAP,1.5,0.7,400,rate,SRSWOR/DIFF,178122.95220694345
STRATCAP,1.5,0.7,400,rate,ST-PROP/DIFF,178206.95177661252
STRATCAP,1.5,0.7,400,rate,ST-EQD/DIFF,511817.59790522716
STRATCAP,1.5,0.7,400,rate,PPS-A/DIFF(fixed),974507.6957157166
STRATCAP,1.5,0.7,400,dollars,SRSWOR/DIFF,18338324910.242523
STRATCAP,1.5,0.7,400,dollars,ST-PROP/DIFF,18351975822.29357
STRATCAP,1.5,0.7,400,dollars,ST-EQD/DIFF,26156152625.94522
STRATCAP,1.5,0.7,400,dollars,PPS-A/DIFF(fixed),20852987793.47501
