dgp,sigma,prevalence,n0,estimand,design_estimator,n_equal_precision
MAIN,0.0,0.05,100,rate,EQ-P/HT,105.23546434187809
MAIN,0.0,0.05,100,rate,SRSWOR/EXP,100.00000000000001
MAIN,0.0,0.05,100,rate,ST-PROP/EXP,100.00000024053791
MAIN,0.0,0.05,100,rate,ST-EQD/EXP,225.97301748101216
MAIN,0.0,0.05,100,rate,PPS-A/HT,437.71911209580225
MAIN,0.0,0.05,100,rate,RA-OR/HT,105.23546434187809
MAIN,0.0,0.05,100,rate,EQ-P/DIFF-OR,100.0
MAIN,0.0,0.05,100,rate,SRSWOR/DIFF-OR,100.00000000000001
MAIN,0.0,0.05,100,rate,RA-OR/DIFF-OR,100.0
MAIN,0.0,0.05,100,dollars,EQ-P/HT,101.35771805314091
MAIN,0.0,0.05,100,dollars,SRSWOR/EXP,100.0
MAIN,0.0,0.05,100,dollars,ST-PROP/EXP,96.99640570473049
MAIN,0.0,0.05,100,dollars,ST-EQD/EXP,29.959768207452488
MAIN,0.0,0.05,100,dollars,PPS-A/HT,27.294518709575296
MAIN,0.0,0.05,100,dollars,RA-OR/HT,27.29451870957529
MAIN,0.0,0.05,100,dollars,EQ-P/DIFF-OR,96.31423744002866
MAIN,0.0,0.05,100,dollars,SRSWOR/DIFF-OR,96.31423744002865
MAIN,0.0,0.05,100,dollars,RA-OR/DIFF-OR,25.936364900998573
MAIN,0.0,0.05,400,rate,EQ-P/HT,420.6098841560083
MAIN,0.0,0.05,400,rate,SRSWOR/EXP,399.9999997776643
MAIN,0.0,0.05,400,rate,ST-PROP/EXP,399.9999999999999
MAIN,0.0,0.05,400,rate,ST-EQD/EXP,903.8920698496689
MAIN,0.0,0.05,400,rate,PPS-A/HT,1714.8776651148569
MAIN,0.0,0.05,400,rate,RA-OR/HT,420.6098841560083
MAIN,0.0,0.05,400,rate,EQ-P/DIFF-OR,399.9999997776643
MAIN,0.0,0.05,400,rate,SRSWOR/DIFF-OR,399.9999997776643
MAIN,0.0,0.05,400,rate,RA-OR/DIFF-OR,399.9999997776643
MAIN,0.0,0.05,400,dollars,EQ-P/HT,405.34790497827424
MAIN,0.0,0.05,400,dollars,SRSWOR/EXP,399.99999977766436
MAIN,0.0,0.05,400,dollars,ST-PROP/EXP,388.1613833024513
MAIN,0.0,0.05,400,dollars,ST-EQD/EXP,119.893360264593
MAIN,0.0,0.05,400,dollars,PPS-A/HT,109.15573271448278
MAIN,0.0,0.05,400,dollars,RA-OR/HT,109.15573271448277
MAIN,0.0,0.05,400,dollars,EQ-P/DIFF-OR,385.4711347288589
MAIN,0.0,0.05,400,dollars,SRSWOR/DIFF-OR,385.4711347288589
MAIN,0.0,0.05,400,dollars,RA-OR/DIFF-OR,103.8031370349488
MAIN,0.0,0.25,100,rate,EQ-P/HT,133.11148089743702
MAIN,0.0,0.25,100,rate,SRSWOR/EXP,100.00000000000001
MAIN,0.0,0.25,100,rate,ST-PROP/EXP,100.00000024053786
MAIN,0.0,0.25,100,rate,ST-EQD/EXP,225.97301748101205
MAIN,0.0,0.25,100,rate,PPS-A/HT,553.5961406880971
MAIN,0.0,0.25,100,rate,RA-OR/HT,133.11148089743702
MAIN,0.0,0.25,100,rate,EQ-P/DIFF-OR,100.0
MAIN,0.0,0.25,100,rate,SRSWOR/DIFF-OR,100.00000000000001
MAIN,0.0,0.25,100,rate,RA-OR/DIFF-OR,100.0
MAIN,0.0,0.25,100,dollars,EQ-P/HT,107.17844234818814
MAIN,0.0,0.25,100,dollars,SRSWOR/EXP,100.00000000000001
MAIN,0.0,0.25,100,dollars,ST-PROP/EXP,76.7055179012946
MAIN,0.0,0.25,100,dollars,ST-EQD/EXP,25.93171470781044
MAIN,0.0,0.25,100,dollars,PPS-A/HT,28.861975743192268
MAIN,0.0,0.25,100,dollars,RA-OR/HT,28.86197574319226
MAIN,0.0,0.25,100,dollars,EQ-P/DIFF-OR,80.49166891351784
MAIN,0.0,0.25,100,dollars,SRSWOR/DIFF-OR,80.49166891351784
MAIN,0.0,0.25,100,dollars,RA-OR/DIFF-OR,21.675520910142314
MAIN,0.0,0.25,400,rate,EQ-P/HT,529.8013244388246
MAIN,0.0,0.25,400,rate,SRSWOR/EXP,399.9999997776643
MAIN,0.0,0.25,400,rate,ST-PROP/EXP,399.99999999999983
MAIN,0.0,0.25,400,rate,ST-EQD/EXP,903.8920698496687
MAIN,0.0,0.25,400,rate,PPS-A/HT,2130.8788016719996
MAIN,0.0,0.25,400,rate,RA-OR/HT,529.8013244388246
MAIN,0.0,0.25,400,rate,EQ-P/DIFF-OR,399.9999997776643
MAIN,0.0,0.25,400,rate,SRSWOR/DIFF-OR,399.9999997776643
MAIN,0.0,0.25,400,rate,RA-OR/DIFF-OR,399.9999997776643
MAIN,0.0,0.25,400,dollars,EQ-P/HT,428.25032652261035
MAIN,0.0,0.25,400,dollars,SRSWOR/EXP,399.99999977766436
MAIN,0.0,0.25,400,dollars,ST-PROP/EXP,337.2266807747168
MAIN,0.0,0.25,400,dollars,ST-EQD/EXP,103.97601491344743
MAIN,0.0,0.25,400,dollars,PPS-A/HT,115.32310293308235
MAIN,0.0,0.25,400,dollars,RA-OR/HT,115.32310293308234
MAIN,0.0,0.25,400,dollars,EQ-P/DIFF-OR,322.9163579499821
MAIN,0.0,0.25,400,dollars,SRSWOR/DIFF-OR,322.91635794998206
MAIN,0.0,0.25,400,dollars,RA-OR/DIFF-OR,86.95782366701457
MAIN,0.0,0.7,100,rate,EQ-P/HT,329.4892916042417
MAIN,0.0,0.7,100,rate,SRSWOR/EXP,100.0
MAIN,0.0,0.7,100,rate,ST-PROP/EXP,100.00000024053789
MAIN,0.0,0.7,100,rate,ST-EQD/EXP,225.97301748101214
MAIN,0.0,0.7,100,rate,PPS-A/HT,1356.3443048260233
MAIN,0.0,0.7,100,rate,RA-OR/HT,329.4892916042417
MAIN,0.0,0.7,100,rate,EQ-P/DIFF-OR,99.99999999999999
MAIN,0.0,0.7,100,rate,SRSWOR/DIFF-OR,100.0
MAIN,0.0,0.7,100,rate,RA-OR/DIFF-OR,99.99999999999999
MAIN,0.0,0.7,100,dollars,EQ-P/HT,123.08212530517973
MAIN,0.0,0.7,100,dollars,SRSWOR/EXP,100.0
MAIN,0.0,0.7,100,dollars,ST-PROP/EXP,22.03795855701015
MAIN,0.0,0.7,100,dollars,ST-EQD/EXP,14.887327578512625
MAIN,0.0,0.7,100,dollars,PPS-A/HT,33.14466264778609
MAIN,0.0,0.7,100,dollars,RA-OR/HT,33.14466264778609
MAIN,0.0,0.7,100,dollars,EQ-P/DIFF-OR,37.08439249735719
MAIN,0.0,0.7,100,dollars,SRSWOR/DIFF-OR,37.08439249735719
MAIN,0.0,0.7,100,dollars,RA-OR/DIFF-OR,10.0
MAIN,0.0,0.7,400,rate,EQ-P/HT,1273.8853503195953
MAIN,0.0,0.7,400,rate,SRSWOR/EXP,399.99999977766436
MAIN,0.0,0.7,400,rate,ST-PROP/EXP,399.9999999999999
MAIN,0.0,0.7,400,rate,ST-EQD/EXP,903.8920698496693
MAIN,0.0,0.7,400,rate,PPS-A/HT,4607.402636507778
MAIN,0.0,0.7,400,rate,RA-OR/HT,1273.8853503195953
MAIN,0.0,0.7,400,rate,EQ-P/DIFF-OR,399.9999997776643
MAIN,0.0,0.7,400,rate,SRSWOR/DIFF-OR,399.99999977766436
MAIN,0.0,0.7,400,rate,RA-OR/DIFF-OR,399.9999997776643
MAIN,0.0,0.7,400,dollars,EQ-P/HT,490.621277831735
MAIN,0.0,0.7,400,dollars,SRSWOR/EXP,399.99999977766436
MAIN,0.0,0.7,400,dollars,ST-PROP/EXP,196.54696912966324
MAIN,0.0,0.7,400,dollars,ST-EQD/EXP,60.012912498946456
MAIN,0.0,0.7,400,dollars,PPS-A/HT,132.11891418557454
MAIN,0.0,0.7,400,dollars,RA-OR/HT,132.11891418557454
MAIN,0.0,0.7,400,dollars,EQ-P/DIFF-OR,149.7579893124881
MAIN,0.0,0.7,400,dollars,SRSWOR/DIFF-OR,149.75798931248806
MAIN,0.0,0.7,400,dollars,RA-OR/DIFF-OR,40.32817935222226
MAIN,0.75,0.05,100,rate,EQ-P/HT,105.23516904288961
MAIN,0.75,0.05,100,rate,SRSWOR/EXP,99.99999999999999
MAIN,0.75,0.05,100,rate,ST-PROP/EXP,99.51205459435812
MAIN,0.75,0.05,100,rate,ST-EQD/EXP,192.5570986199865
MAIN,0.75,0.05,100,rate,PPS-A/HT,293.4542243517348
MAIN,0.75,0.05,100,rate,RA-OR/HT,90.70331732953241
MAIN,0.75,0.05,100,rate,EQ-P/DIFF-OR,94.38478213343988
MAIN,0.75,0.05,100,rate,SRSWOR/DIFF-OR,94.38478213343988
MAIN,0.75,0.05,100,rate,RA-OR/DIFF-OR,84.23850202860072
MAIN,0.75,0.05,100,dollars,EQ-P/HT,101.50177822582472
MAIN,0.75,0.05,100,dollars,SRSWOR/EXP,99.99999999999999
MAIN,0.75,0.05,100,dollars,ST-PROP/EXP,93.38178535209126
MAIN,0.75,0.05,100,dollars,ST-EQD/EXP,22.62166220453146
MAIN,0.75,0.05,100,dollars,PPS-A/HT,20.7958584389611
MAIN,0.75,0.05,100,dollars,RA-OR/HT,18.159591725328927
MAIN,0.75,0.05,100,dollars,EQ-P/DIFF-OR,84.55041294251106
MAIN,0.75,0.05,100,dollars,SRSWOR/DIFF-OR,84.55041294251104
MAIN,0.75,0.05,100,dollars,RA-OR/DIFF-OR,16.323989425752583
MAIN,0.75,0.05,400,rate,EQ-P/HT,420.6087226012483
MAIN,0.75,0.05,400,rate,SRSWOR/EXP,399.9999997776643
MAIN,0.75,0.05,400,rate,ST-PROP/EXP,398.07749984267383
MAIN,0.75,0.05,400,rate,ST-EQD/EXP,770.2850563757202
MAIN,0.75,0.05,400,rate,PPS-A/HT,1165.5760878611582
MAIN,0.75,0.05,400,rate,RA-OR/HT,362.5271548479382
MAIN,0.75,0.05,400,rate,EQ-P/DIFF-OR,377.8589910873457
MAIN,0.75,0.05,400,rate,SRSWOR/DIFF-OR,377.8589910873457
MAIN,0.75,0.05,400,rate,RA-OR/DIFF-OR,337.2394865211863
MAIN,0.75,0.05,400,dollars,EQ-P/HT,405.91521404239865
MAIN,0.75,0.05,400,dollars,SRSWOR/EXP,399.9999997776644
MAIN,0.75,0.05,400,dollars,ST-PROP/EXP,373.90018934260803
MAIN,0.75,0.05,400,dollars,ST-EQD/EXP,90.57701945248452
MAIN,0.75,0.05,400,dollars,PPS-A/HT,83.16460523699392
MAIN,0.75,0.05,400,dollars,RA-OR/HT,72.6219258998183
MAIN,0.75,0.05,400,dollars,EQ-P/DIFF-OR,338.9911905866451
MAIN,0.75,0.05,400,dollars,SRSWOR/DIFF-OR,338.991190586645
MAIN,0.75,0.05,400,dollars,RA-OR/DIFF-OR,65.44839270193404
MAIN,0.75,0.25,100,rate,EQ-P/HT,133.11081253629004
MAIN,0.75,0.25,100,rate,SRSWOR/EXP,100.0
MAIN,0.75,0.25,100,rate,ST-PROP/EXP,98.4102408818944
MAIN,0.75,0.25,100,rate,ST-EQD/EXP,206.83685047650607
MAIN,0.75,0.25,100,rate,PPS-A/HT,405.03162484051035
MAIN,0.75,0.25,100,rate,RA-OR/HT,124.13179643802583
MAIN,0.75,0.25,100,rate,EQ-P/DIFF-OR,89.93604999415687
MAIN,0.75,0.25,100,rate,SRSWOR/DIFF-OR,89.93604999415687
MAIN,0.75,0.25,100,rate,RA-OR/DIFF-OR,87.45278195405201
MAIN,0.75,0.25,100,dollars,EQ-P/HT,107.83634726555273
MAIN,0.75,0.25,100,dollars,SRSWOR/EXP,100.00000000000001
MAIN,0.75,0.25,100,dollars,ST-PROP/EXP,53.843842933725206
MAIN,0.75,0.25,100,dollars,ST-EQD/EXP,19.819165365627086
MAIN,0.75,0.25,100,dollars,PPS-A/HT,24.113988298466907
MAIN,0.75,0.25,100,dollars,RA-OR/HT,22.873905675559033
MAIN,0.75,0.25,100,dollars,EQ-P/DIFF-OR,58.781828514529394
MAIN,0.75,0.25,100,dollars,SRSWOR/DIFF-OR,58.781828514529394
MAIN,0.75,0.25,100,dollars,RA-OR/DIFF-OR,14.329751944220703
MAIN,0.75,0.25,400,rate,EQ-P/HT,529.7987173895166
MAIN,0.75,0.25,400,rate,SRSWOR/EXP,399.9999997776644
MAIN,0.75,0.25,400,rate,ST-PROP/EXP,393.7353263476214
MAIN,0.75,0.25,400,rate,ST-EQD/EXP,827.5457339862414
MAIN,0.75,0.25,400,rate,PPS-A/HT,1585.9544841945408
MAIN,0.75,0.25,400,rate,RA-OR/HT,494.06104065413655
MAIN,0.75,0.25,400,rate,EQ-P/DIFF-OR,360.2908252444163
MAIN,0.75,0.25,400,rate,SRSWOR/DIFF-OR,360.2908252444163
MAIN,0.75,0.25,400,rate,RA-OR/DIFF-OR,350.34266032563625
MAIN,0.75,0.25,400,dollars,EQ-P/HT,430.83641652782404
MAIN,0.75,0.25,400,dollars,SRSWOR/EXP,399.9999997776643
MAIN,0.75,0.25,400,dollars,ST-PROP/EXP,290.8421681235425
MAIN,0.75,0.25,400,dollars,ST-EQD/EXP,79.60779672260662
MAIN,0.75,0.25,400,dollars,PPS-A/HT,96.34213834310248
MAIN,0.75,0.25,400,dollars,RA-OR/HT,91.38766115562522
MAIN,0.75,0.25,400,dollars,EQ-P/DIFF-OR,236.5974822350026
MAIN,0.75,0.25,400,dollars,SRSWOR/DIFF-OR,236.59748223500256
MAIN,0.75,0.25,400,dollars,RA-OR/DIFF-OR,57.67740332226197
MAIN,0.75,0.7,100,rate,EQ-P/HT,329.4878385996056
MAIN,0.75,0.7,100,rate,SRSWOR/EXP,100.0
MAIN,0.75,0.7,100,rate,ST-PROP/EXP,98.44706208665791
MAIN,0.75,0.7,100,rate,ST-EQD/EXP,236.99708197468155
MAIN,0.75,0.7,100,rate,PPS-A/HT,1185.32162566932
MAIN,0.75,0.7,100,rate,RA-OR/HT,326.0301991250472
MAIN,0.75,0.7,100,rate,EQ-P/DIFF-OR,91.07336319344763
MAIN,0.75,0.7,100,rate,SRSWOR/DIFF-OR,91.0733631934476
MAIN,0.75,0.7,100,rate,RA-OR/DIFF-OR,88.85828553315861
MAIN,0.75,0.7,100,dollars,EQ-P/HT,124.23629850790151
MAIN,0.75,0.7,100,dollars,SRSWOR/EXP,100.0
MAIN,0.75,0.7,100,dollars,ST-PROP/EXP,11.505333555600673
MAIN,0.75,0.7,100,dollars,ST-EQD/EXP,11.762793985884024
MAIN,0.75,0.7,100,dollars,PPS-A/HT,31.437520568349708
MAIN,0.75,0.7,100,dollars,RA-OR/HT,31.251403314578067
MAIN,0.75,0.7,100,dollars,EQ-P/DIFF-OR,20.586832805764914
MAIN,0.75,0.7,100,dollars,SRSWOR/DIFF-OR,20.58683280576491
MAIN,0.75,0.7,100,dollars,RA-OR/DIFF-OR,10.0
MAIN,0.75,0.7,400,rate,EQ-P/HT,1273.8800023593242
MAIN,0.75,0.7,400,rate,SRSWOR/EXP,399.99999977766436
MAIN,0.75,0.7,400,rate,ST-PROP/EXP,393.8804596438661
MAIN,0.75,0.7,400,rate,ST-EQD/EXP,948.2103145942468
MAIN,0.75,0.7,400,rate,PPS-A/HT,4111.7651360129985
MAIN,0.75,0.7,400,rate,RA-OR/HT,1260.5119284530094
MAIN,0.75,0.7,400,rate,EQ-P/DIFF-OR,364.7843515889695
MAIN,0.75,0.7,400,rate,SRSWOR/DIFF-OR,364.78435158896946
MAIN,0.75,0.7,400,rate,RA-OR/DIFF-OR,355.91210133534986
MAIN,0.75,0.7,400,dollars,EQ-P/HT,495.136108624914
MAIN,0.75,0.7,400,dollars,SRSWOR/EXP,399.9999997776643
MAIN,0.75,0.7,400,dollars,ST-PROP/EXP,148.68177966386008
MAIN,0.75,0.7,400,dollars,ST-EQD/EXP,47.503656137995954
MAIN,0.75,0.7,400,dollars,PPS-A/HT,125.29230006725513
MAIN,0.75,0.7,400,dollars,RA-OR/HT,124.55054120314288
MAIN,0.75,0.7,400,dollars,EQ-P/DIFF-OR,83.34512514904637
MAIN,0.75,0.7,400,dollars,SRSWOR/DIFF-OR,83.3451251490464
MAIN,0.75,0.7,400,dollars,RA-OR/DIFF-OR,25.648370787734773
MAIN,1.5,0.05,100,rate,EQ-P/HT,105.23420859113962
MAIN,1.5,0.05,100,rate,SRSWOR/EXP,100.0
MAIN,1.5,0.05,100,rate,ST-PROP/EXP,98.59769170225958
MAIN,1.5,0.05,100,rate,ST-EQD/EXP,170.8809040104239
MAIN,1.5,0.05,100,rate,PPS-A/HT,230.29026390600058
MAIN,1.5,0.05,100,rate,RA-OR/HT,62.99695097967548
MAIN,1.5,0.05,100,rate,EQ-P/DIFF-OR,76.09950756897561
MAIN,1.5,0.05,100,rate,SRSWOR/DIFF-OR,76.09950756897562
MAIN,1.5,0.05,100,rate,RA-OR/DIFF-OR,53.51936687489503
MAIN,1.5,0.05,100,dollars,EQ-P/HT,101.60665127221782
MAIN,1.5,0.05,100,dollars,SRSWOR/EXP,100.00000000000001
MAIN,1.5,0.05,100,dollars,ST-PROP/EXP,90.07357812297955
MAIN,1.5,0.05,100,dollars,ST-EQD/EXP,19.376946166830578
MAIN,1.5,0.05,100,dollars,PPS-A/HT,17.99888748681936
MAIN,1.5,0.05,100,dollars,RA-OR/HT,12.115196976260052
MAIN,1.5,0.05,100,dollars,EQ-P/DIFF-OR,65.3162446093653
MAIN,1.5,0.05,100,dollars,SRSWOR/DIFF-OR,65.3162446093653
MAIN,1.5,0.05,100,dollars,RA-OR/DIFF-OR,10.0
MAIN,1.5,0.05,400,rate,EQ-P/HT,420.6049446759706
MAIN,1.5,0.05,400,rate,SRSWOR/EXP,399.99999977766436
MAIN,1.5,0.05,400,rate,ST-PROP/EXP,394.47415909763214
MAIN,1.5,0.05,400,rate,ST-EQD/EXP,683.6681458325426
MAIN,1.5,0.05,400,rate,PPS-A/HT,917.7485955100259
MAIN,1.5,0.05,400,rate,RA-OR/HT,251.7891239200995
MAIN,1.5,0.05,400,rate,EQ-P/DIFF-OR,305.4987697069366
MAIN,1.5,0.05,400,rate,SRSWOR/DIFF-OR,305.4987697069366
MAIN,1.5,0.05,400,rate,RA-OR/DIFF-OR,214.85159695072784
MAIN,1.5,0.05,400,dollars,EQ-P/HT,406.328188680123
MAIN,1.5,0.05,400,dollars,SRSWOR/EXP,399.99999977766436
MAIN,1.5,0.05,400,dollars,ST-PROP/EXP,360.83428114462885
MAIN,1.5,0.05,400,dollars,ST-EQD/EXP,77.62394435003878
MAIN,1.5,0.05,400,dollars,PPS-A/HT,71.97811624105
MAIN,1.5,0.05,400,dollars,RA-OR/HT,48.44905315075141
MAIN,1.5,0.05,400,dollars,EQ-P/DIFF-OR,262.6382366280757
MAIN,1.5,0.05,400,dollars,SRSWOR/DIFF-OR,262.6382366280757
MAIN,1.5,0.05,400,dollars,RA-OR/DIFF-OR,38.39282659575858
MAIN,1.5,0.25,100,rate,EQ-P/HT,133.1096900618586
MAIN,1.5,0.25,100,rate,SRSWOR/EXP,100.00000000000001
MAIN,1.5,0.25,100,rate,ST-PROP/EXP,95.55324737091858
MAIN,1.5,0.25,100,rate,ST-EQD/EXP,191.9907717886979
MAIN,1.5,0.25,100,rate,PPS-A/HT,329.49967680327256
MAIN,1.5,0.25,100,rate,RA-OR/HT,108.16892085422795
MAIN,1.5,0.25,100,rate,EQ-P/DIFF-OR,73.01129874306532
MAIN,1.5,0.25,100,rate,SRSWOR/DIFF-OR,73.01129874306531
MAIN,1.5,0.25,100,rate,RA-OR/DIFF-OR,65.81897124491127
MAIN,1.5,0.25,100,dollars,EQ-P/HT,108.42942845623494
MAIN,1.5,0.25,100,dollars,SRSWOR/EXP,100.0
MAIN,1.5,0.25,100,dollars,ST-PROP/EXP,41.95258449392445
MAIN,1.5,0.25,100,dollars,ST-EQD/EXP,16.924006720903176
MAIN,1.5,0.25,100,dollars,PPS-A/HT,22.381349410849296
MAIN,1.5,0.25,100,dollars,RA-OR/HT,19.653741665639167
MAIN,1.5,0.25,100,dollars,EQ-P/DIFF-OR,40.70091958341627
MAIN,1.5,0.25,100,dollars,SRSWOR/DIFF-OR,40.70091958341628
MAIN,1.5,0.25,100,dollars,RA-OR/DIFF-OR,10.0
MAIN,1.5,0.25,400,rate,EQ-P/HT,529.7943389977016
MAIN,1.5,0.25,400,rate,SRSWOR/EXP,399.9999997776643
MAIN,1.5,0.25,400,rate,ST-PROP/EXP,382.4693832059093
MAIN,1.5,0.25,400,rate,ST-EQD/EXP,768.4782478662553
MAIN,1.5,0.25,400,rate,PPS-A/HT,1299.718475948239
MAIN,1.5,0.25,400,rate,RA-OR/HT,430.5267475554306
MAIN,1.5,0.25,400,rate,EQ-P/DIFF-OR,293.2382784337649
MAIN,1.5,0.25,400,rate,SRSWOR/DIFF-OR,293.2382784337649
MAIN,1.5,0.25,400,rate,RA-OR/DIFF-OR,264.35143830093233
MAIN,1.5,0.25,400,dollars,EQ-P/HT,433.167258588297
MAIN,1.5,0.25,400,dollars,SRSWOR/EXP,399.99999977766436
MAIN,1.5,0.25,400,dollars,ST-PROP/EXP,257.2186025806115
MAIN,1.5,0.25,400,dollars,ST-EQD/EXP,68.06588877879838
MAIN,1.5,0.25,400,dollars,PPS-A/HT,89.41177604517534
MAIN,1.5,0.25,400,dollars,RA-OR/HT,78.51519180121142
MAIN,1.5,0.25,400,dollars,EQ-P/DIFF-OR,164.2721994961709
MAIN,1.5,0.25,400,dollars,SRSWOR/DIFF-OR,164.2721994961709
MAIN,1.5,0.25,400,dollars,RA-OR/DIFF-OR,38.61151955730161
MAIN,1.5,0.7,100,rate,EQ-P/HT,329.4852821357759
MAIN,1.5,0.7,100,rate,SRSWOR/EXP,100.0
MAIN,1.5,0.7,100,rate,ST-PROP/EXP,95.8508014650226
MAIN,1.5,0.7,100,rate,ST-EQD/EXP,241.75723083397588
MAIN,1.5,0.7,100,rate,PPS-A/HT,1067.1257772335616
MAIN,1.5,0.7,100,rate,RA-OR/HT,318.154978506532
MAIN,1.5,0.7,100,rate,EQ-P/DIFF-OR,75.34809354578671
MAIN,1.5,0.7,100,rate,SRSWOR/DIFF-OR,75.34809354578672
MAIN,1.5,0.7,100,rate,RA-OR/DIFF-OR,69.1571800923326
MAIN,1.5,0.7,100,dollars,EQ-P/HT,125.35237240556546
MAIN,1.5,0.7,100,dollars,SRSWOR/EXP,100.00000000000001
MAIN,1.5,0.7,100,dollars,ST-PROP/EXP,10.090772647682552
MAIN,1.5,0.7,100,dollars,ST-EQD/EXP,10.171746249271553
MAIN,1.5,0.7,100,dollars,PPS-A/HT,31.12123214133998
MAIN,1.5,0.7,100,dollars,RA-OR/HT,30.668858174448314
MAIN,1.5,0.7,100,dollars,EQ-P/DIFF-OR,11.945388417296984
MAIN,1.5,0.7,100,dollars,SRSWOR/DIFF-OR,11.945388417296986
MAIN,1.5,0.7,100,dollars,RA-OR/DIFF-OR,10.0
MAIN,1.5,0.7,400,rate,EQ-P/HT,1273.8705929777966
MAIN,1.5,0.7,400,rate,SRSWOR/EXP,399.99999977766424
MAIN,1.5,0.7,400,rate,ST-PROP/EXP,383.6431772967585
MAIN,1.5,0.7,400,rate,ST-EQD/EXP,967.6341856039037
MAIN,1.5,0.7,400,rate,PPS-A/HT,3756.355550797019
MAIN,1.5,0.7,400,rate,RA-OR/HT,1230.064871210263
MAIN,1.5,0.7,400,rate,EQ-P/DIFF-OR,302.51663728257955
MAIN,1.5,0.7,400,rate,SRSWOR/DIFF-OR,302.51663728257955
MAIN,1.5,0.7,400,rate,RA-OR/DIFF-OR,277.66060931834215
MAIN,1.5,0.7,400,dollars,EQ-P/HT,499.5004161698618
MAIN,1.5,0.7,400,dollars,SRSWOR/EXP,399.9999997776643
MAIN,1.5,0.7,400,dollars,ST-PROP/EXP,122.46774975649647
MAIN,1.5,0.7,400,dollars,ST-EQD/EXP,41.119075888357536
MAIN,1.5,0.7,400,dollars,PPS-A/HT,124.01096281824486
MAIN,1.5,0.7,400,dollars,RA-OR/HT,122.20835633196953
MAIN,1.5,0.7,400,dollars,EQ-P/DIFF-OR,48.424367012441245
MAIN,1.5,0.7,400,dollars,SRSWOR/DIFF-OR,48.42436701244122
MAIN,1.5,0.7,400,dollars,RA-OR/DIFF-OR,15.860098171209927
STRATCAP,0.0,0.05,100,rate,EQ-P/HT,105.23546434187809
STRATCAP,0.0,0.05,100,rate,SRSWOR/EXP,100.00000000000001
STRATCAP,0.0,0.05,100,rate,ST-PROP/EXP,100.00000024053791
STRATCAP,0.0,0.05,100,rate,ST-EQD/EXP,225.97301748101216
STRATCAP,0.0,0.05,100,rate,PPS-A/HT,437.71911209580225
STRATCAP,0.0,0.05,100,rate,RA-OR/HT,105.23546434187809
STRATCAP,0.0,0.05,100,rate,EQ-P/DIFF-OR,100.0
STRATCAP,0.0,0.05,100,rate,SRSWOR/DIFF-OR,100.00000000000001
STRATCAP,0.0,0.05,100,rate,RA-OR/DIFF-OR,100.0
STRATCAP,0.0,0.05,100,dollars,EQ-P/HT,101.35771805314091
STRATCAP,0.0,0.05,100,dollars,SRSWOR/EXP,100.0
STRATCAP,0.0,0.05,100,dollars,ST-PROP/EXP,96.99640570473049
STRATCAP,0.0,0.05,100,dollars,ST-EQD/EXP,29.959768207452488
STRATCAP,0.0,0.05,100,dollars,PPS-A/HT,27.294518709575296
STRATCAP,0.0,0.05,100,dollars,RA-OR/HT,27.29451870957529
STRATCAP,0.0,0.05,100,dollars,EQ-P/DIFF-OR,96.31423744002866
STRATCAP,0.0,0.05,100,dollars,SRSWOR/DIFF-OR,96.31423744002865
STRATCAP,0.0,0.05,100,dollars,RA-OR/DIFF-OR,25.936364900998573
STRATCAP,0.0,0.05,400,rate,EQ-P/HT,420.6098841560083
STRATCAP,0.0,0.05,400,rate,SRSWOR/EXP,399.9999997776643
STRATCAP,0.0,0.05,400,rate,ST-PROP/EXP,399.9999999999999
STRATCAP,0.0,0.05,400,rate,ST-EQD/EXP,903.8920698496689
STRATCAP,0.0,0.05,400,rate,PPS-A/HT,1714.8776651148569
STRATCAP,0.0,0.05,400,rate,RA-OR/HT,420.6098841560083
STRATCAP,0.0,0.05,400,rate,EQ-P/DIFF-OR,399.9999997776643
STRATCAP,0.0,0.05,400,rate,SRSWOR/DIFF-OR,399.9999997776643
STRATCAP,0.0,0.05,400,rate,RA-OR/DIFF-OR,399.9999997776643
STRATCAP,0.0,0.05,400,dollars,EQ-P/HT,405.34790497827424
STRATCAP,0.0,0.05,400,dollars,SRSWOR/EXP,399.99999977766436
STRATCAP,0.0,0.05,400,dollars,ST-PROP/EXP,388.1613833024513
STRATCAP,0.0,0.05,400,dollars,ST-EQD/EXP,119.893360264593
STRATCAP,0.0,0.05,400,dollars,PPS-A/HT,109.15573271448278
STRATCAP,0.0,0.05,400,dollars,RA-OR/HT,109.15573271448277
STRATCAP,0.0,0.05,400,dollars,EQ-P/DIFF-OR,385.4711347288589
STRATCAP,0.0,0.05,400,dollars,SRSWOR/DIFF-OR,385.4711347288589
STRATCAP,0.0,0.05,400,dollars,RA-OR/DIFF-OR,103.8031370349488
STRATCAP,0.0,0.25,100,rate,EQ-P/HT,133.11148089743702
STRATCAP,0.0,0.25,100,rate,SRSWOR/EXP,100.00000000000001
STRATCAP,0.0,0.25,100,rate,ST-PROP/EXP,100.00000024053786
STRATCAP,0.0,0.25,100,rate,ST-EQD/EXP,225.97301748101205
STRATCAP,0.0,0.25,100,rate,PPS-A/HT,553.5961406880971
STRATCAP,0.0,0.25,100,rate,RA-OR/HT,133.11148089743702
STRATCAP,0.0,0.25,100,rate,EQ-P/DIFF-OR,100.0
STRATCAP,0.0,0.25,100,rate,SRSWOR/DIFF-OR,100.00000000000001
STRATCAP,0.0,0.25,100,rate,RA-OR/DIFF-OR,100.0
STRATCAP,0.0,0.25,100,dollars,EQ-P/HT,107.17844234818814
STRATCAP,0.0,0.25,100,dollars,SRSWOR/EXP,100.00000000000001
STRATCAP,0.0,0.25,100,dollars,ST-PROP/EXP,76.7055179012946
STRATCAP,0.0,0.25,100,dollars,ST-EQD/EXP,25.93171470781044
STRATCAP,0.0,0.25,100,dollars,PPS-A/HT,28.861975743192268
STRATCAP,0.0,0.25,100,dollars,RA-OR/HT,28.86197574319226
STRATCAP,0.0,0.25,100,dollars,EQ-P/DIFF-OR,80.49166891351784
STRATCAP,0.0,0.25,100,dollars,SRSWOR/DIFF-OR,80.49166891351784
STRATCAP,0.0,0.25,100,dollars,RA-OR/DIFF-OR,21.675520910142314
STRATCAP,0.0,0.25,400,rate,EQ-P/HT,529.8013244388246
STRATCAP,0.0,0.25,400,rate,SRSWOR/EXP,399.9999997776643
STRATCAP,0.0,0.25,400,rate,ST-PROP/EXP,399.99999999999983
STRATCAP,0.0,0.25,400,rate,ST-EQD/EXP,903.8920698496687
STRATCAP,0.0,0.25,400,rate,PPS-A/HT,2130.8788016719996
STRATCAP,0.0,0.25,400,rate,RA-OR/HT,529.8013244388246
STRATCAP,0.0,0.25,400,rate,EQ-P/DIFF-OR,399.9999997776643
STRATCAP,0.0,0.25,400,rate,SRSWOR/DIFF-OR,399.9999997776643
STRATCAP,0.0,0.25,400,rate,RA-OR/DIFF-OR,399.9999997776643
STRATCAP,0.0,0.25,400,dollars,EQ-P/HT,428.25032652261035
STRATCAP,0.0,0.25,400,dollars,SRSWOR/EXP,399.99999977766436
STRATCAP,0.0,0.25,400,dollars,ST-PROP/EXP,337.2266807747168
STRATCAP,0.0,0.25,400,dollars,ST-EQD/EXP,103.97601491344743
STRATCAP,0.0,0.25,400,dollars,PPS-A/HT,115.32310293308235
STRATCAP,0.0,0.25,400,dollars,RA-OR/HT,115.32310293308234
STRATCAP,0.0,0.25,400,dollars,EQ-P/DIFF-OR,322.9163579499821
STRATCAP,0.0,0.25,400,dollars,SRSWOR/DIFF-OR,322.91635794998206
STRATCAP,0.0,0.25,400,dollars,RA-OR/DIFF-OR,86.95782366701457
STRATCAP,0.0,0.7,100,rate,EQ-P/HT,329.4892916042417
STRATCAP,0.0,0.7,100,rate,SRSWOR/EXP,100.0
STRATCAP,0.0,0.7,100,rate,ST-PROP/EXP,100.00000024053789
STRATCAP,0.0,0.7,100,rate,ST-EQD/EXP,225.97301748101214
STRATCAP,0.0,0.7,100,rate,PPS-A/HT,1356.3443048260233
STRATCAP,0.0,0.7,100,rate,RA-OR/HT,329.4892916042417
STRATCAP,0.0,0.7,100,rate,EQ-P/DIFF-OR,99.99999999999999
STRATCAP,0.0,0.7,100,rate,SRSWOR/DIFF-OR,100.0
STRATCAP,0.0,0.7,100,rate,RA-OR/DIFF-OR,99.99999999999999
STRATCAP,0.0,0.7,100,dollars,EQ-P/HT,123.08212530517973
STRATCAP,0.0,0.7,100,dollars,SRSWOR/EXP,100.0
STRATCAP,0.0,0.7,100,dollars,ST-PROP/EXP,22.03795855701015
STRATCAP,0.0,0.7,100,dollars,ST-EQD/EXP,14.887327578512625
STRATCAP,0.0,0.7,100,dollars,PPS-A/HT,33.14466264778609
STRATCAP,0.0,0.7,100,dollars,RA-OR/HT,33.14466264778609
STRATCAP,0.0,0.7,100,dollars,EQ-P/DIFF-OR,37.08439249735719
STRATCAP,0.0,0.7,100,dollars,SRSWOR/DIFF-OR,37.08439249735719
STRATCAP,0.0,0.7,100,dollars,RA-OR/DIFF-OR,10.0
STRATCAP,0.0,0.7,400,rate,EQ-P/HT,1273.8853503195953
STRATCAP,0.0,0.7,400,rate,SRSWOR/EXP,399.99999977766436
STRATCAP,0.0,0.7,400,rate,ST-PROP/EXP,399.9999999999999
STRATCAP,0.0,0.7,400,rate,ST-EQD/EXP,903.8920698496693
STRATCAP,0.0,0.7,400,rate,PPS-A/HT,4607.402636507778
STRATCAP,0.0,0.7,400,rate,RA-OR/HT,1273.8853503195953
STRATCAP,0.0,0.7,400,rate,EQ-P/DIFF-OR,399.9999997776643
STRATCAP,0.0,0.7,400,rate,SRSWOR/DIFF-OR,399.99999977766436
STRATCAP,0.0,0.7,400,rate,RA-OR/DIFF-OR,399.9999997776643
STRATCAP,0.0,0.7,400,dollars,EQ-P/HT,490.621277831735
STRATCAP,0.0,0.7,400,dollars,SRSWOR/EXP,399.99999977766436
STRATCAP,0.0,0.7,400,dollars,ST-PROP/EXP,196.54696912966324
STRATCAP,0.0,0.7,400,dollars,ST-EQD/EXP,60.012912498946456
STRATCAP,0.0,0.7,400,dollars,PPS-A/HT,132.11891418557454
STRATCAP,0.0,0.7,400,dollars,RA-OR/HT,132.11891418557454
STRATCAP,0.0,0.7,400,dollars,EQ-P/DIFF-OR,149.7579893124881
STRATCAP,0.0,0.7,400,dollars,SRSWOR/DIFF-OR,149.75798931248806
STRATCAP,0.0,0.7,400,dollars,RA-OR/DIFF-OR,40.32817935222226
STRATCAP,0.75,0.05,100,rate,EQ-P/HT,105.2351044348323
STRATCAP,0.75,0.05,100,rate,SRSWOR/EXP,100.0
STRATCAP,0.75,0.05,100,rate,ST-PROP/EXP,93.15581366126591
STRATCAP,0.75,0.05,100,rate,ST-EQD/EXP,126.46652109680988
STRATCAP,0.75,0.05,100,rate,PPS-A/HT,224.33491155513906
STRATCAP,0.75,0.05,100,rate,RA-OR/HT,87.27853937518513
STRATCAP,0.75,0.05,100,rate,EQ-P/DIFF-OR,93.15581376081556
STRATCAP,0.75,0.05,100,rate,SRSWOR/DIFF-OR,93.15581376081556
STRATCAP,0.75,0.05,100,rate,RA-OR/DIFF-OR,80.57605447344682
STRATCAP,0.75,0.05,100,dollars,EQ-P/HT,102.00398004066952
STRATCAP,0.75,0.05,100,dollars,SRSWOR/EXP,100.0
STRATCAP,0.75,0.05,100,dollars,ST-PROP/EXP,55.30157118183421
STRATCAP,0.75,0.05,100,dollars,ST-EQD/EXP,13.912435334053775
STRATCAP,0.75,0.05,100,dollars,PPS-A/HT,15.048965976095621
STRATCAP,0.75,0.05,100,dollars,RA-OR/HT,12.561112270286777
STRATCAP,0.75,0.05,100,dollars,EQ-P/DIFF-OR,72.88384722854498
STRATCAP,0.75,0.05,100,dollars,SRSWOR/DIFF-OR,72.883847228545
STRATCAP,0.75,0.05,100,dollars,RA-OR/DIFF-OR,10.245934898188366
STRATCAP,0.75,0.05,400,rate,EQ-P/HT,420.6084684662749
STRATCAP,0.75,0.05,400,rate,SRSWOR/EXP,399.99999977766436
STRATCAP,0.75,0.05,400,rate,ST-PROP/EXP,373.00811933001654
STRATCAP,0.75,0.05,400,rate,ST-EQD/EXP,506.3885694759405
STRATCAP,0.75,0.05,400,rate,PPS-A/HT,894.1744825490773
STRATCAP,0.75,0.05,400,rate,RA-OR/HT,348.8388499431004
STRATCAP,0.75,0.05,400,rate,EQ-P/DIFF-OR,373.00811933001654
STRATCAP,0.75,0.05,400,rate,SRSWOR/DIFF-OR,373.00811933001654
STRATCAP,0.75,0.05,400,rate,RA-OR/DIFF-OR,322.63711063641455
STRATCAP,0.75,0.05,400,dollars,EQ-P/HT,407.89269253329707
STRATCAP,0.75,0.05,400,dollars,SRSWOR/EXP,399.9999997776644
STRATCAP,0.75,0.05,400,dollars,ST-PROP/EXP,312.9413239399795
STRATCAP,0.75,0.05,400,dollars,ST-EQD/EXP,55.83512881565934
STRATCAP,0.75,0.05,400,dollars,PPS-A/HT,60.17768376946003
STRATCAP,0.75,0.05,400,dollars,RA-OR/HT,50.22927422626579
STRATCAP,0.75,0.05,400,dollars,EQ-P/DIFF-OR,292.7320371514228
STRATCAP,0.75,0.05,400,dollars,SRSWOR/DIFF-OR,292.7320371514228
STRATCAP,0.75,0.05,400,dollars,RA-OR/DIFF-OR,41.15196315750973
STRATCAP,0.75,0.25,100,rate,EQ-P/HT,133.1106128712364
STRATCAP,0.75,0.25,100,rate,SRSWOR/EXP,100.00000000000001
STRATCAP,0.75,0.25,100,rate,ST-PROP/EXP,86.92849372370729
STRATCAP,0.75,0.25,100,rate,ST-EQD/EXP,169.58317653639125
STRATCAP,0.75,0.25,100,rate,PPS-A/HT,371.3516743700594
STRATCAP,0.75,0.25,100,rate,RA-OR/HT,123.49813861598648
STRATCAP,0.75,0.25,100,rate,EQ-P/DIFF-OR,86.92758807194618
STRATCAP,0.75,0.25,100,rate,SRSWOR/DIFF-OR,86.92758807194616
STRATCAP,0.75,0.25,100,rate,RA-OR/DIFF-OR,85.5131956147054
STRATCAP,0.75,0.25,100,dollars,EQ-P/HT,109.33224157553349
STRATCAP,0.75,0.25,100,dollars,SRSWOR/EXP,100.00000000000001
STRATCAP,0.75,0.25,100,dollars,ST-PROP/EXP,14.459740023656746
STRATCAP,0.75,0.25,100,dollars,ST-EQD/EXP,11.163407170787544
STRATCAP,0.75,0.25,100,dollars,PPS-A/HT,20.211945997180237
STRATCAP,0.75,0.25,100,dollars,RA-OR/HT,18.831280945659756
STRATCAP,0.75,0.25,100,dollars,EQ-P/DIFF-OR,30.829559048313225
STRATCAP,0.75,0.25,100,dollars,SRSWOR/DIFF-OR,30.82955904831322
STRATCAP,0.75,0.25,100,dollars,RA-OR/DIFF-OR,10.0
STRATCAP,0.75,0.25,400,rate,EQ-P/HT,529.7979385640122
STRATCAP,0.75,0.25,400,rate,SRSWOR/EXP,399.9999997776644
STRATCAP,0.75,0.25,400,rate,ST-PROP/EXP,348.3969435529356
STRATCAP,0.75,0.25,400,rate,ST-EQD/EXP,679.6721465636806
STRATCAP,0.75,0.25,400,rate,PPS-A/HT,1459.0999529835533
STRATCAP,0.75,0.25,400,rate,RA-OR/HT,491.53901306326793
STRATCAP,0.75,0.25,400,rate,EQ-P/DIFF-OR,348.396943649342
STRATCAP,0.75,0.25,400,rate,SRSWOR/DIFF-OR,348.39694364934195
STRATCAP,0.75,0.25,400,rate,RA-OR/DIFF-OR,342.7282022604428
STRATCAP,0.75,0.25,400,dollars,EQ-P/HT,436.71456533681953
STRATCAP,0.75,0.25,400,dollars,SRSWOR/EXP,399.99999977766424
STRATCAP,0.75,0.25,400,dollars,ST-PROP/EXP,174.12267687686446
STRATCAP,0.75,0.25,400,dollars,ST-EQD/EXP,45.03958136034881
STRATCAP,0.75,0.25,400,dollars,PPS-A/HT,80.73420138827497
STRATCAP,0.75,0.25,400,dollars,RA-OR/HT,75.21930044474945
STRATCAP,0.75,0.25,400,dollars,EQ-P/DIFF-OR,124.61771274507537
STRATCAP,0.75,0.25,400,dollars,SRSWOR/DIFF-OR,124.61771274507535
STRATCAP,0.75,0.25,400,dollars,RA-OR/DIFF-OR,34.17403716734345
STRATCAP,0.75,0.7,100,rate,EQ-P/HT,329.4882748197769
STRATCAP,0.75,0.7,100,rate,SRSWOR/EXP,100.00000000000001
STRATCAP,0.75,0.7,100,rate,ST-PROP/EXP,93.75415363788278
STRATCAP,0.75,0.7,100,rate,ST-EQD/EXP,243.9499852364144
STRATCAP,0.75,0.7,100,rate,PPS-A/HT,1226.0467610374342
STRATCAP,0.75,0.7,100,rate,RA-OR/HT,327.4192871267331
STRATCAP,0.75,0.7,100,rate,EQ-P/DIFF-OR,93.75415380578224
STRATCAP,0.75,0.7,100,rate,SRSWOR/DIFF-OR,93.75415380578222
STRATCAP,0.75,0.7,100,rate,RA-OR/DIFF-OR,90.63216049628366
STRATCAP,0.75,0.7,100,dollars,EQ-P/HT,125.13434624830472
STRATCAP,0.75,0.7,100,dollars,SRSWOR/EXP,100.00000000000001
STRATCAP,0.75,0.7,100,dollars,ST-PROP/EXP,10.0
STRATCAP,0.75,0.7,100,dollars,ST-EQD/EXP,10.0
STRATCAP,0.75,0.7,100,dollars,PPS-A/HT,30.187786190656496
STRATCAP,0.75,0.7,100,dollars,RA-OR/HT,30.000675089181627
STRATCAP,0.75,0.7,100,dollars,EQ-P/DIFF-OR,10.0
STRATCAP,0.75,0.7,100,dollars,SRSWOR/DIFF-OR,10.0
STRATCAP,0.75,0.7,100,dollars,RA-OR/DIFF-OR,10.0
STRATCAP,0.75,0.7,400,rate,EQ-P/HT,1273.881607920953
STRATCAP,0.75,0.7,400,rate,SRSWOR/EXP,399.9999997776643
STRATCAP,0.75,0.7,400,rate,ST-PROP/EXP,375.3700572743221
STRATCAP,0.75,0.7,400,rate,ST-EQD/EXP,976.7196053580612
STRATCAP,0.75,0.7,400,rate,PPS-A/HT,4232.5924916505
STRATCAP,0.75,0.7,400,rate,RA-OR/HT,1265.8823995496698
STRATCAP,0.75,0.7,400,rate,EQ-P/DIFF-OR,375.3700572743223
STRATCAP,0.75,0.7,400,rate,SRSWOR/DIFF-OR,375.3700572743222
STRATCAP,0.75,0.7,400,rate,RA-OR/DIFF-OR,362.8703149359174
STRATCAP,0.75,0.7,400,dollars,EQ-P/HT,498.6479592949665
STRATCAP,0.75,0.7,400,dollars,SRSWOR/EXP,399.99999977766436
STRATCAP,0.75,0.7,400,dollars,ST-PROP/EXP,97.1775076215236
STRATCAP,0.75,0.7,400,dollars,ST-EQD/EXP,34.26011550323596
STRATCAP,0.75,0.7,400,dollars,PPS-A/HT,120.29533354723428
STRATCAP,0.75,0.7,400,dollars,RA-OR/HT,119.5497142075389
STRATCAP,0.75,0.7,400,dollars,EQ-P/DIFF-OR,30.867344391380605
STRATCAP,0.75,0.7,400,dollars,SRSWOR/DIFF-OR,30.86734439138061
STRATCAP,0.75,0.7,400,dollars,RA-OR/DIFF-OR,15.744363190056232
STRATCAP,1.5,0.05,100,rate,EQ-P/HT,105.23385636364985
STRATCAP,1.5,0.05,100,rate,SRSWOR/EXP,99.99999999999999
STRATCAP,1.5,0.05,100,rate,ST-PROP/EXP,67.28819428854639
STRATCAP,1.5,0.05,100,rate,ST-EQD/EXP,47.591081127534125
STRATCAP,1.5,0.05,100,rate,PPS-A/HT,76.76075478478774
STRATCAP,1.5,0.05,100,rate,RA-OR/HT,50.398303405734396
STRATCAP,1.5,0.05,100,rate,EQ-P/DIFF-OR,69.38530814364803
STRATCAP,1.5,0.05,100,rate,SRSWOR/DIFF-OR,69.38530814364805
STRATCAP,1.5,0.05,100,rate,RA-OR/DIFF-OR,40.88992939910721
STRATCAP,1.5,0.05,100,dollars,EQ-P/HT,102.88569802488021
STRATCAP,1.5,0.05,100,dollars,SRSWOR/EXP,100.0
STRATCAP,1.5,0.05,100,dollars,ST-PROP/EXP,10.0
STRATCAP,1.5,0.05,100,dollars,ST-EQD/EXP,10.0
STRATCAP,1.5,0.05,100,dollars,PPS-A/HT,12.830599660747554
STRATCAP,1.5,0.05,100,dollars,RA-OR/HT,10.0
STRATCAP,1.5,0.05,100,dollars,EQ-P/DIFF-OR,39.324812199381945
STRATCAP,1.5,0.05,100,dollars,SRSWOR/DIFF-OR,39.32481219938195
STRATCAP,1.5,0.05,100,dollars,RA-OR/DIFF-OR,10.0
STRATCAP,1.5,0.05,400,rate,EQ-P/HT,420.60355919314924
STRATCAP,1.5,0.05,400,rate,SRSWOR/EXP,399.99999977766436
STRATCAP,1.5,0.05,400,rate,ST-PROP/EXP,278.828102388116
STRATCAP,1.5,0.05,400,rate,ST-EQD/EXP,191.24698283827726
STRATCAP,1.5,0.05,400,rate,PPS-A/HT,306.80094607612364
STRATCAP,1.5,0.05,400,rate,RA-OR/HT,201.43427688566484
STRATCAP,1.5,0.05,400,rate,EQ-P/DIFF-OR,278.8281023884247
STRATCAP,1.5,0.05,400,rate,SRSWOR/DIFF-OR,278.82810238842467
STRATCAP,1.5,0.05,400,rate,RA-OR/DIFF-OR,164.3180916293082
STRATCAP,1.5,0.05,400,dollars,EQ-P/HT,411.3638363871187
STRATCAP,1.5,0.05,400,dollars,SRSWOR/EXP,399.99999977766436
STRATCAP,1.5,0.05,400,dollars,ST-PROP/EXP,204.9190097084354
STRATCAP,1.5,0.05,400,dollars,ST-EQD/EXP,33.505889781637975
STRATCAP,1.5,0.05,400,dollars,PPS-A/HT,51.30008157539048
STRATCAP,1.5,0.05,400,dollars,RA-OR/HT,33.772549628016094
STRATCAP,1.5,0.05,400,dollars,EQ-P/DIFF-OR,158.75134924132848
STRATCAP,1.5,0.05,400,dollars,SRSWOR/DIFF-OR,158.75134924132846
STRATCAP,1.5,0.05,400,dollars,RA-OR/DIFF-OR,19.317870584937893
STRATCAP,1.5,0.25,100,rate,EQ-P/HT,133.1090612800225
STRATCAP,1.5,0.25,100,rate,SRSWOR/EXP,100.0
STRATCAP,1.5,0.25,100,rate,ST-PROP/EXP,64.0228128507564
STRATCAP,1.5,0.25,100,rate,ST-EQD/EXP,113.50313313729231
STRATCAP,1.5,0.25,100,rate,PPS-A/HT,240.43735811013767
STRATCAP,1.5,0.25,100,rate,RA-OR/HT,106.56769179416555
STRATCAP,1.5,0.25,100,rate,EQ-P/DIFF-OR,63.51790158397581
STRATCAP,1.5,0.25,100,rate,SRSWOR/DIFF-OR,63.517901583975814
STRATCAP,1.5,0.25,100,rate,RA-OR/DIFF-OR,59.61958617820426
STRATCAP,1.5,0.25,100,dollars,EQ-P/HT,111.89705892872128
STRATCAP,1.5,0.25,100,dollars,SRSWOR/EXP,100.00000000000001
STRATCAP,1.5,0.25,100,dollars,ST-PROP/EXP,10.0
STRATCAP,1.5,0.25,100,dollars,ST-EQD/EXP,10.0
STRATCAP,1.5,0.25,100,dollars,PPS-A/HT,20.42351938839439
STRATCAP,1.5,0.25,100,dollars,RA-OR/HT,18.05412600950196
STRATCAP,1.5,0.25,100,dollars,EQ-P/DIFF-OR,10.0
STRATCAP,1.5,0.25,100,dollars,SRSWOR/DIFF-OR,10.0
STRATCAP,1.5,0.25,100,dollars,RA-OR/DIFF-OR,10.0
STRATCAP,1.5,0.25,400,rate,EQ-P/HT,529.791886332509
STRATCAP,1.5,0.25,400,rate,SRSWOR/EXP,399.9999997776643
STRATCAP,1.5,0.25,400,rate,ST-PROP/EXP,255.4766798699255
STRATCAP,1.5,0.25,400,rate,ST-EQD/EXP,456.5233258278552
STRATCAP,1.5,0.25,400,rate,PPS-A/HT,953.8950448367001
STRATCAP,1.5,0.25,400,rate,RA-OR/HT,424.1536820869105
STRATCAP,1.5,0.25,400,rate,EQ-P/DIFF-OR,255.47667986992778
STRATCAP,1.5,0.25,400,rate,SRSWOR/DIFF-OR,255.47667986992778
STRATCAP,1.5,0.25,400,rate,RA-OR/DIFF-OR,239.79718459054735
STRATCAP,1.5,0.25,400,dollars,EQ-P/HT,446.78691150306383
STRATCAP,1.5,0.25,400,dollars,SRSWOR/EXP,399.9999997776643
STRATCAP,1.5,0.25,400,dollars,ST-PROP/EXP,100.06801884808971
STRATCAP,1.5,0.25,400,dollars,ST-EQD/EXP,27.32643307430983
STRATCAP,1.5,0.25,400,dollars,PPS-A/HT,81.54781932642392
STRATCAP,1.5,0.25,400,dollars,RA-OR/HT,72.0872138023578
STRATCAP,1.5,0.25,400,dollars,EQ-P/DIFF-OR,38.22750133760274
STRATCAP,1.5,0.25,400,dollars,SRSWOR/DIFF-OR,38.22750133760275
STRATCAP,1.5,0.25,400,dollars,RA-OR/DIFF-OR,15.918885824792817
STRATCAP,1.5,0.7,100,rate,EQ-P/HT,329.48711243888613
STRATCAP,1.5,0.7,100,rate,SRSWOR/EXP,100.00000000000001
STRATCAP,1.5,0.7,100,rate,ST-PROP/EXP,86.68141188457048
STRATCAP,1.5,0.7,100,rate,ST-EQD/EXP,245.61721127409743
STRATCAP,1.5,0.7,100,rate,PPS-A/HT,1157.3875073105974
STRATCAP,1.5,0.7,100,rate,RA-OR/HT,325.0358923855298
STRATCAP,1.5,0.7,100,rate,EQ-P/DIFF-OR,86.60914182898999
STRATCAP,1.5,0.7,100,rate,SRSWOR/DIFF-OR,86.60914182898999
STRATCAP,1.5,0.7,100,rate,RA-OR/DIFF-OR,77.61143558781107
STRATCAP,1.5,0.7,100,dollars,EQ-P/HT,126.87053087193303
STRATCAP,1.5,0.7,100,dollars,SRSWOR/EXP,100.0
STRATCAP,1.5,0.7,100,dollars,ST-PROP/EXP,10.0
STRATCAP,1.5,0.7,100,dollars,ST-EQD/EXP,10.0
STRATCAP,1.5,0.7,100,dollars,PPS-A/HT,30.764600690695712
STRATCAP,1.5,0.7,100,dollars,RA-OR/HT,30.4758069739823
STRATCAP,1.5,0.7,100,dollars,EQ-P/DIFF-OR,10.0
STRATCAP,1.5,0.7,100,dollars,SRSWOR/DIFF-OR,10.0
STRATCAP,1.5,0.7,100,dollars,RA-OR/DIFF-OR,10.0
STRATCAP,1.5,0.7,400,rate,EQ-P/HT,1273.8773296356349
STRATCAP,1.5,0.7,400,rate,SRSWOR/EXP,399.9999997776643
STRATCAP,1.5,0.7,400,rate,ST-PROP/EXP,347.13734124749993
STRATCAP,1.5,0.7,400,rate,ST-EQD/EXP,984.4561887960452
STRATCAP,1.5,0.7,400,rate,PPS-A/HT,4029.0177346701644
STRATCAP,1.5,0.7,400,rate,RA-OR/HT,1256.667830095261
STRATCAP,1.5,0.7,400,rate,EQ-P/DIFF-OR,347.137341348678
STRATCAP,1.5,0.7,400,rate,SRSWOR/DIFF-OR,347.13734134867804
STRATCAP,1.5,0.7,400,rate,RA-OR/DIFF-OR,311.07371333164554
STRATCAP,1.5,0.7,400,dollars,EQ-P/HT,505.4346915555897
STRATCAP,1.5,0.7,400,dollars,SRSWOR/EXP,399.99999977766424
STRATCAP,1.5,0.7,400,dollars,ST-PROP/EXP,55.73889124181397
STRATCAP,1.5,0.7,400,dollars,ST-EQD/EXP,27.757820722179027
STRATCAP,1.5,0.7,400,dollars,PPS-A/HT,122.5619245873546
STRATCAP,1.5,0.7,400,dollars,RA-OR/HT,121.41141014883958
STRATCAP,1.5,0.7,400,dollars,EQ-P/DIFF-OR,10.3176250380882
STRATCAP,1.5,0.7,400,dollars,SRSWOR/DIFF-OR,10.317625038088202
STRATCAP,1.5,0.7,400,dollars,RA-OR/DIFF-OR,10.0
