scenario,dgp,sigma,prevalence,n,estimand,design,R,true_total,bias,rel_bias,mc_se_bias,emp_var,rmse,mean_var_hat,cov_lb90,cov_lb90_lo,cov_lb90_hi,cov_2s95,mean_lb_shortfall,mean_width95,mean_size,sd_size,zero_error_freq,var_estimator
S1,MAIN,0.0,0.25,100,rate,EQ-P/HT,10000,4940.0,-1.699999999999818,-0.0003441295546558336,9.798270848020131,960061.1161116111,979.7795670455677,982721.7,0.9146,0.90896179677825,0.9199197800751859,0.9472,1265.7885513035535,3866.513217939108,99.8231,9.930478658654879,0.0,
S1,MAIN,0.0,0.25,100,rate,PPS-A/HT,10000,4940.0,-19.092649760190398,-0.0038649088583381373,19.963182455371598,3985286.537464564,1996.3097299982492,4024405.3153668107,0.9699,0.9663664319419673,0.9730726731314278,0.8499,2187.834090063458,6633.60761916372,99.9043,9.849951345565113,0.0,
S1,MAIN,0.0,0.25,100,rate,RA-OR/HT,10000,4940.0,-1.699999999999818,-0.0003441295546558336,9.798270848020131,960061.1161116111,979.7795670455677,982721.7,0.9146,0.90896179677825,0.9199197800751859,0.9472,1265.7885513035535,3866.513217939108,99.8231,9.930478658654879,0.0,
S1,MAIN,0.0,0.25,100,rate,RA-EST(COR-2000)/HT,10000,4940.0,-2.152023261506656,-0.00043563223917138786,9.826858981569796,965671.5744365898,982.6391191496826,984790.232247926,0.9224,0.9169924858585595,0.9274831004002232,0.9432,1267.4880748202745,3870.328991937846,99.834,9.936631421160795,0.0,
S1,MAIN,0.0,0.25,100,rate,DEF-0.5(COR-2000)/HT,10000,4940.0,-2.223353688907082,-0.0004500715969447534,9.812379070999178,962827.8303298267,981.1913630115278,983176.6018230781,0.9187,0.9131812420501094,0.9238971859010087,0.9453,1266.5729662429555,3867.311735396363,99.8231,9.93610619860718,0.0,
S1,MAIN,0.0,0.25,100,rate,EQ-P/DIFF(COR-2000),10000,4940.0,7.024467200040817,0.0014219569230851856,8.50117111505856,722699.1032750597,850.1036269209635,742138.8437109645,0.9177,0.9121517479669156,0.9229274480091582,0.9472,1093.8005672719528,3367.133213915275,99.8231,9.930478658654879,0.0,
S1,MAIN,0.0,0.25,100,rate,RA-EST/DIFF(COR-2000),10000,4940.0,6.816249683094611,0.001379807628156804,8.518802307869006,725699.927605543,851.8649064684639,742893.7637556014,0.9166,0.9110195764819595,0.9218604643215653,0.9469,1094.5081972442224,3368.6607847944833,99.8201,9.934985454946576,0.0,
S1,MAIN,0.0,0.25,100,rate,DEF-0.5/DIFF(COR-2000),10000,4940.0,6.438903721287716,0.0013034218059286874,8.503061879759096,723020.613310123,850.2880516212867,742190.4360712585,0.9183,0.9127694158898937,0.9235093192712068,0.9472,1094.4013000347916,3367.179612751308,99.8131,9.940873623077602,0.0,
S1,MAIN,0.0,0.25,100,rate,RA-EST(MIS-G-2000)/HT,10000,4940.0,-4.586064184964016,-0.0009283530738793555,9.799546640522811,960311.1435978193,979.9163966727814,982896.5541343734,0.9214,0.9159620844907947,0.9265142697929436,0.9459,1268.7662424359814,3866.7934805861546,99.8161,9.935667103420888,0.0,
S1,MAIN,0.0,0.25,100,rate,DEF-0.5(MIS-G-2000)/HT,10000,4940.0,-3.629903782859401,-0.0007347983366112148,9.807001928536344,961772.8682631557,980.6578746830121,982547.2736122845,0.9179,0.9123576278078107,0.923121414563272,0.9467,1267.5838717342847,3866.101562988684,99.8098,9.942878052153711,0.0,
S1,MAIN,0.0,0.25,100,rate,SRSWOR/EXP,10000,4940.0,11.539999999999964,0.0023360323886639604,8.69838657642343,756619.290329033,869.8717146798142,741290.1561616161,0.9054,0.899507141970438,0.9109815007125889,0.9437,1089.8275111457915,3368.7925068718478,100.0,0.0,0.0,
S1,MAIN,0.0,0.25,100,rate,SRSWOR/DIFF(COR-2000),10000,4940.0,11.409747855886962,0.002309665557871855,8.71114835830585,758841.0572041472,871.1460012217021,743422.9865609597,0.9064,0.9005339806287617,0.9119538940293096,0.9404,1091.5329513574045,3373.6105913940496,100.0,0.0,0.0,
S1,MAIN,0.0,0.25,100,rate,ST-PROP/EXP,10000,4940.0,13.944803157894057,0.0028228346473469753,8.683510286111304,754033.5088900082,868.419577781519,742002.6811222852,0.9029,0.8969408931741754,0.9085496695712403,0.9403,1087.769414804955,3369.852991510779,100.0,0.0,0.0,
S1,MAIN,0.0,0.25,100,rate,ST-EQD/EXP,10000,4940.0,35.9101899999996,0.00726926923076915,12.832270075500883,1646671.5529059544,1283.6652318640167,1678134.4454574739,0.9226,0.9171985966319105,0.927676836021881,0.9296,1609.8620692871018,5033.9829339400485,100.0,0.0,0.0,
S1,MAIN,0.0,0.25,100,dollars,EQ-P/HT,10000,2527474.506755437,-8707.151707673911,-0.003445000803925589,9168.054271434678,840532191239.7164,916800.9339608315,841900608699.2156,0.9634,0.9595380133810057,0.9669060838546003,0.8632,1081937.7923417825,3282729.2467998597,99.9494,9.846605488187286,0.0,
S1,MAIN,0.0,0.25,100,dollars,PPS-A/HT,10000,2527474.506755437,-9592.212928415276,-0.0037951769257324646,5027.550843820219,252762674871.9739,502821.44858125405,252350260194.8455,0.9196,0.9141079914647783,0.9247697452638799,0.9469,650102.8309402218,1959152.9155288495,99.9111,9.927567516264999,0.0,
S1,MAIN,0.0,0.25,100,dollars,RA-OR/HT,10000,2527474.506755437,-9592.212928415742,-0.003795176925732649,5027.550843820218,252762674871.9738,502821.44858125405,252350260194.8454,0.9196,0.9141079914647783,0.9247697452638799,0.9469,650102.830940222,1959152.915528849,99.9111,9.927567516264999,0.0,
S1,MAIN,0.0,0.25,100,dollars,RA-EST(COR-2000)/HT,10000,2527474.506755437,-8312.545290895738,-0.0032888740395513216,5044.594368250135,254479323401.80978,504502.6995752182,253033603848.31686,0.9238,0.9184354778193632,0.9288390332044817,0.9426,649644.0875097872,1961663.9059925675,99.9263,9.945746241987074,0.0,
S1,MAIN,0.0,0.25,100,dollars,DEF-0.5(COR-2000)/HT,10000,2527474.506755437,-9230.270981008187,-0.00365197391955389,5679.972351772815,322620859169.03613,568043.8319227681,319549085327.13165,0.9278,0.922561185652359,0.9327102532716638,0.9361,727477.3129637167,2196928.117660741,99.9649,9.993131040369681,0.0,
S1,MAIN,0.0,0.25,100,dollars,EQ-P/DIFF(COR-2000),10000,2527474.506755437,-5882.884511575103,-0.0023275742231430316,8088.744113417967,654277813323.5382,808855.3602915558,663934811957.8838,0.9351,0.9301025060002954,0.9397633263415521,0.9366,994390.2822781102,3023583.2098578033,99.9494,9.846605488187286,0.0,
S1,MAIN,0.0,0.25,100,dollars,RA-EST/DIFF(COR-2000),10000,2527474.506755437,-6713.417972934898,-0.0026561763353067525,4368.172191445325,190809282941.1625,436846.9663323161,190799219570.52234,0.9182,0.9126664653094795,0.9234123466541165,0.9464,564823.9051139606,1707112.6649916251,99.9205,9.943881523328805,0.0,
S1,MAIN,0.0,0.25,100,dollars,DEF-0.5/DIFF(COR-2000),10000,2527474.506755437,-7910.9198307101615,-0.0031299701775688916,4914.292420770242,241502699968.39844,491468.3431829252,241949560263.9184,0.9187,0.9131812420501094,0.9238971859010087,0.944,635178.3143435834,1918645.3904397697,99.9609,9.990153712030661,0.0,
S1,MAIN,0.0,0.25,100,dollars,RA-EST(MIS-G-2000)/HT,10000,2527474.506755437,-9403.381585165393,-0.0037204654527798493,5044.788785751641,254498938928.45514,504541.2893111906,252519917060.1487,0.9251,0.919775858190593,0.9300976544008099,0.9453,650102.4086385834,1959729.2090559287,99.9194,9.923694052115877,0.0,
S1,MAIN,0.0,0.25,100,dollars,DEF-0.5(MIS-G-2000)/HT,10000,2527474.506755437,-9331.152745353058,-0.0036918879776681197,5658.84288533832,320225028009.44135,565932.9252819609,319347549482.01337,0.9262,0.9209103796744207,0.9311622880895312,0.9369,727422.0735164934,2196450.5840832824,99.9545,9.98364811829824,0.0,
S1,MAIN,0.0,0.25,100,dollars,SRSWOR/EXP,10000,2527474.506755437,-296.1008687224239,-0.00011715286066427384,8883.984967117196,789251888959.6434,888354.1250236147,779992986364.2678,0.9571,0.9529497721330408,0.9608991636597849,0.8623,1028779.2106903546,3145858.3613083633,100.0,0.0,0.0,
S1,MAIN,0.0,0.25,100,dollars,SRSWOR/DIFF(COR-2000),10000,2527474.506755437,-1458.6278849202208,-0.0005771088416605582,8139.550032499048,662522747315.5526,813915.6114955209,664857755299.9712,0.9303,0.9251420240114383,0.9351274948501958,0.9283,990861.6984090023,3026322.836407251,100.0,0.0,0.0,
S1,MAIN,0.0,0.25,100,dollars,ST-PROP/EXP,10000,2527474.506755437,-7209.967419493012,-0.0028526370494429136,8375.058999086472,701416132381.7928,837495.059327961,704052924714.4185,0.9274,0.9221484173248192,0.9323233288091858,0.8441,983963.5039567174,2987631.2508292315,100.0,0.0,0.0,
S1,MAIN,0.0,0.25,100,dollars,ST-EQD/EXP,10000,2527474.506755437,-2337.6058220285922,-0.0009248781009583427,4660.921204677148,217241864762.0908,466074.6774676712,220050805023.53012,0.9219,0.9164772535343857,0.926998716736875,0.9406,600415.7596358565,1829363.207741349,100.0,0.0,0.0,
S2,MAIN,0.75,0.25,100,rate,EQ-P/HT,10000,4997.0,-15.479999999999563,-0.0030978587152290502,9.952474774417343,990517.5413541354,995.3180999057538,991322.48,0.9332,0.9281381221865116,0.9379291694027515,0.9473,1284.959827067872,3883.0037074564734,99.8711,9.994032458922675,0.0,
S2,MAIN,0.75,0.25,100,rate,PPS-A/HT,10000,4997.0,-4.208827252831725,-0.0008422708130541775,17.813533755698426,3173219.8486540723,1781.2692780419393,3128500.227635766,0.9621,0.9581763547242961,0.9656687409437519,0.8643,1959.652256891077,5981.185305279176,100.0562,9.966285243760586,0.0,
S2,MAIN,0.75,0.25,100,rate,RA-OR/HT,10000,4997.0,-9.74176276653452,-0.0019495222666669042,9.695497007225894,940026.6221712627,969.5501644839451,927043.2411390435,0.9235,0.9181262224918811,0.9285485189394505,0.9396,1236.285472091192,3751.6734564151734,100.0098,9.955727193932145,0.0,
S2,MAIN,0.75,0.25,100,rate,RA-EST(COR-2000)/HT,10000,4997.0,-11.637216645742228,-0.002328840633528563,9.705493526941794,941966.0460150904,970.5705920857837,928338.9400973185,0.923,0.9176108489669091,0.9280642764769004,0.9389,1238.9777857331653,3754.110840095613,100.0033,9.922887135808812,0.0,
S2,MAIN,0.75,0.25,100,rate,DEF-0.5(COR-2000)/HT,10000,4997.0,-12.364916749994336,-0.0024744680308173574,9.741838768840411,949034.2259808205,974.2136386462965,942262.2374759694,0.9238,0.9184354778193632,0.9288390332044817,0.9395,1249.962968499863,3785.485772062385,99.9689,9.979706047274137,0.0,
S2,MAIN,0.75,0.25,100,rate,EQ-P/DIFF(COR-2000),10000,4997.0,-11.672934419313606,-0.0023359884769488903,8.154418943193514,664945.4830111323,815.4846692984418,672754.2108696476,0.9152,0.9095790352671305,0.9205020807713322,0.95,1059.2959760181434,3204.4023605643274,99.8711,9.994032458922675,0.0,
S2,MAIN,0.75,0.25,100,rate,RA-EST/DIFF(COR-2000),10000,4997.0,-12.213400488397383,-0.002444146585630855,8.10952389675412,657643.7783202612,811.003810776447,656298.9050839342,0.915,0.909373280094042,0.9203079895494117,0.9473,1045.964577809704,3161.9719892654234,99.9405,9.924654137550588,0.0,
S2,MAIN,0.75,0.25,100,rate,DEF-0.5/DIFF(COR-2000),10000,4997.0,-11.28105669967681,-0.0022575658794630397,8.137955975291758,662263.2745578683,813.8330974288731,660176.1400808378,0.9116,0.9058767991988123,0.9170070817294903,0.9492,1048.7764261984667,3173.424484844009,99.9309,9.97667906620234,0.0,
S2,MAIN,0.75,0.25,100,rate,RA-EST(MIS-G-2000)/HT,10000,4997.0,-13.171204828438022,-0.002635822459163102,9.72256491309974,945282.6848943817,972.2970931060757,938721.8978288866,0.9218,0.9163742146809817,0.9269018323927742,0.9393,1247.7340213588532,3776.2017886867984,99.961,9.977248067478326,0.0,
S2,MAIN,0.75,0.25,100,rate,DEF-0.5(MIS-G-2000)/HT,10000,4997.0,-11.95689323301849,-0.002392814335204821,9.801542522897462,960702.3582816713,980.1781753036685,952889.4688504486,0.9235,0.9181262224918811,0.9285485189394505,0.9403,1256.5485822963064,3806.877462609637,99.973,10.000913508275131,0.0,
S2,MAIN,0.75,0.25,100,rate,SRSWOR/EXP,10000,4997.0,0.8400000000001455,0.0001681008605163389,8.619127703905868,742893.6237623764,861.8700830171564,746105.0315151515,0.8978,0.8917093562060378,0.9035851234666513,0.9449,1104.2002850966148,3380.0265529461653,100.0,0.0,0.0,
S2,MAIN,0.75,0.25,100,rate,SRSWOR/DIFF(COR-2000),10000,4997.0,1.7018767537992971,0.00034057969857900685,8.17984319399047,669098.346782722,817.9451896872607,674610.5480481847,0.9123,0.9065964565257124,0.9176868867851212,0.9465,1048.6633241905206,3212.789902199842,100.0,0.0,0.0,
S2,MAIN,0.75,0.25,100,rate,ST-PROP/EXP,10000,4997.0,1.0891469736843646,0.00021796017083937656,8.560073683252915,732748.6146271913,855.9652598130714,736670.8375221947,0.9101,0.9043350277290721,0.9155500052366637,0.9413,1096.675233295033,3357.7714805776013,100.0,0.0,0.0,
S2,MAIN,0.75,0.25,100,rate,ST-EQD/EXP,10000,4997.0,0.22886000000016793,4.5799479687846295e-05,12.486767230616465,1559193.558715972,1248.6143086385805,1543940.3532844211,0.9268,0.9215293486904098,0.9317428582585686,0.9163,1572.3388803996463,4810.069633246568,100.0,0.0,0.0,
S2,MAIN,0.75,0.25,100,rate,CPS-RA-OR/HT,10000,4997.0,-10.102230016580506,-0.0020216589987153304,8.230579422624965,677424.376321375,823.0787865903549,679659.5864980702,0.9154,0.9097847994888586,0.9206961629446129,0.9395,1063.6053444762144,3222.387951380176,100.0,0.0,,Deville approx
S2,MAIN,0.75,0.25,100,rate,CPS-RA-EST(COR-2000)/HT,10000,4997.0,3.322842903430683,0.0006649675612228703,8.338726768338566,695343.6411700613,833.8376029485029,683385.1369799051,0.9134,0.9077275610241651,0.9187549374592174,0.9419,1052.82832599974,3230.4876509599208,100.0,0.0,,Deville approx
S2,MAIN,0.75,0.25,100,dollars,EQ-P/HT,10000,3247392.272145333,-22724.781592409126,-0.006997855413813743,11320.219465454024,1281473687460.4417,1132193.4268446,1285875622512.7983,0.9593,0.9552475033807162,0.9629997427572075,0.8678,1363299.5851303264,4100464.4747160356,99.7782,9.975079185650609,0.0,
S2,MAIN,0.75,0.25,100,dollars,PPS-A/HT,10000,3247392.272145333,-9640.456210329663,-0.002968676218460317,5725.461825774293,327809131183.98706,572598.7152158237,323373949778.63586,0.9151,0.909476156551318,0.9204050362896402,0.9398,735502.6247396532,2220220.779728126,100.0711,9.889724201917868,0.0,
S2,MAIN,0.75,0.25,100,dollars,RA-OR/HT,10000,3247392.272145333,-10377.538503990043,-0.003195652891399629,5592.831764627282,312797671474.2392,559351.4861091311,307838984597.1373,0.9228,0.917404717655872,0.9278705613929286,0.9405,718213.3807751945,2165083.0058150394,100.0703,9.874419370778213,0.0,
S2,MAIN,0.75,0.25,100,dollars,RA-EST(COR-2000)/HT,10000,3247392.272145333,-10606.25657591736,-0.003266084195276637,5602.330307446348,313861048737.319,560305.4125305229,308360833163.194,0.9231,0.9177139184915405,0.9281611301497735,0.9392,719000.6985321132,2166791.614807127,100.0616,9.90743182868295,0.0,
S2,MAIN,0.75,0.25,100,dollars,DEF-0.5(COR-2000)/HT,10000,3247392.272145333,-13814.428317320533,-0.0042540066489085634,6368.458461507795,405572631759.5024,636963.8238754701,402438935211.7059,0.9276,0.9223547958697432,0.9325167966592708,0.937,821762.8120760221,2471300.845177408,99.909,9.972498132363826,0.0,
S2,MAIN,0.75,0.25,100,dollars,EQ-P/DIFF(COR-2000),10000,3247392.272145333,-18927.53330950765,-0.005828533088490571,9032.918845890266,815936228764.3953,903445.0103125819,815933296747.5674,0.9002,0.8941706664352551,0.9059219699775405,0.9588,1112770.875270075,3345778.059364449,99.7782,9.975079185650609,0.0,
S2,MAIN,0.75,0.25,100,dollars,RA-EST/DIFF(COR-2000),10000,3247392.272145333,-13278.914079387672,-0.004089100720380538,4519.378382621942,204247809653.10526,452110.2901187582,198639633616.86157,0.9127,0.9070077367590588,0.9180752993417927,0.9455,582794.5493348566,1741998.0026458348,100.0924,9.940415596945632,0.0,
S2,MAIN,0.75,0.25,100,dollars,DEF-0.5/DIFF(COR-2000),10000,3247392.272145333,-15754.789388341364,-0.004851520256261877,5105.308507554504,260641749573.084,510748.3713011699,258050755432.9179,0.9112,0.9054656135521865,0.9166185745860983,0.9459,664374.7744027551,1983957.3286946563,99.9184,9.956653124418867,0.0,
S2,MAIN,0.75,0.25,100,dollars,RA-EST(MIS-G-2000)/HT,10000,3247392.272145333,-11385.449982448947,-0.0035060285386857033,5622.218452316983,316093403255.7356,562309.0096972596,311541252340.815,0.9213,0.9158590582270959,0.9264173728591379,0.9407,723569.1205217534,2178381.8648630064,100.0512,9.906925787548829,0.0,
S2,MAIN,0.75,0.25,100,dollars,DEF-0.5(MIS-G-2000)/HT,10000,3247392.272145333,-17160.6710857586,-0.005284446610578926,6404.006677431852,410113015245.9175,640598.5424401982,406681889161.64355,0.9261,0.9208072277782461,0.9310655167882013,0.9374,829370.0113080643,2484333.986305536,99.898,9.967145830176259,0.0,
S2,MAIN,0.75,0.25,100,dollars,SRSWOR/EXP,10000,3247392.272145333,279.41000078758225,8.604134560035611e-05,10849.584420690398,1177134821016.8782,1084904.228770782,1199952877857.3652,0.9596,0.9555610625556126,0.9632859531748243,0.8731,1290222.909813891,3947305.96381006,100.0,0.0,0.0,
S2,MAIN,0.75,0.25,100,dollars,SRSWOR/DIFF(COR-2000),10000,3247392.272145333,4675.862970576622,0.0014398823975421962,9077.834718235257,824070831715.974,907750.1243884916,813196968100.5171,0.8966,0.890479083320153,0.9024163179824825,0.9522,1090399.162920255,3349545.4553999407,100.0,0.0,0.0,
S2,MAIN,0.75,0.25,100,dollars,ST-PROP/EXP,10000,3247392.272145333,6558.208165600896,0.0020195306313481897,9809.432674949554,962249694043.6798,980916.1427811343,940980998861.9032,0.8987,0.8926322270009097,0.9044615614493192,0.8432,1137579.04755121,3499613.866294171,100.0,0.0,0.0,
S2,MAIN,0.75,0.25,100,dollars,ST-EQD/EXP,10000,3247392.272145333,-3829.552341675386,-0.0011792700175225395,5057.33641748642,255766516396.34372,505722.85415614926,259160456739.7879,0.9158,0.9101963551947828,0.9210843000287064,0.9434,653720.0647284638,1987843.5365667038,100.0,0.0,0.0,
S2,MAIN,0.75,0.25,100,dollars,CPS-RA-OR/HT,10000,3247392.272145333,-2506.7607609140687,-0.0007719303831618781,4553.579344695024,207350848484.3316,455342.0661974859,205823838734.235,0.9077,0.9018691672644447,0.9132177089611843,0.9449,583006.8312991274,1775596.4907964733,100.0,0.0,,Deville approx
S2,MAIN,0.75,0.25,100,dollars,CPS-RA-EST(COR-2000)/HT,10000,3247392.272145333,814.5725211491808,0.000250838966433534,4499.378889728661,202444103933.35922,449916.12890777556,206810288966.511,0.9132,0.9075218860070181,0.9185607660813556,0.9475,581056.3137533381,1779789.4543022304,100.0,0.0,,Deville approx
S3,MAIN,1.5,0.05,100,rate,EQ-P/HT,10000,981.0,1.3400000000000318,0.0013659531090724076,4.478215926213046,200544.17881788174,447.80120589386536,195485.66,0.9335,0.9284482114963108,0.9382188496854655,0.8642,548.2160946563911,1680.9470363422931,99.8674,10.018274164745144,0.0075,
S3,MAIN,1.5,0.05,100,rate,PPS-A/HT,10000,981.0,-1.4176357008282139,-0.001445092457521115,6.2799942743157136,394383.2808543814,627.9696268270276,391707.74551005295,0.9757,0.9724943932867947,0.9785402572418582,0.7957,632.9887597370862,1931.8093630676701,99.8799,9.921213433345741,0.0001,
S3,MAIN,1.5,0.05,100,rate,RA-OR/HT,10000,981.0,0.20769875732025866,0.00021172146515826572,3.3746923529823714,113885.48477277695,337.45242533292526,113299.32657288027,0.9471,0.9425386481423923,0.9513179678999888,0.8999,410.39812299771125,1255.934827937015,99.8,10.030882314133688,0.0,
S3,MAIN,1.5,0.05,100,rate,RA-EST(COR-2000)/HT,10000,981.0,-0.9899503481656211,-0.0010091236984359033,3.3928261467451364,115112.6926203745,339.26709441501146,114598.33110061254,0.9469,0.9423309140829409,0.9511258555644312,0.8976,412.90161519934605,1259.9290572863813,99.7345,10.069717461279636,0.0,
S3,MAIN,1.5,0.05,100,rate,DEF-0.5(COR-2000)/HT,10000,981.0,-1.806375606659003,-0.0018413614746778828,3.6093510595322913,130274.15070946873,360.921579137671,128294.78413542877,0.9385,0.933620698599507,0.9430425224574916,0.908,447.7250224979324,1363.9474390877535,99.7539,10.018309976737592,0.0001,
S3,MAIN,1.5,0.05,100,rate,EQ-P/DIFF(COR-2000),10000,981.0,2.8149664819255804,0.0028694867297916213,3.7820545684614144,143039.36758819857,378.1970223147376,141970.83846054226,0.9329,0.9278280611457773,0.9376394608509723,0.9212,467.4223986242611,1438.331979098289,99.8674,10.018274164745144,0.0075,
S3,MAIN,1.5,0.05,100,rate,RA-EST/DIFF(COR-2000),10000,981.0,2.449454325531292,0.0024968953369330195,3.137112038860172,98414.71944361423,313.70508092500313,97606.01800511568,0.9455,0.9408772559546209,0.949780588927689,0.9053,377.62791372432355,1162.5563461426943,99.7157,10.055141645446872,0.0,
S3,MAIN,1.5,0.05,100,rate,DEF-0.5/DIFF(COR-2000),10000,981.0,3.0332967248223213,0.0030920455910523155,3.2887669314341905,108159.87929295063,328.8742376563451,107456.85537199059,0.9343,0.9292752558830955,0.9389911908787165,0.9154,404.29959536748447,1245.923799999724,99.75,10.033389257872935,0.0009,
S3,MAIN,1.5,0.05,100,rate,RA-EST(MIS-G-2000)/HT,10000,981.0,-1.4567815508503372,-0.0014849964840472347,3.7272069076887044,138920.71332722396,372.7049013205731,137596.70468196706,0.9416,0.9368320085759004,0.9460288316037361,0.9036,459.8887011384448,1402.2222373446546,99.8095,10.040229566598564,0.0002,
S3,MAIN,1.5,0.05,100,rate,DEF-0.5(MIS-G-2000)/HT,10000,981.0,-1.6339925377913005,-0.0016656396919381249,3.919768034495794,153645.8144425502,391.9606100014637,152697.48751000737,0.9396,0.934759795158834,0.9441025810707135,0.9119,489.1558920098529,1491.200807411512,99.7636,10.059260163650206,0.0011,
S3,MAIN,1.5,0.05,100,rate,SRSWOR/EXP,10000,981.0,1.8999999999999773,0.0019367991845055835,4.301930922384284,185066.09660966098,430.17577802568104,186003.2898989899,0.9428,0.9380760598258889,0.947183858723801,0.8742,536.5144960526115,1646.8678270764067,100.0,0.0,0.0069,
S3,MAIN,1.5,0.05,100,rate,SRSWOR/DIFF(COR-2000),10000,981.0,1.6623904992356984,0.0016945876648681941,3.7850229032529694,143263.98378149536,378.4870155306377,142091.27532056795,0.9356,0.9306196433650872,0.9402458049642825,0.9159,469.2958814298548,1440.5370427837292,100.0,0.0,0.0069,
S3,MAIN,1.5,0.05,100,rate,ST-PROP/EXP,10000,981.0,2.7905369407895932,0.0028445840375021336,4.286466418107555,183737.94353563807,428.6342926524923,185971.34047288567,0.9457,0.941084870570372,0.9499728207069467,0.8913,535.6726697223531,1647.0168199766888,100.0,0.0,0.0064,
S3,MAIN,1.5,0.05,100,rate,ST-EQD/EXP,10000,981.0,-6.363225000000057,-0.006486467889908315,5.6187505228634915,315703.57438178756,561.8829901827871,316228.46166964475,0.9706,0.9671040612328606,0.9737345062230655,0.7627,632.8304396468749,1916.1978514398952,100.0,0.0,0.0002,
S3,MAIN,1.5,0.05,100,dollars,EQ-P/HT,10000,839081.9501959048,3936.675995101221,0.0046916466194775195,6411.9780031674445,411134619131.0317,641177.8248559514,406870407599.2524,0.9768,0.9736612433346437,0.9795725623665581,0.7562,641213.5318983591,1973344.1963412038,99.7842,9.922319807383754,0.007,
S3,MAIN,1.5,0.05,100,dollars,PPS-A/HT,10000,839081.9501959048,1166.647598800715,0.001390385764499322,2884.6960095903773,83214710677.46645,288457.53634290525,83599588437.78226,0.9265,0.9212198518003409,0.9314525855561242,0.9086,363539.186358568,1115538.8807228005,99.9431,9.866015527557211,0.0001,
S3,MAIN,1.5,0.05,100,dollars,RA-OR/HT,10000,839081.9501959048,-669.990575802396,-0.0007984805007972939,2344.7980294720837,54980777990.16167,234469.03590822886,54482540881.377975,0.9385,0.933620698599507,0.9430425224574916,0.9137,291138.7375322181,888467.2267200161,99.8872,9.753352047373252,0.0,
S3,MAIN,1.5,0.05,100,dollars,RA-EST(COR-2000)/HT,10000,839081.9501959048,432.1663232030114,0.0005150466210149215,2362.141102068814,55797105860.828705,236202.69456120423,55400277863.1739,0.9397,0.9348633709164661,0.944198928510586,0.9122,291845.71827570064,894000.9012403159,99.8446,9.782364276594896,0.0,
S3,MAIN,1.5,0.05,100,dollars,DEF-0.5(COR-2000)/HT,10000,839081.9501959048,600.8584496700205,0.0007160903050408067,2797.006968023231,78232479791.70506,279687.35683724144,77180531737.9233,0.9361,0.931136863360677,0.9407282009562151,0.9097,345785.38334413053,1059504.083813481,99.7825,9.967506897414218,0.0,
S3,MAIN,1.5,0.05,100,dollars,EQ-P/DIFF(COR-2000),10000,839081.9501959048,830.8428129525855,0.0009901807716857743,5187.248802395212,269075501379.50555,518699.608761321,270159939854.60266,0.9467,0.9421231973582078,0.9509337258941555,0.9143,572620.7139808374,1754036.9477316025,99.7842,9.922319807383754,0.007,
S3,MAIN,1.5,0.05,100,dollars,RA-EST/DIFF(COR-2000),10000,839081.9501959048,934.1770532911178,0.001113332318819408,2111.5576496881386,44586757079.56496,211147.2734624435,44876079224.80833,0.9339,0.9288617081905852,0.9386050457812087,0.9255,262397.27263272065,805461.3973523213,99.9327,9.819998508655692,0.0,
S3,MAIN,1.5,0.05,100,dollars,DEF-0.5/DIFF(COR-2000),10000,839081.9501959048,-880.5010124918772,-0.0010493623564257364,2461.467761948857,60588235431.13514,246136.04345894777,61911646357.69737,0.9366,0.931654166890402,0.9412105134140122,0.9291,311367.4625854739,949697.661355848,99.7848,9.947486564957,0.0,
S3,MAIN,1.5,0.05,100,dollars,RA-EST(MIS-G-2000)/HT,10000,839081.9501959048,-457.17542484391015,-0.0005448519357819234,2504.4683646681833,62723617896.237236,250434.73110536547,62879706144.968475,0.9393,0.9344490895433285,0.9438135170937058,0.9217,314729.18555864424,961275.1258268724,99.9027,9.784877756517963,0.0,
S3,MAIN,1.5,0.05,100,dollars,DEF-0.5(MIS-G-2000)/HT,10000,839081.9501959048,169.41252036509104,0.00020190223413283698,2954.9012697409635,87314415139.16759,295475.40066519193,87327382228.23622,0.9386,0.9337242350453652,0.943138909209138,0.9163,369656.3825584944,1131199.4903621832,99.7862,9.904235940242943,0.0001,
S3,MAIN,1.5,0.05,100,dollars,SRSWOR/EXP,10000,839081.9501959048,-1510.7706180688692,-0.00180050425076614,6228.57194713741,387951085006.6711,622827.8833883649,389695637860.2648,0.9767,0.9735550964376862,0.979478786066011,0.7535,635095.845700448,1937969.5077284852,100.0,0.0,0.0059,
S3,MAIN,1.5,0.05,100,dollars,SRSWOR/DIFF(COR-2000),10000,839081.9501959048,563.4256688136375,0.0006714787139469412,5150.051027484573,265230255856.94904,514979.6600642084,264540415749.81046,0.9395,0.934656223016341,0.944006230015702,0.907,566899.2671033131,1735718.5934704856,100.0,0.0,0.0059,
S3,MAIN,1.5,0.05,100,dollars,ST-PROP/EXP,10000,839081.9501959048,-7904.870715736528,-0.009420856584855551,6199.908483076109,384388651985.19104,620010.2419323612,378784055009.4542,0.9683,0.9646821958733204,0.9715581380400035,0.7255,628214.9009499707,1897364.6495315204,100.0,0.0,0.0052,
S3,MAIN,1.5,0.05,100,dollars,ST-EQD/EXP,10000,839081.9501959048,744.2895078059519,0.0008870283857639635,2954.562803843211,87294413618.53856,295442.44472324575,86290150610.40651,0.9341,0.9290684756351676,0.9387981247316356,0.9182,367643.16983253986,1126800.0009917098,100.0,0.0,0.0005,
S4,MAIN,1.5,0.05,400,rate,EQ-P/HT,10000,981.0,-1.2699999999999818,-0.0012945973496432026,2.2148483617003065,49055.53265326533,221.47740291054524,48006.77,0.9361,0.931136863360677,0.9407282009562151,0.9445,280.22776035052857,853.2581570569096,399.8385,20.0121317642574,0.0,
S4,MAIN,1.5,0.05,400,rate,PPS-A/HT,10000,981.0,-3.859053400527273,-0.003933795515318321,3.2588005223708567,106197.8084460457,325.8866075160948,104126.14106631087,0.9589,0.9548295129721371,0.9626180403757687,0.8654,368.8156533647884,1116.305907747338,399.9193,19.214910551704374,0.0,
S4,MAIN,1.5,0.05,400,rate,RA-OR/HT,10000,981.0,-1.8092804088748835,-0.001844322537079392,1.6802729563091254,28233.17207703808,168.02863522456022,27259.803536138206,0.9277,0.922457989353658,0.9326135263728603,0.9299,210.29547092107106,637.7042261334427,399.8002,19.7873515145408,0.0,
S4,MAIN,1.5,0.05,400,rate,RA-EST(COR-2000)/HT,10000,981.0,-1.3616744003038548,-0.0013880472989845614,1.6906397451860307,28582.627480026866,169.06100489010265,27672.1762164497,0.9275,0.9222516051952467,0.9324200641362628,0.9301,211.1780054805612,641.7727750359878,399.8308,19.718153345584874,0.0,
S4,MAIN,1.5,0.05,400,rate,DEF-0.5(COR-2000)/HT,10000,981.0,-2.8852456789799135,-0.0029411270937613797,1.789619575521482,32027.382250896906,178.9762670168866,31239.886406614183,0.9256,0.9202915091616355,0.9305816194172896,0.934,227.80105052098773,687.9580797154166,399.7733,19.840184150103042,0.0,
S4,MAIN,1.5,0.05,400,rate,EQ-P/DIFF(COR-2000),10000,981.0,-1.6073206922717418,-0.0016384512663320508,1.8815051771114761,35400.61731497287,188.14797562835795,34969.5298298859,0.9222,0.9167863852995854,0.9272893545641885,0.9425,239.81234481034414,728.6062937459989,399.8385,20.0121317642574,0.0,
S4,MAIN,1.5,0.05,400,rate,RA-EST/DIFF(COR-2000),10000,981.0,-1.8664844026100127,-0.0019026344572986877,1.5598152431095857,24330.23592637016,155.98489243129512,23695.054266486226,0.9286,0.9233868580245143,0.9334839664795441,0.9294,196.02463387340788,593.8785305232648,399.8311,19.700065299130358,0.0,
S4,MAIN,1.5,0.05,400,rate,DEF-0.5/DIFF(COR-2000),10000,981.0,-2.559619042860504,-0.0026091937236090764,1.6394800363163495,26878.947894798588,163.95978668458216,26269.9147939501,0.9233,0.9179200653020766,0.9283548297342462,0.9369,208.71265089002387,630.5677096223209,399.8197,19.812975342184224,0.0,
S4,MAIN,1.5,0.05,400,rate,RA-EST(MIS-G-2000)/HT,10000,981.0,-2.464802292871809,-0.0025125405635798258,1.854863930320556,34405.202000042205,185.49349511555695,33556.67358819195,0.9267,0.9214261803001957,0.9316461034512782,0.9318,234.91136094743177,710.9926678597767,399.7559,19.781797572263244,0.0,
S4,MAIN,1.5,0.05,400,rate,DEF-0.5(MIS-G-2000)/HT,10000,981.0,-2.5939074103921484,-0.0026441461879634543,1.9641408353257876,38578.49220994282,196.42139067926263,37396.79842745867,0.9224,0.9169924858585595,0.9274831004002232,0.9354,248.83578190976363,753.1888977082343,399.7717,19.868310927454303,0.0,
S4,MAIN,1.5,0.05,400,rate,SRSWOR/EXP,10000,981.0,3.8150000000000546,0.0038888888888889447,2.1522267040157614,46320.79785478548,215.24572005036478,45881.00447368422,0.9086,0.9027937265590952,0.9140924584440738,0.9451,269.1711399451256,834.9925464664212,400.0,0.0,0.0,
S4,MAIN,1.5,0.05,400,rate,SRSWOR/DIFF(COR-2000),10000,981.0,1.8604409627694167,0.001896473968164543,1.8800887552612522,35347.33727659805,188.00868007474108,35103.18239135351,0.9172,0.9116370895306712,0.9224424904578804,0.939,236.84294863834577,730.1306622133525,400.0,0.0,0.0,
S4,MAIN,1.5,0.05,400,rate,ST-PROP/EXP,10000,981.0,4.27509274302065,0.004357892704404333,2.1323759373635323,45470.27138247003,213.26978401380072,45325.04038038601,0.912,0.9062880190558067,0.9173955546625137,0.9439,267.1032446886182,830.0747029626403,400.0,0.0,0.0,
S4,MAIN,1.5,0.05,400,rate,ST-EQD/EXP,10000,981.0,5.737169999999878,0.005848287461773576,2.848914800659762,81163.15541418252,284.9349999881552,79776.1121995178,0.9375,0.9325855267012678,0.9420784623806865,0.9,344.7775805566877,1072.132102385138,400.0,0.0,0.0,
S4,MAIN,1.5,0.05,400,dollars,EQ-P/HT,10000,839081.9501959048,-7101.705573381158,-0.008463661471591763,3135.721534329387,98327495408.57045,313636.88699048234,97112218022.82954,0.9574,0.9532629270597345,0.9611857783256047,0.869,376459.6696104164,1129768.518690847,399.8519,19.78848064885225,0.0,
S4,MAIN,1.5,0.05,400,dollars,PPS-A/HT,10000,839081.9501959048,-1248.474803447025,-0.0014879056844871194,1383.5078754921983,19140940415.489357,138349.50310999548,19329237557.31474,0.9175,0.9119458775509496,0.9227334720301154,0.9486,178791.03158600454,543055.8182324816,399.9393,19.33574450363885,0.0,
S4,MAIN,1.5,0.05,400,dollars,RA-OR/HT,10000,839081.9501959048,1107.2231482421048,0.001319564969766774,1094.7290402097753,11984316714.786158,109473.02967496004,12136566624.706596,0.9241,0.9187447567110575,0.9291295239053009,0.9386,138773.4909563126,427858.1824527135,399.9372,18.470702643916933,0.0,
S4,MAIN,1.5,0.05,400,dollars,RA-EST(COR-2000)/HT,10000,839081.9501959048,1136.3951963976724,0.001354331595540045,1110.9194750518957,12341420800.495794,111092.20518316369,12325857077.45038,0.9255,0.9201883735758042,0.9304848318056164,0.939,139681.50568208416,430724.7894205007,399.9532,18.491365816510147,0.0,
S4,MAIN,1.5,0.05,400,dollars,DEF-0.5(COR-2000)/HT,10000,839081.9501959048,200.29522146005183,0.0002387075796509362,1323.4214174102394,17514442480.601273,132335.67604591345,17782473801.826443,0.9257,0.920394647453256,0.9306784043231733,0.9401,169545.2829042401,519206.91856035026,399.8323,19.482755880778264,0.0,
S4,MAIN,1.5,0.05,400,dollars,EQ-P/DIFF(COR-2000),10000,839081.9501959048,-812.3048094951082,-0.0009680875739317896,2569.9350106492525,66045659589.607735,256981.93489572825,65950248741.0839,0.9222,0.9167863852995854,0.9272893545641885,0.9424,313760.3060973856,957225.3322438997,399.8519,19.78848064885225,0.0,
S4,MAIN,1.5,0.05,400,dollars,RA-EST/DIFF(COR-2000),10000,839081.9501959048,793.1893217755714,0.0009453061427318051,1006.8415597475868,10137299264.349531,100682.24611977664,10183309081.438076,0.9219,0.9164772535343857,0.926998716736875,0.9429,127281.0290330586,391745.2283192697,399.9045,18.75003945995848,0.0,
S4,MAIN,1.5,0.05,400,dollars,DEF-0.5/DIFF(COR-2000),10000,839081.9501959048,531.7414864251623,0.0006337181800907692,1195.9093738427052,14301992304.448513,119586.13989182214,14437506808.596676,0.9186,0.9130782819262843,0.9238002228273295,0.9439,152411.09171160823,467811.75696863554,399.879,19.570865054973936,0.0,
S4,MAIN,1.5,0.05,400,dollars,RA-EST(MIS-G-2000)/HT,10000,839081.9501959048,458.0221540229395,0.0005458610495863994,1188.0842797899593,14115442558.840261,118803.37031784053,14196431145.0753,0.9237,0.9183323900982483,0.9287421977280923,0.944,151267.71306715766,464088.9755146181,400.0429,18.654866914293436,0.0,
S4,MAIN,1.5,0.05,400,dollars,DEF-0.5(MIS-G-2000)/HT,10000,839081.9501959048,-598.7638120384654,-0.0007135939605168112,1423.867655326265,20273990998.84316,142380.90503240202,20300532086.390926,0.9246,0.9192602742440399,0.9296136223598406,0.9385,182171.4116697628,555382.8030750874,399.8824,19.551372592224823,0.0,
S4,MAIN,1.5,0.05,400,dollars,SRSWOR/EXP,10000,839081.9501959048,-933.3905114914523,-0.0011123949350519682,3132.007324790952,98094698825.44179,313186.4629472452,97369235579.2356,0.9577,0.9535761353393509,0.9614723396385015,0.8646,370311.0153056508,1129828.6557573655,400.0,0.0,0.0,
S4,MAIN,1.5,0.05,400,dollars,SRSWOR/DIFF(COR-2000),10000,839081.9501959048,-412.1792915900005,-0.0004912265023622149,2597.319217831711,67460671193.17929,259719.26193070158,66277466030.88571,0.9189,0.913387169489392,0.9240911048567353,0.9359,314333.05137319205,960201.0872092884,400.0,0.0,0.0,
S4,MAIN,1.5,0.05,400,dollars,ST-PROP/EXP,10000,839081.9501959048,-437.78571547730826,-0.0005217436930625145,3002.809325229736,90168638436.86661,300266.2372451415,87582147487.39728,0.9462,0.9416039807851497,0.9504533264796915,0.87,355275.53148744913,1085355.0036793128,400.0,0.0,0.0,
S4,MAIN,1.5,0.05,400,dollars,ST-EQD/EXP,10000,839081.9501959048,-1694.3792096331017,-0.0020193250602488903,1413.3145003060108,19974578767.752293,141334.54011946815,20139111373.84967,0.9242,0.9188478549335571,0.9292263488803058,0.9404,182674.33428302465,553569.9122911022,400.0,0.0,0.0,
S5,MAIN,1.5,0.25,100,rate,EQ-P/HT,10000,5024.0,1.319999999999709,0.0002627388535031268,9.87417032889186,974992.396839684,987.3685431489096,1000038.68,0.9287,0.9234900799009046,0.9335806678006583,0.9367,1273.9699238971873,3900.77526006241,100.1274,9.965539084264334,0.0,
S5,MAIN,1.5,0.25,100,rate,PPS-A/HT,10000,5024.0,6.49648486911974,0.0012930901411464452,15.899741007526057,2528017.6410640567,1589.907872681812,2482461.2791491514,0.9609,0.9569204921529295,0.9645255251450651,0.8794,1790.0022620489,5495.015474830874,100.0665,9.794134864805569,0.0,
S5,MAIN,1.5,0.25,100,rate,RA-OR/HT,10000,5024.0,-5.808443434326364,-0.0011561392186159164,8.927029040789934,796918.4749510685,892.6771651155323,810178.491177088,0.9251,0.919775858190593,0.9300976544008099,0.9407,1150.4361981890086,3501.1141733821214,100.1002,9.978625153797491,0.0,
S5,MAIN,1.5,0.25,100,rate,RA-EST(COR-2000)/HT,10000,5024.0,-6.527470261217786,-0.0012992576156882537,8.965934065506904,803879.7366701715,896.5723376083581,811434.0262679509,0.9259,0.9206009321739549,0.9308719659974835,0.9404,1151.844346910641,3503.222015362051,100.0867,9.991395453589053,0.0,
S5,MAIN,1.5,0.25,100,rate,DEF-0.5(COR-2000)/HT,10000,5024.0,-4.093442536280236,-0.0008147775748965437,9.23924997817383,853637.4015918514,923.8878688041585,858422.180086901,0.9226,0.9171985966319105,0.927676836021881,0.9394,1185.6512236687715,3614.0733762650134,100.1185,9.981906518796897,0.0,
S5,MAIN,1.5,0.25,100,rate,EQ-P/DIFF(COR-2000),10000,5024.0,-3.4914093373208743,-0.0006949461260590912,7.414937169657099,549812.9322996244,741.4648615717101,549949.2163714342,0.9091,0.9033074420098338,0.9145783589808575,0.9466,949.9746832684133,2895.042507456467,100.1274,9.965539084264334,0.0,
S5,MAIN,1.5,0.25,100,rate,RA-EST/DIFF(COR-2000),10000,5024.0,-8.99279346422827,-0.001789966851956264,7.005353132065282,490749.7250493685,700.5580064571054,494180.7350849328,0.92,0.9145199431631448,0.9251574863555314,0.9475,902.9637072141504,2734.4210584794164,100.1257,9.941986698341534,0.0,
S5,MAIN,1.5,0.25,100,rate,DEF-0.5/DIFF(COR-2000),10000,5024.0,-6.968153942465506,-0.001386973316573548,7.109869046259804,505502.378549633,710.9855015970044,510135.1761363005,0.9135,0.9078304018288528,0.9188520198520342,0.9479,917.9674154302204,2786.506279518795,100.0871,9.949689120269035,0.0,
S5,MAIN,1.5,0.25,100,rate,RA-EST(MIS-G-2000)/HT,10000,5024.0,-4.586409354222269,-0.0009128999510792733,9.182304235321968,843147.1107001175,918.1959655432014,846348.2484134221,0.9224,0.9169924858585595,0.9274831004002232,0.9396,1175.8695446226002,3582.6459465946227,100.1064,9.931710781129302,0.0,
S5,MAIN,1.5,0.25,100,rate,DEF-0.5(MIS-G-2000)/HT,10000,5024.0,-9.278660621661402,-0.0018468671619548968,9.390298212550611,881777.0052063119,939.0287115145752,890016.6116378224,0.9226,0.9171985966319105,0.927676836021881,0.942,1212.4277441673762,3680.115471248913,100.0581,9.991822876232344,0.0,
S5,MAIN,1.5,0.25,100,rate,SRSWOR/EXP,10000,5024.0,4.819999999999709,0.0009593949044585407,8.651475340227023,748480.2556255627,865.1177029745721,749154.2341414142,0.9258,0.9204977884556843,0.9307751865182495,0.9487,1102.5072899413246,3387.0218971033783,100.0,0.0,0.0,
S5,MAIN,1.5,0.25,100,rate,SRSWOR/DIFF(COR-2000),10000,5024.0,2.709031441922889,0.0005392180417840146,7.344851739514268,539468.4707544576,734.4534449226414,551180.7493858899,0.9141,0.9084474930204128,0.919434467845501,0.947,945.8623948567372,2901.4296143738898,100.0,0.0,0.0,
S5,MAIN,1.5,0.25,100,rate,ST-PROP/EXP,10000,5024.0,7.545858782894356,0.0015019623373595454,8.484300171344978,719833.4939748443,848.4211516754036,719099.2131185957,0.9082,0.9023827910074746,0.9137037012056768,0.9471,1077.0113872873144,3317.374343132628,100.0,0.0,0.0,
S5,MAIN,1.5,0.25,100,rate,ST-EQD/EXP,10000,5024.0,-6.603820000000269,-0.0013144546178344484,11.856127414719706,1405677.5727406817,1185.571851648815,1438390.9007791055,0.9305,0.9253485698370358,0.935320795419607,0.9173,1521.6136407113215,4634.0151495298305,100.0,0.0,0.0,
S5,MAIN,1.5,0.25,100,rate,CPS-RA-OR/HT,10000,5024.0,4.48262222336416,0.0008922416845868153,7.546108722550993,569437.5685256016,754.5864553984167,565062.6483767505,0.9145,0.9088589315597084,0.919822722096223,0.9426,952.4757444299466,2927.0830511571635,100.0,0.0,,Deville approx
S5,MAIN,1.5,0.25,100,rate,CPS-RA-EST(COR-2000)/HT,10000,5024.0,-0.556107211113158,-0.00011069012960054896,7.511191259879323,564179.9414248754,751.0817749659242,563750.5528243356,0.9166,0.9110195764819595,0.9218604643215653,0.9447,956.1624006767939,2922.94741616055,100.0,0.0,,Deville approx
S5,MAIN,1.5,0.25,100,dollars,EQ-P/HT,10000,3837470.446764583,-4459.124644699041,-0.0011619958268235218,13480.730358310806,1817300909934.826,1348013.005737122,1812436883133.1812,0.9567,0.9525323143049796,0.9605169286978282,0.8707,1585133.611670416,4834866.031372207,100.0068,9.860190351103775,0.0,
S5,MAIN,1.5,0.25,100,dollars,PPS-A/HT,10000,3837470.446764583,-14.186220782343298,-3.6967635266882303e-06,6128.651553609644,375603698655.61896,612834.5115012717,381899262532.0801,0.9273,0.9220452322531294,0.9322265906833713,0.9417,789424.1053566028,2414596.5751871867,99.917,9.868632681379928,0.0,
S5,MAIN,1.5,0.25,100,dollars,RA-OR/HT,10000,3837470.446764583,2022.7479698029347,0.0005271045074779241,5818.237569282459,338518884126.0985,581798.181285431,336464795268.2,0.9217,0.9162711783543365,0.9268049455219152,0.9402,738005.183725282,2263550.1101505333,99.9502,9.845340012411963,0.0,
S5,MAIN,1.5,0.25,100,dollars,RA-EST(COR-2000)/HT,10000,3837470.446764583,2524.83112673508,0.0006579415168822461,5836.753750397947,340676943427.845,583651.6516773689,337068539709.4371,0.9191,0.9135931065444465,0.9242850141966896,0.9409,738043.4177195511,2265202.7976974947,99.9626,9.832761628352433,0.0,
S5,MAIN,1.5,0.25,100,dollars,DEF-0.5(COR-2000)/HT,10000,3837470.446764583,-2076.3735095802695,-0.0005410786971221849,6749.072307191796,455499770077.0319,674876.6786806132,457797810539.4114,0.9257,0.920394647453256,0.9306784043231733,0.9395,864769.5648311775,2638750.761433031,99.9676,9.880341605430452,0.0,
S5,MAIN,1.5,0.25,100,dollars,EQ-P/DIFF(COR-2000),10000,3837470.446764583,3369.4678474627435,0.0008780439860595102,8606.191756969047,740665365577.2197,860582.7399815994,744927692758.4554,0.893,0.8867897471445916,0.898908419047884,0.9587,1033538.353993635,3171627.3316443423,100.0068,9.860190351103775,0.0,
S5,MAIN,1.5,0.25,100,dollars,RA-EST/DIFF(COR-2000),10000,3837470.446764583,2445.4232659325935,0.0006372487553602815,4145.960930021774,171889920332.67017,414582.57492999686,168928488669.61725,0.9061,0.9002259083744245,0.9116621966911335,0.9491,522009.25181220396,1604168.4194580007,99.9211,9.854667665121944,0.0,
S5,MAIN,1.5,0.25,100,dollars,DEF-0.5/DIFF(COR-2000),10000,3837470.446764583,2960.996545519214,0.000771601133245382,4756.954633849462,226286173885.01865,475680.89384394314,224589333564.21356,0.901,0.8949913340952089,0.9067006878976223,0.9486,601397.8031113052,1848574.0455771163,99.9456,9.880599204501719,0.0,
S5,MAIN,1.5,0.25,100,dollars,RA-EST(MIS-G-2000)/HT,10000,3837470.446764583,-932.388981800992,-0.00024296968399772312,5880.498583025539,345802635849.6537,588021.1942908879,345981714063.70264,0.9222,0.9167863852995854,0.9272893545641885,0.9446,751695.776663824,2296387.0363542344,99.9342,9.838245288668096,0.0,
S5,MAIN,1.5,0.25,100,dollars,DEF-0.5(MIS-G-2000)/HT,10000,3837470.446764583,-3447.58913340047,-0.0008984014811911252,6826.409357196032,465998647120.1355,682615.5089992142,469349744041.9038,0.9275,0.9222516051952467,0.9324200641362628,0.9416,877021.0758156558,2672030.713050092,99.9243,9.859613050723643,0.0,
S5,MAIN,1.5,0.25,100,dollars,SRSWOR/EXP,10000,3837470.446764583,23506.904235342517,0.006125624825374609,12984.844996143955,1686061995738.8467,1298632.3436931649,1683967277045.2463,0.9558,0.9515933711641446,0.9596565630611235,0.8738,1495560.799480165,4646427.142547531,100.0,0.0,0.0,
S5,MAIN,1.5,0.25,100,dollars,SRSWOR/DIFF(COR-2000),10000,3837470.446764583,20218.48777006846,0.005268701883323924,8721.002238018804,760558800355.2899,872290.9673514697,753042500937.1886,0.8832,0.8767571716179136,0.889348521219126,0.955,1022541.1929958042,3189526.623477044,100.0,0.0,0.0,
S5,MAIN,1.5,0.25,100,dollars,ST-PROP/EXP,10000,3837470.446764583,6519.161117065698,0.001698817282765547,10833.14376769252,1173570038914.9524,1083279.8259788333,1161537145638.632,0.8823,0.875836548538533,0.8884698355209667,0.8468,1250385.2606708724,3844538.862026408,100.0,0.0,0.0,
S5,MAIN,1.5,0.25,100,dollars,ST-EQD/EXP,10000,3837470.446764583,8120.487091444433,0.0021161041378939902,5375.001393812018,288906399834.8114,537534.604937608,288712569198.8999,0.9094,0.9036156959651223,0.9148698746180823,0.9453,677483.7758126953,2097082.4726326312,100.0,0.0,0.0,
S5,MAIN,1.5,0.25,100,dollars,CPS-RA-OR/HT,10000,3837470.446764583,-2612.759752953425,-0.000680854690400619,4402.622736162974,193830869569.79156,440248.01305214455,194396034996.717,0.908,0.9021773354352475,0.913509310382895,0.9463,566052.9516467849,1723414.8250366524,100.0,0.0,,Deville approx
S5,MAIN,1.5,0.25,100,dollars,CPS-RA-EST(COR-2000)/HT,10000,3837470.446764583,-1090.3152140625753,-0.00028412341650261647,4474.440641366934,200206190531.16135,447423.0198585833,194667832047.16992,0.9029,0.8969408931741754,0.9085496695712403,0.9427,564810.3000309016,1724270.6377358322,100.0,0.0,,Deville approx
S6,MAIN,1.5,0.7,100,rate,EQ-P/HT,10000,13943.0,-20.76000000000022,-0.0014889191709101498,16.43707869408672,2701775.5599559955,1643.7567824955127,2770525.76,0.9224,0.9169924858585595,0.9274831004002232,0.9451,2150.155052724909,6513.257405175158,99.9228,9.861705742922975,0.0,
S6,MAIN,1.5,0.7,100,rate,PPS-A/HT,10000,13943.0,-12.34102442657968,-0.0008851053881216151,30.263065584644142,9158531.385804728,3026.180403338513,8957411.588410132,0.947,0.9424347789400533,0.9512219139048232,0.9021,3585.7907625847606,10930.23952474018,99.8356,9.885847087629871,0.0,
S6,MAIN,1.5,0.7,100,rate,RA-OR/HT,10000,13943.0,-17.655251083067924,-0.0012662447882857294,16.2380405266029,2636739.601435982,1623.8188431492736,2677044.165160839,0.9158,0.9101963551947828,0.9210843000287064,0.948,2110.3778012310395,6401.085899624847,99.9382,9.928725031946449,0.0,
S6,MAIN,1.5,0.7,100,rate,RA-EST(COR-2000)/HT,10000,13943.0,-16.21295096770882,-0.0011628021923337029,16.24436148316686,2638792.7999579497,1624.4358345151818,2678815.936320592,0.9158,0.9101963551947828,0.9210843000287064,0.9475,2109.5951846479593,6403.103697424365,99.9414,9.928140109809087,0.0,
S6,MAIN,1.5,0.7,100,rate,DEF-0.5(COR-2000)/HT,10000,13943.0,-17.649429409697404,-0.0012658272545146242,16.34308342025849,2670963.75681528,1634.3219275277702,2703489.4115342996,0.916,0.9104021467376803,0.921278354880818,0.9477,2121.087531744114,6433.861945356516,99.9436,9.934576943181828,0.0,
S6,MAIN,1.5,0.7,100,rate,EQ-P/DIFF(COR-2000),10000,13943.0,-3.007669192404137,-0.00021571176880184588,8.015278157653064,642446.8394455031,801.4933816542277,635428.1270299322,0.893,0.8867897471445916,0.898908419047884,0.9478,1021.1734657487557,3114.300423320009,99.9228,9.861705742922975,0.0,
S6,MAIN,1.5,0.7,100,rate,RA-EST/DIFF(COR-2000),10000,13943.0,-8.388987907164847,-0.0006016630500727853,7.616521801494746,580114.0435264477,761.6602964840702,581804.4173367254,0.8898,0.8835121429359003,0.8957884809364329,0.9512,980.5829027151315,2973.684571487187,99.9361,9.82229182981243,0.0,
S6,MAIN,1.5,0.7,100,rate,DEF-0.5/DIFF(COR-2000),10000,13943.0,-3.519187524661902,-0.00025239815854994637,7.751244380891875,600817.8945230786,775.0936700905639,599310.7009202982,0.8926,0.8863799552020445,0.8985185182004131,0.9473,991.9660090375431,3023.3979230871796,99.9462,9.881816915932008,0.0,
S6,MAIN,1.5,0.7,100,rate,RA-EST(MIS-G-2000)/HT,10000,13943.0,-16.600619303048006,-0.0011906059888867537,16.235459481867203,2635901.4458735166,1623.5496408456913,2691710.654690594,0.9182,0.9126664653094795,0.9234123466541165,0.9482,2115.1957693579398,6419.048632647267,99.9421,9.904885036687705,0.0,
S6,MAIN,1.5,0.7,100,rate,DEF-0.5(MIS-G-2000)/HT,10000,13943.0,-22.8213779685193,-0.0016367623874717996,16.31413989592863,2661511.6054393016,1631.4920378509787,2713510.2555837967,0.9175,0.9119458775509496,0.9227334720301154,0.9491,2130.1843845150265,6445.86719134939,99.9119,9.905197544218893,0.0,
S6,MAIN,1.5,0.7,100,rate,SRSWOR/EXP,10000,13943.0,-8.8799999999992,-0.0006368787205048554,9.179194317631154,842576.0832083208,917.9164885761668,841028.3531313131,0.8966,0.890479083320153,0.9024163179824825,0.9365,1183.0160555334185,3591.372276647316,100.0,0.0,0.0,
S6,MAIN,1.5,0.7,100,rate,SRSWOR/DIFF(COR-2000),10000,13943.0,-3.1081880048895982,-0.0002229210359958114,7.926696842626467,628325.228349044,792.6361439266335,635009.2377629603,0.8909,0.884638632129783,0.8968611469150991,0.9482,1022.1908778525766,3117.104957881075,100.0,0.0,0.0,
S6,MAIN,1.5,0.7,100,rate,ST-PROP/EXP,10000,13943.0,-9.13572299342195,-0.0006552193210515636,8.93561962256003,798452.9803907983,893.5639856928948,801759.9945134803,0.8871,0.8807479363668853,0.8931547611728279,0.9435,1155.3942829744515,3506.1023761128977,100.0,0.0,0.0,
S6,MAIN,1.5,0.7,100,rate,ST-EQD/EXP,10000,13943.0,5.957634999998845,0.00042728501757145846,14.229644716521264,2024827.887584215,1422.9057938634762,2036637.43360675,0.8797,0.8731776319580089,0.8859307489663752,0.9322,1818.4338195253902,5580.331905026206,100.0,0.0,0.0,
S6,MAIN,1.5,0.7,100,rate,CPS-RA-OR/HT,10000,13943.0,14.579211256916096,0.0010456294382067057,8.58858637548852,737638.1592922704,858.9394326011673,745238.6350102937,0.8868,0.8804408724251872,0.8928620555220127,0.9446,1089.5003277885326,3377.0878843678547,100.0,0.0,,Deville approx
S6,MAIN,1.5,0.7,100,rate,CPS-RA-EST(COR-2000)/HT,10000,13943.0,2.151254802905896,0.00015428923494985986,8.60513914478309,740484.1970107823,860.4735768681733,746786.7110188084,0.8891,0.8827953867271283,0.8951057747626736,0.9487,1102.92330183626,3380.131380548732,100.0,0.0,,Deville approx
S6,MAIN,1.5,0.7,100,dollars,EQ-P/HT,10000,8324461.167922506,-11216.617410560139,-0.0013474286424426211,18441.628918109476,3400936771532.517,1844104.7937580713,3378643529520.2354,0.9453,0.9406696580481485,0.9495883404391526,0.9052,2248643.404472922,6843697.96516749,100.032,10.104255341191651,0.0,
S6,MAIN,1.5,0.7,100,dollars,PPS-A/HT,10000,8324461.167922506,-9133.594643912278,-0.0010971995015254187,9203.102183096384,846970897925.1343,920309.5258588064,830458623212.9121,0.9081,0.9022800622068817,0.9136065068087652,0.9481,1175206.1834750932,3566708.260384797,99.9168,10.027216850153387,0.0,
S6,MAIN,1.5,0.7,100,dollars,RA-OR/HT,10000,8324461.167922506,-9874.737990078516,-0.0011862314918507698,9143.941891972232,836116733237.6475,914401.7891576417,818542052306.5317,0.9151,0.909476156551318,0.9204050362896402,0.9458,1167465.3559204713,3540764.1502445326,99.9011,10.020614691225285,0.0,
S6,MAIN,1.5,0.7,100,dollars,RA-EST(COR-2000)/HT,10000,8324461.167922506,-9044.914338368922,-0.0010865465230617702,9143.503269759594,836036520441.044,914349.3464012473,819035450120.3896,0.9127,0.9070077367590588,0.9180752993417927,0.946,1166961.2795638242,3541760.5252380143,99.9103,10.02131996844727,0.0,
S6,MAIN,1.5,0.7,100,dollars,DEF-0.5(COR-2000)/HT,10000,8324461.167922506,-7168.751163096167,-0.0008611669894887907,10413.067728919288,1084319795270.603,1041279.3833954048,1063178738099.978,0.9138,0.9081389374687758,0.9191432538046245,0.9432,1325337.0957249913,4031929.030969899,99.9908,10.067418505257443,0.0,
S6,MAIN,1.5,0.7,100,dollars,EQ-P/DIFF(COR-2000),10000,8324461.167922506,1779.8122334601358,0.0002138050977183325,5801.25617558364,336545732147.47314,580099.3408941651,336419218776.73303,0.8103,0.8024969448896353,0.8178647369666627,0.9152,661079.4880590236,2027511.6356142834,100.032,10.104255341191651,0.0,
S6,MAIN,1.5,0.7,100,dollars,RA-EST/DIFF(COR-2000),10000,8324461.167922506,-4307.333047009073,-0.0005174308534955942,3267.440914469812,106761701295.51321,326756.1449205837,105980568198.11998,0.8732,0.8665344878229928,0.8795788852636022,0.9421,417731.5878197512,1264555.6706031517,100.0192,10.059922035483178,0.0,
S6,MAIN,1.5,0.7,100,dollars,DEF-0.5/DIFF(COR-2000),10000,8324461.167922506,-1465.2946357093751,-0.0001760227606509529,3646.677523399346,132982569596.65987,364652.4625284596,131083703481.83955,0.8645,0.8576516209378832,0.8710684339658251,0.9369,458639.5305983599,1398375.3151058464,99.9725,10.033471171533808,0.0,
S6,MAIN,1.5,0.7,100,dollars,RA-EST(MIS-G-2000)/HT,10000,8324461.167922506,-10228.81738565024,-0.0012287663044265235,9149.524052077688,837137903795.4812,914963.8346460534,820233757576.0802,0.9136,0.9079332448355436,0.9189491000428477,0.9452,1169039.3898882724,3544495.669269797,99.9067,10.035955116978155,0.0,
S6,MAIN,1.5,0.7,100,dollars,DEF-0.5(MIS-G-2000)/HT,10000,8324461.167922506,-8368.80870363675,-0.0010053273761291763,10427.502225887729,1087328026708.9353,1042731.6677196404,1064843645367.9543,0.9154,0.9097847994888586,0.9206961629446129,0.9412,1327578.7794134605,4035115.0904156235,99.9698,10.053461491446615,0.0,
S6,MAIN,1.5,0.7,100,dollars,SRSWOR/EXP,10000,8324461.167922506,25139.466222907417,0.0030199511675037755,16174.807685269307,2616244036554.47,1617595.2537370983,2691592300719.9487,0.9504,0.9459688484814327,0.9544852330785952,0.9053,1952145.8559044816,6047993.889161206,100.0,0.0,0.0,
S6,MAIN,1.5,0.7,100,dollars,SRSWOR/DIFF(COR-2000),10000,8324461.167922506,-2467.4300564564764,-0.0002964071795979391,5870.681929149574,344649063132.4337,587044.024275185,339637067129.0693,0.8038,0.7959003740062222,0.8114663000122867,0.9079,667760.4679839365,2034955.7966463624,100.0,0.0,0.0,
S6,MAIN,1.5,0.7,100,dollars,ST-PROP/EXP,10000,8324461.167922506,2021.8635857980698,0.0002428822172405732,9367.366502347139,877475551892.9528,936691.9943450585,875251272202.2507,0.8908,0.8845362159867948,0.8967636398605828,0.9094,1044580.5673232769,3201280.581858054,100.0,0.0,0.0,
S6,MAIN,1.5,0.7,100,dollars,ST-EQD/EXP,10000,8324461.167922506,-824.8043075893074,-9.908200554380744e-05,5211.463656458161,271593534425.8426,521120.96040607104,272784503048.2545,0.9024,0.8964277860715694,0.908063160686324,0.9473,666951.7398603864,2037506.4693720764,100.0,0.0,0.0,
S6,MAIN,1.5,0.7,100,dollars,CPS-RA-OR/HT,10000,8324461.167922506,-4181.908725450747,-0.0005023638937214725,3809.2655132419422,145105037503.744,380930.460006261,141747975089.282,0.8754,0.8687822892767848,0.8817293941549079,0.9391,484682.41951685655,1469724.2327569507,100.0,0.0,,Deville approx
S6,MAIN,1.5,0.7,100,dollars,CPS-RA-EST(COR-2000)/HT,10000,8324461.167922506,-1286.2764717610553,-0.0001545176853869648,3761.256510708683,141470505393.4846,376109.0438291893,142262842709.1557,0.877,0.8704174661070049,0.883292988484759,0.9402,482577.1203600754,1472141.653089273,100.0,0.0,,Deville approx
S7,MAIN,1.5,0.7,400,rate,EQ-P/HT,10000,13943.0,-5.225000000000364,-0.0003747400129097299,8.354496376112078,697976.0969846984,835.4242036235244,682950.975,0.905,0.899096461305407,0.9105924885876021,0.9466,1063.8336846981579,3238.0045431070857,399.9333,19.82048059735182,0.0,
S7,MAIN,1.5,0.7,400,rate,PPS-A/HT,10000,13943.0,-12.117432623705099,-0.0008690692550889406,15.048565669349257,2264593.2870471706,1504.8301099764903,2280844.3972029737,0.9347,0.929688855006569,0.9393772845452606,0.9329,1878.2647161441218,5708.051964328053,400.1488,19.3732304626771,0.0,
S7,MAIN,1.5,0.7,400,rate,RA-OR/HT,10000,13943.0,-3.764057927608519,-0.0002699604050497396,8.144438676104063,663318.8134881968,814.4118428282648,659003.0021869192,0.9107,0.9049516792851708,0.9161328928655916,0.9485,1043.6071341288634,3180.605499961633,399.9873,19.760808149212927,0.0,
S7,MAIN,1.5,0.7,400,rate,RA-EST(COR-2000)/HT,10000,13943.0,-4.656153452688159,-0.00033394201052055935,8.147777578060536,663862.7946154601,814.7503225534639,659398.5402730124,0.9091,0.9033074420098338,0.9145783589808575,0.9463,1044.7977918854453,3181.518723021277,399.9746,19.74919124521306,0.0,
S7,MAIN,1.5,0.7,400,rate,DEF-0.5(COR-2000)/HT,10000,13943.0,-8.295287312632354,-0.0005949427894020192,8.227842832273572,676973.9767259558,822.784960436129,665739.6969884454,0.9118,0.9060824048379057,0.9172013224854059,0.9466,1053.4843383049697,3196.9574257592167,399.8502,19.798246385980754,0.0,
S7,MAIN,1.5,0.7,400,rate,EQ-P/DIFF(COR-2000),10000,13943.0,-1.3931747489568806,-9.99192963463301e-05,3.9716133521610932,157737.12619064274,397.1439202781591,156353.60619560393,0.8946,0.8884291812731699,0.9004677560793766,0.9505,507.73271784970376,1548.7590122902348,399.9333,19.82048059735182,0.0,
S7,MAIN,1.5,0.7,400,rate,RA-EST/DIFF(COR-2000),10000,13943.0,-1.457072513663661,-0.00010450208087668802,3.785186463915108,143276.3656660616,378.50252454878694,142930.55934182846,0.8937,0.8875069468980821,0.8995906816769246,0.9511,485.29957166553885,1479.946493022364,399.9404,19.674446570107126,0.0,
S7,MAIN,1.5,0.7,400,rate,DEF-0.5/DIFF(COR-2000),10000,13943.0,-0.7995853750908282,-5.734672416917652e-05,3.852321849983862,148403.83635863083,385.21375275522945,147290.92597261167,0.8959,0.889761539642424,0.9017343992776804,0.9498,492.19848714181296,1503.0595340828502,399.9616,19.738478295957872,0.0,
S7,MAIN,1.5,0.7,400,rate,RA-EST(MIS-G-2000)/HT,10000,13943.0,-11.187599822429547,-0.0008023811104087748,8.191890863420106,671070.759181858,819.2245201992715,662459.6046091252,0.9119,0.9061852108728586,0.9172984396479572,0.9451,1053.7652474395882,3188.969832123399,399.8147,19.857904318180207,0.0,
S7,MAIN,1.5,0.7,400,rate,DEF-0.5(MIS-G-2000)/HT,10000,13943.0,-5.8681148295818275,-0.00042086457932882646,8.248303043218268,680345.0309276375,824.80993640729,668701.4927967312,0.9103,0.9045405698538994,0.9157443095068453,0.9468,1053.3798959675491,3204.0620441821247,399.9126,19.8548875907168,0.0,
S7,MAIN,1.5,0.7,400,rate,SRSWOR/EXP,10000,13943.0,-3.8700000000008004,-0.00027755863157145525,4.556902549548828,207653.60846084607,455.6839035998529,206992.75578947368,0.9021,0.8961199442898148,0.9077712328755653,0.9437,586.7972088873358,1783.0204663549669,400.0,0.0,0.0,
S7,MAIN,1.5,0.7,400,rate,SRSWOR/DIFF(COR-2000),10000,13943.0,-5.076506324552611,-0.0003640899608801987,3.920131306612878,153674.29461086387,392.0263997460707,156285.41529420638,0.8987,0.8926322270009097,0.9044615614493192,0.9514,511.4547757366134,1548.8774658545992,400.0,0.0,0.0,
S7,MAIN,1.5,0.7,400,rate,ST-PROP/EXP,10000,13943.0,-3.5437283186201967,-0.0002541582384436776,4.4421276695570535,197324.9823264438,444.2046913739288,198067.80366219406,0.8967,0.8905815964748323,0.9025137280253077,0.9482,573.7633134743132,1744.1511995806388,400.0,0.0,0.0,
S7,MAIN,1.5,0.7,400,rate,ST-EQD/EXP,10000,13943.0,-10.728124999999636,-0.0007694273111955559,7.198682941555714,518210.3609304524,719.9122394850466,506258.4123429763,0.8903,0.8840241594233761,0.8962760804364792,0.9449,922.1849540437026,2787.9058578959184,400.0,0.0,0.0,
S7,MAIN,1.5,0.7,400,dollars,EQ-P/HT,10000,8324461.167922506,9913.542754544877,0.001190893026535548,9258.423811440662,857184114722.5144,925849.1640872116,831681359706.5027,0.925,0.9196727360590174,0.930000853334881,0.9315,1140644.4462997932,3519253.1947991303,400.2137,19.891576918635685,0.0,
S7,MAIN,1.5,0.7,400,dollars,PPS-A/HT,10000,8324461.167922506,5772.39815730229,0.0006934260417413754,4461.7466927838905,199071835505.67987,446189.70057881856,195263060051.59146,0.8976,0.8915042932287225,0.9033903400489574,0.9468,560316.8688873412,1731517.6466905354,400.155,19.3990147945714,0.0,
S7,MAIN,1.5,0.7,400,dollars,RA-OR/HT,10000,8324461.167922506,4357.436887273565,0.0005234497223753677,4422.156834288228,195554710670.42084,442215.04096489114,192243309407.7619,0.9027,0.8967356446977566,0.9083550716526501,0.9484,557323.3150210875,1718033.1625313023,400.169,19.315393834970077,0.0,
S7,MAIN,1.5,0.7,400,dollars,RA-EST(COR-2000)/HT,10000,8324461.167922506,4626.8101320760325,0.0005558089633362687,4424.60444538151,195771244980.89822,442462.5127944721,192376621851.4907,0.9034,0.8974540473894494,0.9090361313434885,0.9475,557239.9683964206,1718602.1688599312,400.1807,19.312536019642785,0.0,
S7,MAIN,1.5,0.7,400,dollars,DEF-0.5(COR-2000)/HT,10000,8324461.167922506,2319.3946582926437,0.0002786239987796692,5024.724961474976,252478609384.69702,502452.7252541671,253457337383.0086,0.9093,0.903512942582495,0.9147727048032053,0.9476,642512.4468301871,1972370.3975422692,400.1179,19.67219356325064,0.0,
S7,MAIN,1.5,0.7,400,dollars,EQ-P/DIFF(COR-2000),10000,8324461.167922506,128.88182626385242,1.5482302537548723e-05,2882.549821566108,83090934738.10802,288240.5978608137,82640346833.46472,0.8393,0.8319717287615852,0.8463676803710024,0.9292,352367.550289296,1078193.543202095,400.2137,19.891576918635685,0.0,
S7,MAIN,1.5,0.7,400,dollars,RA-EST/DIFF(COR-2000),10000,8324461.167922506,453.78374539129436,5.451208627651547e-05,1580.9988023648173,24995572130.789864,158092.62630895968,25138905558.87043,0.8887,0.882385846558617,0.8947156221411674,0.946,202281.34331335302,620113.2410422144,400.4265,19.35753594210792,0.0,
S7,MAIN,1.5,0.7,400,dollars,DEF-0.5/DIFF(COR-2000),10000,8324461.167922506,-522.9308362631127,-6.281858077231177e-05,1766.7027414516456,31212385766.527596,176662.2143657507,31478419392.15394,0.8857,0.8793150893988609,0.8917886833757899,0.9477,227053.48266171027,692897.1645197643,400.0961,19.657346331333738,0.0,
S7,MAIN,1.5,0.7,400,dollars,RA-EST(MIS-G-2000)/HT,10000,8324461.167922506,4832.737378939986,0.0005805465700966286,4426.37019841883,195927531334.5035,442641.2700279356,192697409732.19574,0.9031,0.8971461491885747,0.9087442599518499,0.9464,557514.4971506415,1720071.756949247,400.1821,19.311456174768384,0.0,
S7,MAIN,1.5,0.7,400,dollars,DEF-0.5(MIS-G-2000)/HT,10000,8324461.167922506,2777.548671606928,0.0003336610761438757,5027.089044639528,252716242627.34763,502691.44192009885,253937945922.83795,0.909,0.9032046948136743,0.9144811829795128,0.9484,642668.5143358409,1974249.139042923,400.1108,19.639677272297526,0.0,
S7,MAIN,1.5,0.7,400,dollars,SRSWOR/EXP,10000,8324461.167922506,-8978.309552773833,-0.001078545430348197,8108.629997475916,657498804359.6627,810872.1628725778,655481862183.8723,0.9291,0.9239029961572105,0.9339674443343702,0.9355,1026434.5406778347,3112130.0499579194,400.0,0.0,0.0,
S7,MAIN,1.5,0.7,400,dollars,SRSWOR/DIFF(COR-2000),10000,8324461.167922506,-1098.5845848936588,-0.00013197065404388535,2873.166512832095,82550858104.59743,287304.38546405296,82499909420.09908,0.8364,0.8290207802237861,0.8435208561811727,0.9323,353348.00814175507,1077438.009219795,400.0,0.0,0.0,
S7,MAIN,1.5,0.7,400,dollars,ST-PROP/EXP,10000,8324461.167922506,-9446.434707845561,-0.0011347803199859314,4437.29322482767,196895711631.0154,443807.680407338,196027025776.6748,0.9142,0.9085503493120821,0.919531534751336,0.9382,553516.3006669723,1664166.1108661965,400.0,0.0,0.0,
S7,MAIN,1.5,0.7,400,dollars,ST-EQD/EXP,10000,8324461.167922506,-1743.018754305318,-0.00020938517450497213,2543.413378027876,64689516115.31172,254334.59316042333,64976931730.37625,0.9056,0.8997124940009259,0.9111759950771098,0.947,328087.034234883,998200.2037355423,400.0,0.0,0.0,
S8,STRATCAP,1.5,0.25,100,rate,EQ-P/HT,10000,4985.0,-4.979999999999563,-0.0009989969909728312,9.897063966021173,979518.7514751476,989.6694397625906,991023.98,0.9333,0.928241482140045,0.9380257326467224,0.9469,1274.353306103905,3882.677887944271,99.8508,9.99152337534172,0.0,
S8,STRATCAP,1.5,0.25,100,rate,PPS-A/HT,10000,4985.0,-22.312626565977553,-0.004475953172713651,13.191241408014792,1740088.4988452406,1319.2468848929032,1739728.8508499295,0.9658,0.9620551676583639,0.9691870863173487,0.8783,1440.1623010752592,4336.8279080508355,99.8315,9.769775214916667,0.0,
S8,STRATCAP,1.5,0.25,100,rate,RA-OR/HT,10000,4985.0,-12.093172252354634,-0.002425912187032023,8.791078463275454,772830.6054746552,879.1470680319834,785985.9478835865,0.9283,0.9230772095568223,0.9331938453547228,0.9419,1139.8416898684043,3449.485042307441,99.8665,9.908384214895989,0.0,
S8,STRATCAP,1.5,0.25,100,rate,RA-EST(STRAT-2000)/HT,10000,4985.0,-7.73802424798032,-0.0015522616344995628,9.031552100320663,815689.333408066,903.1432009897364,832176.299816007,0.9284,0.9231804228580001,0.9332905552510495,0.9415,1167.413736357485,3547.141902970689,99.8693,9.93884387189979,0.0,
S8,STRATCAP,1.5,0.25,100,rate,DEF-0.5(STRAT-2000)/HT,10000,4985.0,-0.30939215833950584,-6.206462554453477e-05,9.225658943022632,851127.8293297348,922.51981673583,867692.7356743452,0.9277,0.922457989353658,0.9326135263728603,0.9447,1187.2239982026895,3630.458489718122,99.9272,9.999775005468873,0.0,
S8,STRATCAP,1.5,0.25,100,rate,EQ-P/DIFF(STRAT-2000),10000,4985.0,-3.105660440698557,-0.0006230010914139533,7.178866517992458,515361.24483153154,717.8574745963306,529341.061144325,0.9169,0.9113283225421382,0.9221514878539001,0.9517,926.0801397272855,2823.135309865711,99.8508,9.99152337534172,0.0,
S8,STRATCAP,1.5,0.25,100,rate,RA-EST/DIFF(STRAT-2000),10000,4985.0,-0.2709414889723121,-5.435135185001245e-05,7.025734920113959,493609.51167708705,702.5384147042848,506913.6862043252,0.9192,0.913696078688033,0.9243819652506076,0.95,900.396071485918,2753.245181552627,99.9189,9.932337226957209,0.0,
S8,STRATCAP,1.5,0.25,100,rate,DEF-0.5/DIFF(STRAT-2000),10000,4985.0,-0.8305724311503582,-0.00016661432921772482,7.028005006114122,493928.5436596516,702.7658505191107,511939.1990003741,0.9183,0.9127694158898937,0.9235093192712068,0.9497,906.8328364910765,2771.221783361636,99.8819,9.96534757998937,0.0,
S8,STRATCAP,1.5,0.25,100,rate,SRSWOR/EXP,10000,4985.0,-12.38000000000011,-0.002483450351053181,8.655872340359306,749241.2597259728,865.6324855272011,743499.0159595959,0.9003,0.8942732435085223,0.9060193161017778,0.9458,1115.4465983632876,3373.9895661902847,100.0,0.0,0.0,
S8,STRATCAP,1.5,0.25,100,rate,SRSWOR/DIFF(STRAT-2000),10000,4985.0,-13.746192838028037,-0.0027575111009083323,7.298859273295785,532733.4669137588,729.9788705055837,528030.1321675832,0.9127,0.9070077367590588,0.9180752993417927,0.9434,936.481629151891,2822.4041405083576,100.0,0.0,0.0,
S8,STRATCAP,1.5,0.25,100,rate,ST-PROP/EXP,10000,4985.0,-7.502579835526376,-0.0015050310602861335,6.873023890432568,472384.57398456836,687.3089729018226,465242.35833527544,0.9118,0.9060824048379057,0.9172013224854059,0.9423,877.5645928780187,2661.2900420515416,100.0,0.0,0.0,
S8,STRATCAP,1.5,0.25,100,rate,ST-EQD/EXP,10000,4985.0,-16.925984999999855,-0.003395383149448316,9.163788579223958,839750.2112471545,916.489348107358,826917.5751928552,0.9452,0.9405658653339477,0.9494922099558489,0.8754,1137.2958984614581,3426.91583980636,100.0,0.0,0.0,
S8,STRATCAP,1.5,0.25,100,dollars,EQ-P/HT,10000,5984400.743887034,10528.194840814918,0.001759273031902032,18170.248812577665,3301579419109.8013,1816964.5302136464,3314548734392.0303,0.9499,0.9454487986700216,0.954005666902484,0.897,2194468.2488831216,6744502.104995341,99.9723,9.952925836657279,0.0,
S8,STRATCAP,1.5,0.25,100,dollars,PPS-A/HT,10000,5984400.743887034,2850.737523475662,0.00047636140116245434,7762.705502700504,602595967216.5669,776236.97046989,593388557994.486,0.9173,0.911740016528771,0.9225394866572849,0.9451,982248.7460906261,3013159.2999961106,100.002,9.89560488297709,0.0,
S8,STRATCAP,1.5,0.25,100,dollars,RA-OR/HT,10000,5984400.743887034,-1331.991961770691,-0.0002225773337675119,7279.773085358032,529950961743.0321,727942.127403988,521398429771.4579,0.9165,0.9109166657615745,0.9217634518444459,0.9432,923951.9502924732,2822050.9238386764,99.921,9.892904477452515,0.0,
S8,STRATCAP,1.5,0.25,100,dollars,RA-EST(STRAT-2000)/HT,10000,5984400.743887034,-2129.082029763609,-0.0003557719679682934,7413.122075414771,549543789050.018,741278.198560704,537452786717.8478,0.9128,0.9071105622457152,0.9181723970526405,0.9425,938685.280590579,2864678.204184299,99.9152,9.887548177379466,0.0,
S8,STRATCAP,1.5,0.25,100,dollars,DEF-0.5(STRAT-2000)/HT,10000,5984400.743887034,-3470.2033604029566,-0.0005798748293966964,8892.527196432793,790770399392.9688,889215.027237165,785634093227.068,0.9176,0.9120488115827671,0.9228304611958021,0.941,1135233.2882188417,3461764.5438431497,99.9606,9.9383624224517,0.0,
S8,STRATCAP,1.5,0.25,100,dollars,EQ-P/DIFF(STRAT-2000),10000,5984400.743887034,-1897.4308818718418,-0.0003170628042933181,7798.466918529889,608160862794.0507,779810.0069579274,625948380033.8447,0.8725,0.8658194137770319,0.878894496927032,0.9277,860847.4850578888,2627301.4929185556,99.9723,9.952925836657279,0.0,
S8,STRATCAP,1.5,0.25,100,dollars,RA-EST/DIFF(STRAT-2000),10000,5984400.743887034,1904.9251131638885,0.00031831509865206433,4132.6552151218375,170788391270.7372,413249.2482404498,169033705127.55835,0.8928,0.8865848478684839,0.8987134719289827,0.9474,503162.8438748111,1544868.9909683943,100.0061,9.974651010937675,0.0,
S8,STRATCAP,1.5,0.25,100,dollars,DEF-0.5/DIFF(STRAT-2000),10000,5984400.743887034,-2466.2882648939267,-0.0004121195037637142,4852.084043678782,235427195669.2224,485190.41161946004,230475746908.18,0.8834,0.8769617707278253,0.8895437685042232,0.941,583118.7997935247,1776062.7675488396,100.0751,9.980313621825719,0.0,
S8,STRATCAP,1.5,0.25,100,dollars,SRSWOR/EXP,10000,5984400.743887034,-32517.811761707067,-0.005433762402179278,17253.783911183284,2976930592538.071,1725598.5360333924,2935791622628.1074,0.9487,0.9442011559778062,0.9528542312246461,0.8888,2099380.7595403744,6321988.20170767,100.0,0.0,0.0,
S8,STRATCAP,1.5,0.25,100,dollars,SRSWOR/DIFF(STRAT-2000),10000,5984400.743887034,-4023.307793185115,-0.0006722991934146217,7865.474377470269,618656871826.4132,786518.3997497002,595548524047.9652,0.873,0.8663301743314945,0.8793833523600917,0.9311,848833.777222677,2584052.235370715,100.0,0.0,0.0,
S8,STRATCAP,1.5,0.25,100,dollars,ST-PROP/EXP,10000,5984400.743887034,-1036.891866470687,-0.00017326578062638182,8890.641895657744,790435133168.2473,889020.3399246124,796099917623.4537,0.9116,0.9058767991988123,0.9170070817294903,0.9041,989503.0495601429,3023457.0673603746,100.0,0.0,0.0,
S8,STRATCAP,1.5,0.25,100,dollars,ST-EQD/EXP,10000,5984400.743887034,-1122.2189714629203,-0.0001875240344840289,4416.494185358651,195054208893.06772,441628.7613455427,196152931057.0204,0.9118,0.9060824048379057,0.9172013224854059,0.9462,564323.2731659565,1722683.365935592,100.0,0.0,0.0,
