scenario,estimand,design,cov_lb90,wilson_lo,wilson_hi,learned,n_fits,cluster_se,cluster_lo,cluster_hi,fit_cov_min,fit_cov_p10,fit_cov_p50,design_effect
S1,rate,EQ-P/HT,0.9146,0.90896179677825,0.9199197800751859,False,,,,,,,,
S1,rate,PPS-A/HT,0.9699,0.9663664319419673,0.9730726731314278,False,,,,,,,,
S1,rate,RA-OR/HT,0.9146,0.90896179677825,0.9199197800751859,False,,,,,,,,
S1,rate,RA-EST(COR-2000)/HT,0.9224,0.9169924858585595,0.9274831004002232,True,200.0,0.0026846296170802628,0.9171381259505227,0.9276618740494773,0.8,0.88,0.92,1.0069032405525085
S1,rate,DEF-0.5(COR-2000)/HT,0.9187,0.9131812420501094,0.9238971859010087,True,200.0,0.002785740791745342,0.9132399480481791,0.9241600519518208,0.78,0.86,0.92,1.039003822422743
S1,rate,EQ-P/DIFF(COR-2000),0.9177,0.9121517479669156,0.9229274480091582,True,200.0,0.0026225826390206385,0.9125597380275196,0.9228402619724804,0.82,0.86,0.92,0.9106632207986358
S1,rate,RA-EST/DIFF(COR-2000),0.9166,0.9110195764819595,0.9218604643215653,True,200.0,0.0026376096990690474,0.9114302849898246,0.9217697150101754,0.8,0.86,0.92,0.9100707552600436
S1,rate,DEF-0.5/DIFF(COR-2000),0.9183,0.9127694158898937,0.9235093192712068,True,200.0,0.0026018064849109394,0.9132004592895746,0.9233995407104254,0.8,0.86,0.92,0.902284179913181
S1,rate,RA-EST(MIS-G-2000)/HT,0.9214,0.9159620844907947,0.9265142697929436,True,200.0,0.0027945028593930215,0.9159227743955897,0.9268772256044103,0.8,0.86,0.92,1.078296915021418
S1,rate,DEF-0.5(MIS-G-2000)/HT,0.9179,0.9123576278078107,0.923121414563272,True,200.0,0.002815597261630023,0.9123814293672052,0.9234185706327949,0.78,0.86,0.92,1.0519680295100449
S1,rate,SRSWOR/EXP,0.9054,0.899507141970438,0.9109815007125889,False,,,,,,,,
S1,rate,SRSWOR/DIFF(COR-2000),0.9064,0.9005339806287617,0.9119538940293096,True,200.0,0.002928837730612828,0.9006594780479988,0.9121405219520011,0.74,0.86,0.9,1.011101781946295
S1,rate,ST-PROP/EXP,0.9029,0.8969408931741754,0.9085496695712403,False,,,,,,,,
S1,rate,ST-EQD/EXP,0.9226,0.9171985966319105,0.927676836021881,False,,,,,,,,
S1,dollars,EQ-P/HT,0.9634,0.9595380133810057,0.9669060838546003,False,,,,,,,,
S1,dollars,PPS-A/HT,0.9196,0.9141079914647783,0.9247697452638799,False,,,,,,,,
S1,dollars,RA-OR/HT,0.9196,0.9141079914647783,0.9247697452638799,False,,,,,,,,
S1,dollars,RA-EST(COR-2000)/HT,0.9238,0.9184354778193632,0.9288390332044817,True,200.0,0.0025731118363983055,0.9187567008006593,0.9288432991993406,0.8,0.88,0.92,0.940555431862383
S1,dollars,DEF-0.5(COR-2000)/HT,0.9278,0.922561185652359,0.9327102532716638,True,200.0,0.0025746737120687906,0.9227536395243451,0.9328463604756548,0.82,0.88,0.94,0.989584380591457
S1,dollars,EQ-P/DIFF(COR-2000),0.9351,0.9301025060002954,0.9397633263415521,True,200.0,0.0024247364256076032,0.9303475166058092,0.9398524833941909,0.78,0.9,0.94,0.9687825768604857
S1,dollars,RA-EST/DIFF(COR-2000),0.9182,0.9126664653094795,0.9234123466541165,True,200.0,0.0027897515243905133,0.9127320870121947,0.9236679129878054,0.76,0.86,0.92,1.0361925250582213
S1,dollars,DEF-0.5/DIFF(COR-2000),0.9187,0.9131812420501094,0.9238971859010087,True,200.0,0.0028954217890807227,0.9130249732934017,0.9243750267065982,0.78,0.878,0.92,1.1224303844345282
S1,dollars,RA-EST(MIS-G-2000)/HT,0.9251,0.919775858190593,0.9300976544008099,True,200.0,0.002629547986454197,0.9199460859465498,0.9302539140534503,0.82,0.88,0.92,0.9979107534963311
S1,dollars,DEF-0.5(MIS-G-2000)/HT,0.9262,0.9209103796744207,0.9311622880895312,True,200.0,0.0026989296221886987,0.9209100979405102,0.9314899020594899,0.8,0.88,0.94,1.0656681386496378
S1,dollars,SRSWOR/EXP,0.9571,0.9529497721330408,0.9608991636597849,False,,,,,,,,
S1,dollars,SRSWOR/DIFF(COR-2000),0.9303,0.9251420240114383,0.9351274948501958,True,200.0,0.002824791538535348,0.9247634085844707,0.9358365914155293,0.8,0.88,0.94,1.2306002762998343
S1,dollars,ST-PROP/EXP,0.9274,0.9221484173248192,0.9323233288091858,False,,,,,,,,
S1,dollars,ST-EQD/EXP,0.9219,0.9164772535343857,0.926998716736875,False,,,,,,,,
S2,rate,EQ-P/HT,0.9332,0.9281381221865116,0.9379291694027515,False,,,,,,,,
S2,rate,PPS-A/HT,0.9621,0.9581763547242961,0.9656687409437519,False,,,,,,,,
S2,rate,RA-OR/HT,0.9235,0.9181262224918811,0.9285485189394505,False,,,,,,,,
S2,rate,RA-EST(COR-2000)/HT,0.923,0.9176108489669091,0.9280642764769004,True,200.0,0.0026627903149340406,0.9177809309827293,0.9282190690172708,0.8,0.88,0.92,0.9976575904808614
S2,rate,DEF-0.5(COR-2000)/HT,0.9238,0.9184354778193632,0.9288390332044817,True,200.0,0.0027469123826927844,0.9184160517299221,0.9291839482700778,0.78,0.88,0.92,1.071905958185798
S2,rate,EQ-P/DIFF(COR-2000),0.9152,0.9095790352671305,0.9205020807713322,True,200.0,0.003113401087501943,0.9090977338684962,0.9213022661315038,0.76,0.86,0.92,1.24898804618156
S2,rate,RA-EST/DIFF(COR-2000),0.915,0.909373280094042,0.9203079895494117,True,200.0,0.002904683447408381,0.9093068204430796,0.9206931795569204,0.8,0.86,0.92,1.0848197916616191
S2,rate,DEF-0.5/DIFF(COR-2000),0.9116,0.9058767991988123,0.9170070817294903,True,200.0,0.0029886216382276312,0.9057423015890738,0.9174576984109262,0.78,0.86,0.92,1.108371350517216
S2,rate,RA-EST(MIS-G-2000)/HT,0.9218,0.9163742146809817,0.9269018323927742,True,200.0,0.002771680186326766,0.9163675068347995,0.9272324931652004,0.78,0.86,0.92,1.0657191693884216
S2,rate,DEF-0.5(MIS-G-2000)/HT,0.9235,0.9181262224918811,0.9285485189394505,True,200.0,0.0027360886141575545,0.9181372663162511,0.9288627336837488,0.78,0.88,0.92,1.059648878346813
S2,rate,SRSWOR/EXP,0.8978,0.8917093562060378,0.9035851234666513,False,,,,,,,,
S2,rate,SRSWOR/DIFF(COR-2000),0.9123,0.9065964565257124,0.9176868867851212,True,200.0,0.0025229698540454475,0.9073549790860709,0.9172450209139291,0.82,0.86,0.92,0.795585491182411
S2,rate,ST-PROP/EXP,0.9101,0.9043350277290721,0.9155500052366637,False,,,,,,,,
S2,rate,ST-EQD/EXP,0.9268,0.9215293486904098,0.9317428582585686,False,,,,,,,,
S2,rate,CPS-RA-OR/HT,0.9154,0.9097847994888586,0.9206961629446129,False,,,,,,,,
S2,rate,CPS-RA-EST(COR-2000)/HT,0.9134,0.9077275610241651,0.9187549374592174,True,20.0,0.002810132044097425,0.9078921411935691,0.9189078588064309,0.892,0.894,0.914,0.9983309960429008
S2,dollars,EQ-P/HT,0.9593,0.9552475033807162,0.9629997427572075,False,,,,,,,,
S2,dollars,PPS-A/HT,0.9151,0.909476156551318,0.9204050362896402,False,,,,,,,,
S2,dollars,RA-OR/HT,0.9228,0.917404717655872,0.9278705613929286,False,,,,,,,,
S2,dollars,RA-EST(COR-2000)/HT,0.9231,0.9177139184915405,0.9281611301497735,True,200.0,0.002664101571999394,0.9178783609188812,0.9283216390811189,0.8,0.88,0.92,0.9998306979590941
S2,dollars,DEF-0.5(COR-2000)/HT,0.9276,0.9223547958697432,0.9325167966592708,True,200.0,0.002498481951165848,0.9227029753757149,0.9324970246242851,0.84,0.88,0.92,0.9295079889379918
S2,dollars,EQ-P/DIFF(COR-2000),0.9002,0.8941706664352551,0.9059219699775405,True,200.0,0.003157474978714167,0.8940113490417202,0.9063886509582798,0.78,0.84,0.9,1.109712008020265
S2,dollars,RA-EST/DIFF(COR-2000),0.9127,0.9070077367590588,0.9180752993417927,True,200.0,0.0026072087926443874,0.907589870766417,0.917810129233583,0.78,0.86,0.92,0.8531184413555641
S2,dollars,DEF-0.5/DIFF(COR-2000),0.9112,0.9054656135521865,0.9166185745860983,True,200.0,0.003013003643338963,0.9052945128590556,0.9171054871409444,0.8,0.86,0.92,1.1219477625255412
S2,dollars,RA-EST(MIS-G-2000)/HT,0.9213,0.9158590582270959,0.9264173728591379,True,200.0,0.0027237186374661384,0.9159615114705664,0.9266384885294336,0.8,0.88,0.92,1.023172081999539
S2,dollars,DEF-0.5(MIS-G-2000)/HT,0.9261,0.9208072277782461,0.9310655167882013,True,200.0,0.0026072858873726255,0.9209897196607497,0.9312102803392504,0.82,0.88,0.92,0.9932875345242751
S2,dollars,SRSWOR/EXP,0.9596,0.9555610625556126,0.9632859531748243,False,,,,,,,,
S2,dollars,SRSWOR/DIFF(COR-2000),0.8966,0.890479083320153,0.9024163179824825,True,200.0,0.0031989633999423704,0.8903300317361129,0.902869968263887,0.76,0.84,0.9,1.103822568276507
S2,dollars,ST-PROP/EXP,0.8987,0.8926322270009097,0.9044615614493192,False,,,,,,,,
S2,dollars,ST-EQD/EXP,0.9158,0.9101963551947828,0.9210843000287064,False,,,,,,,,
S2,dollars,CPS-RA-OR/HT,0.9077,0.9018691672644447,0.9132177089611843,False,,,,,,,,
S2,dollars,CPS-RA-EST(COR-2000)/HT,0.9132,0.9075218860070181,0.9185607660813556,True,20.0,0.0023278632623977393,0.9086373880057005,0.9177626119942995,0.894,0.902,0.913,0.6836428955479702
S3,rate,EQ-P/HT,0.9335,0.9284482114963108,0.9382188496854655,False,,,,,,,,
S3,rate,PPS-A/HT,0.9757,0.9724943932867947,0.9785402572418582,False,,,,,,,,
S3,rate,RA-OR/HT,0.9471,0.9425386481423923,0.9513179678999888,False,,,,,,,,
S3,rate,RA-EST(COR-2000)/HT,0.9469,0.9423309140829409,0.9511258555644312,True,200.0,0.0021482609538015012,0.9426894085305491,0.9511105914694509,0.84,0.9,0.96,0.9178578618081789
S3,rate,DEF-0.5(COR-2000)/HT,0.9385,0.933620698599507,0.9430425224574916,True,200.0,0.0024224141785131005,0.9337520682101144,0.9432479317898856,0.82,0.9,0.94,1.0166873192841543
S3,rate,EQ-P/DIFF(COR-2000),0.9329,0.9278280611457773,0.9376394608509723,True,200.0,0.0024180955170646666,0.9281605327865532,0.9376394672134467,0.82,0.9,0.94,0.9340912213470574
S3,rate,RA-EST/DIFF(COR-2000),0.9455,0.9408772559546209,0.949780588927689,True,200.0,0.00233366233622122,0.9409260218210064,0.9500739781789936,0.84,0.9,0.96,1.0568613081758562
S3,rate,DEF-0.5/DIFF(COR-2000),0.9343,0.9292752558830955,0.9389911908787165,True,200.0,0.0025534585866563097,0.9292952211701536,0.9393047788298464,0.82,0.88,0.94,1.062199074925634
S3,rate,RA-EST(MIS-G-2000)/HT,0.9416,0.9368320085759004,0.9460288316037361,True,200.0,0.002344071962810478,0.9370056189528915,0.9461943810471085,0.84,0.9,0.94,0.9992233721300249
S3,rate,DEF-0.5(MIS-G-2000)/HT,0.9396,0.934759795158834,0.9441025810707135,True,200.0,0.00232944878851016,0.9350342803745201,0.9441657196254799,0.84,0.9,0.94,0.9561507888187327
S3,rate,SRSWOR/EXP,0.9428,0.9380760598258889,0.947183858723801,False,,,,,,,,
S3,rate,SRSWOR/DIFF(COR-2000),0.9356,0.9306196433650872,0.9402458049642825,True,200.0,0.0026378002103549726,0.9304299115877043,0.9407700884122957,0.82,0.88,0.94,1.1548025032179066
S3,rate,ST-PROP/EXP,0.9457,0.941084870570372,0.9499728207069467,False,,,,,,,,
S3,rate,ST-EQD/EXP,0.9706,0.9671040612328606,0.9737345062230655,False,,,,,,,,
S3,dollars,EQ-P/HT,0.9768,0.9736612433346437,0.9795725623665581,False,,,,,,,,
S3,dollars,PPS-A/HT,0.9265,0.9212198518003409,0.9314525855561242,False,,,,,,,,
S3,dollars,RA-OR/HT,0.9385,0.933620698599507,0.9430425224574916,False,,,,,,,,
S3,dollars,RA-EST(COR-2000)/HT,0.9397,0.9348633709164661,0.944198928510586,True,200.0,0.002361659837048859,0.9350711467193842,0.9443288532806158,0.84,0.9,0.94,0.9843015044195929
S3,dollars,DEF-0.5(COR-2000)/HT,0.9361,0.931136863360677,0.9407282009562151,True,200.0,0.0025586487482820736,0.9310850484533671,0.9411149515466329,0.82,0.9,0.94,1.094455823705255
S3,dollars,EQ-P/DIFF(COR-2000),0.9467,0.9421231973582078,0.9509337258941555,True,200.0,0.0024362319533766203,0.9419249853713818,0.9514750146286182,0.86,0.9,0.96,1.1762447119367072
S3,dollars,RA-EST/DIFF(COR-2000),0.9339,0.9288617081905852,0.9386050457812087,True,200.0,0.0024359019049321868,0.9291256322663328,0.9386743677336671,0.84,0.88,0.94,0.9612088376727808
S3,dollars,DEF-0.5/DIFF(COR-2000),0.9366,0.931654166890402,0.9412105134140122,True,200.0,0.002295330632734167,0.932101151959841,0.941098848040159,0.84,0.9,0.94,0.8872522186713051
S3,dollars,RA-EST(MIS-G-2000)/HT,0.9393,0.9344490895433285,0.9438135170937058,True,200.0,0.0024200897030594274,0.9345566241820036,0.9440433758179965,0.82,0.9,0.94,1.0272352506983222
S3,dollars,DEF-0.5(MIS-G-2000)/HT,0.9386,0.9337242350453652,0.943138909209138,True,200.0,0.002684442429216706,0.9333384928387353,0.9438615071612647,0.82,0.88,0.94,1.2504296640743071
S3,dollars,SRSWOR/EXP,0.9767,0.9735550964376862,0.979478786066011,False,,,,,,,,
S3,dollars,SRSWOR/DIFF(COR-2000),0.9395,0.934656223016341,0.944006230015702,True,200.0,0.002747086167571068,0.9341157111115607,0.9448842888884393,0.82,0.88,0.94,1.327676918364401
S3,dollars,ST-PROP/EXP,0.9683,0.9646821958733204,0.9715581380400035,False,,,,,,,,
S3,dollars,ST-EQD/EXP,0.9341,0.9290684756351676,0.9387981247316356,False,,,,,,,,
S4,rate,EQ-P/HT,0.9361,0.931136863360677,0.9407282009562151,False,,,,,,,,
S4,rate,PPS-A/HT,0.9589,0.9548295129721371,0.9626180403757687,False,,,,,,,,
S4,rate,RA-OR/HT,0.9277,0.922457989353658,0.9326135263728603,False,,,,,,,,
S4,rate,RA-EST(COR-2000)/HT,0.9275,0.9222516051952467,0.9324200641362628,True,200.0,0.002646463459831082,0.9223129316187311,0.9326870683812689,0.82,0.88,0.9299999999999999,1.0415494145137802
S4,rate,DEF-0.5(COR-2000)/HT,0.9256,0.9202915091616355,0.9305816194172896,True,200.0,0.0026492058163318354,0.9204075565999896,0.9307924434000103,0.8,0.88,0.92,1.0191429821293518
S4,rate,EQ-P/DIFF(COR-2000),0.9222,0.9167863852995854,0.9272893545641885,True,200.0,0.002551145175904874,0.9171997554552265,0.9272002445447736,0.8,0.88,0.92,0.9071218580000535
S4,rate,RA-EST/DIFF(COR-2000),0.9286,0.9233868580245143,0.9334839664795441,True,200.0,0.002684442429216706,0.9233384928387353,0.9338615071612647,0.82,0.88,0.94,1.086879250740835
S4,rate,DEF-0.5/DIFF(COR-2000),0.9233,0.9179200653020766,0.9283548297342462,True,200.0,0.002685443732458567,0.9180365302843813,0.9285634697156188,0.82,0.88,0.92,1.018342606779774
S4,rate,RA-EST(MIS-G-2000)/HT,0.9267,0.9214261803001957,0.9316461034512782,True,200.0,0.0024071814665839633,0.9219819243254954,0.9314180756745045,0.82,0.88,0.92,0.853050072800877
S4,rate,DEF-0.5(MIS-G-2000)/HT,0.9224,0.9169924858585595,0.9274831004002232,True,200.0,0.0026995625925239756,0.917108857318653,0.927691142681347,0.8,0.88,0.92,1.0181359853154768
S4,rate,SRSWOR/EXP,0.9086,0.9027937265590952,0.9140924584440738,False,,,,,,,,
S4,rate,SRSWOR/DIFF(COR-2000),0.9172,0.9116370895306712,0.9224424904578804,True,200.0,0.002708779695210728,0.911890791797387,0.9225092082026131,0.8,0.86,0.92,0.9661687530925257
S4,rate,ST-PROP/EXP,0.912,0.9062880190558067,0.9173955546625137,False,,,,,,,,
S4,rate,ST-EQD/EXP,0.9375,0.9325855267012678,0.9420784623806865,False,,,,,,,,
S4,dollars,EQ-P/HT,0.9574,0.9532629270597345,0.9611857783256047,False,,,,,,,,
S4,dollars,PPS-A/HT,0.9175,0.9119458775509496,0.9227334720301154,False,,,,,,,,
S4,dollars,RA-OR/HT,0.9241,0.9187447567110575,0.9291295239053009,False,,,,,,,,
S4,dollars,RA-EST(COR-2000)/HT,0.9255,0.9201883735758042,0.9304848318056164,True,200.0,0.002763500438459677,0.920083539140619,0.930916460859381,0.78,0.88,0.92,1.1076087546897309
S4,dollars,DEF-0.5(COR-2000)/HT,0.9257,0.920394647453256,0.9306784043231733,True,200.0,0.002627177249731645,0.9205507325905259,0.930849267409474,0.8,0.88,0.92,1.0035053028885388
S4,dollars,EQ-P/DIFF(COR-2000),0.9222,0.9167863852995854,0.9272893545641885,True,200.0,0.0029765920954192833,0.9163658794929782,0.9280341205070218,0.78,0.86,0.92,1.2349060928004068
S4,dollars,RA-EST/DIFF(COR-2000),0.9219,0.9164772535343857,0.926998716736875,True,200.0,0.002787616189524752,0.9164362722685315,0.9273637277314686,0.8,0.88,0.92,1.0792724900657487
S4,dollars,DEF-0.5/DIFF(COR-2000),0.9186,0.9130782819262843,0.9238002228273295,True,200.0,0.002758304045247758,0.9131937240713144,0.9240062759286856,0.78,0.88,0.92,1.017497677807718
S4,dollars,RA-EST(MIS-G-2000)/HT,0.9237,0.9183323900982483,0.9287421977280923,True,200.0,0.0027857407917453413,0.9182399480481791,0.9291600519518208,0.76,0.88,0.92,1.1010978780271488
S4,dollars,DEF-0.5(MIS-G-2000)/HT,0.9246,0.9192602742440399,0.9296136223598406,True,200.0,0.00273341504147188,0.9192425065187151,0.9299574934812849,0.8,0.88,0.92,1.0717313256323502
S4,dollars,SRSWOR/EXP,0.9577,0.9535761353393509,0.9614723396385015,False,,,,,,,,
S4,dollars,SRSWOR/DIFF(COR-2000),0.9189,0.913387169489392,0.9240911048567353,True,200.0,0.002771707381569205,0.9134674535321244,0.9243325464678757,0.76,0.86,0.92,1.0308741539393818
S4,dollars,ST-PROP/EXP,0.9462,0.9416039807851497,0.9504533264796915,False,,,,,,,,
S4,dollars,ST-EQD/EXP,0.9242,0.9188478549335571,0.9292263488803058,False,,,,,,,,
S5,rate,EQ-P/HT,0.9287,0.9234900799009046,0.9335806678006583,False,,,,,,,,
S5,rate,PPS-A/HT,0.9609,0.9569204921529295,0.9645255251450651,False,,,,,,,,
S5,rate,RA-OR/HT,0.9251,0.919775858190593,0.9300976544008099,False,,,,,,,,
S5,rate,RA-EST(COR-2000)/HT,0.9259,0.9206009321739549,0.9308719659974835,True,200.0,0.00257079656427232,0.9208612387340261,0.9309387612659737,0.82,0.88,0.92,0.9632813001981747
S5,rate,DEF-0.5(COR-2000)/HT,0.9226,0.9171985966319105,0.927676836021881,True,200.0,0.0027757383915078247,0.9171595527526446,0.9280404472473553,0.8,0.88,0.92,1.0789533144576868
S5,rate,EQ-P/DIFF(COR-2000),0.9091,0.9033074420098338,0.9145783589808575,True,200.0,0.0027410796391093228,0.9037274839073457,0.9144725160926543,0.8,0.86,0.92,0.9092174586211966
S5,rate,RA-EST/DIFF(COR-2000),0.92,0.9145199431631448,0.9251574863555314,True,200.0,0.0028461381752407614,0.9144215691765282,0.9255784308234719,0.8,0.86,0.92,1.1006117544242955
S5,rate,DEF-0.5/DIFF(COR-2000),0.9135,0.9078304018288528,0.9188520198520342,True,200.0,0.0028845019949367283,0.907846376089924,0.9191536239100759,0.8,0.86,0.92,1.0529724977987813
S5,rate,RA-EST(MIS-G-2000)/HT,0.9224,0.9169924858585595,0.9274831004002232,True,200.0,0.0027475342988974834,0.917014832774161,0.927785167225839,0.8,0.878,0.92,1.0546424057951251
S5,rate,DEF-0.5(MIS-G-2000)/HT,0.9226,0.9171985966319105,0.927676836021881,True,200.0,0.0027757383915078247,0.9171595527526446,0.9280404472473553,0.8,0.88,0.92,1.0789533144576868
S5,rate,SRSWOR/EXP,0.9258,0.9204977884556843,0.9307751865182495,False,,,,,,,,
S5,rate,SRSWOR/DIFF(COR-2000),0.9141,0.9084474930204128,0.919434467845501,True,200.0,0.002692992954925129,0.9088217338083467,0.9193782661916533,0.8,0.86,0.92,0.923599229109541
S5,rate,ST-PROP/EXP,0.9082,0.9023827910074746,0.9137037012056768,False,,,,,,,,
S5,rate,ST-EQD/EXP,0.9305,0.9253485698370358,0.935320795419607,False,,,,,,,,
S5,rate,CPS-RA-OR/HT,0.9145,0.9088589315597084,0.919822722096223,False,,,,,,,,
S5,rate,CPS-RA-EST(COR-2000)/HT,0.9166,0.9110195764819595,0.9218604643215653,True,20.0,0.0024369955618386025,0.9118234886987963,0.9213765113012037,0.9,0.9054,0.915,0.7768972299909638
S5,dollars,EQ-P/HT,0.9567,0.9525323143049796,0.9605169286978282,False,,,,,,,,
S5,dollars,PPS-A/HT,0.9273,0.9220452322531294,0.9322265906833713,False,,,,,,,,
S5,dollars,RA-OR/HT,0.9217,0.9162711783543365,0.9268049455219152,False,,,,,,,,
S5,dollars,RA-EST(COR-2000)/HT,0.9191,0.9135931065444465,0.9242850141966896,True,200.0,0.0026038143647793234,0.9139965238450326,0.9242034761549675,0.8,0.88,0.92,0.9118192349762207
S5,dollars,DEF-0.5(COR-2000)/HT,0.9257,0.920394647453256,0.9306784043231733,True,200.0,0.0026002609068936896,0.9206034886224883,0.9307965113775116,0.82,0.88,0.92,0.9830481176617266
S5,dollars,EQ-P/DIFF(COR-2000),0.893,0.8867897471445916,0.898908419047884,True,200.0,0.003378174107636777,0.8863787787490319,0.8996212212509681,0.72,0.82,0.9,1.194342319966043
S5,dollars,RA-EST/DIFF(COR-2000),0.9061,0.9002259083744245,0.9116621966911335,True,200.0,0.0027825641621682167,0.9006461742421503,0.9115538257578497,0.76,0.86,0.91,0.9100152118404804
S5,dollars,DEF-0.5/DIFF(COR-2000),0.901,0.8949913340952089,0.9067006878976223,True,200.0,0.003010033472826787,0.8951003343932595,0.9068996656067405,0.74,0.858,0.9,1.0157402557806352
S5,dollars,RA-EST(MIS-G-2000)/HT,0.9222,0.9167863852995854,0.9272893545641885,True,200.0,0.0028098534449165742,0.9166926872479635,0.9277073127520366,0.78,0.86,0.92,1.1004305092925688
S5,dollars,DEF-0.5(MIS-G-2000)/HT,0.9275,0.9222516051952467,0.9324200641362628,True,200.0,0.0025458114185647114,0.9225102096196132,0.9324897903803868,0.82,0.88,0.94,0.9638302115653079
S5,dollars,SRSWOR/EXP,0.9558,0.9515933711641446,0.9596565630611235,False,,,,,,,,
S5,dollars,SRSWOR/DIFF(COR-2000),0.8832,0.8767571716179136,0.889348521219126,True,200.0,0.003277577239793758,0.8767759486100042,0.8896240513899958,0.74,0.82,0.88,1.0413673738954847
S5,dollars,ST-PROP/EXP,0.8823,0.875836548538533,0.8884698355209667,False,,,,,,,,
S5,dollars,ST-EQD/EXP,0.9094,0.9036156959651223,0.9148698746180823,False,,,,,,,,
S5,dollars,CPS-RA-OR/HT,0.908,0.9021773354352475,0.913509310382895,False,,,,,,,,
S5,dollars,CPS-RA-EST(COR-2000)/HT,0.9029,0.8969408931741754,0.9085496695712403,True,20.0,0.0022027494780745955,0.8985826110229739,0.9072173889770262,0.884,0.888,0.904,0.5534410021716163
S6,rate,EQ-P/HT,0.9224,0.9169924858585595,0.9274831004002232,False,,,,,,,,
S6,rate,PPS-A/HT,0.947,0.9424347789400533,0.9512219139048232,False,,,,,,,,
S6,rate,RA-OR/HT,0.9158,0.9101963551947828,0.9210843000287064,False,,,,,,,,
S6,rate,RA-EST(COR-2000)/HT,0.9158,0.9101963551947828,0.9210843000287064,True,200.0,0.0029691546603343045,0.9099804568657447,0.9216195431342552,0.78,0.86,0.92,1.143280798713028
S6,rate,DEF-0.5(COR-2000)/HT,0.916,0.9104021467376803,0.921278354880818,True,200.0,0.0027308032576809334,0.9106476256149454,0.9213523743850547,0.8,0.878,0.92,0.9691836182367438
S6,rate,EQ-P/DIFF(COR-2000),0.893,0.8867897471445916,0.898908419047884,True,200.0,0.003082614566048449,0.8869580754505451,0.899041924549455,0.72,0.84,0.9,0.9944964011694352
S6,rate,RA-EST/DIFF(COR-2000),0.8898,0.8835121429359003,0.8957884809364329,True,200.0,0.003232964630413939,0.8834633893243887,0.8961366106756113,0.76,0.84,0.9,1.0659280987619253
S6,rate,DEF-0.5/DIFF(COR-2000),0.8926,0.8863799552020445,0.8985185182004131,True,200.0,0.0031806892208447505,0.8863658491271442,0.8988341508728557,0.76,0.84,0.9,1.055313053990996
S6,rate,RA-EST(MIS-G-2000)/HT,0.9182,0.9126664653094795,0.9234123466541165,True,200.0,0.002988049901031653,0.912343422193978,0.924056577806022,0.76,0.86,0.92,1.1887351370273287
S6,rate,DEF-0.5(MIS-G-2000)/HT,0.9175,0.9119458775509496,0.9227334720301154,True,200.0,0.0029804640291648753,0.9116582905028369,0.9233417094971631,0.74,0.86,0.92,1.1735666193240157
S6,rate,SRSWOR/EXP,0.8966,0.890479083320153,0.9024163179824825,False,,,,,,,,
S6,rate,SRSWOR/DIFF(COR-2000),0.8909,0.884638632129783,0.8968611469150991,True,200.0,0.0031312896503472593,0.8847626722853194,0.8970373277146807,0.76,0.82,0.9,1.0087714340683989
S6,rate,ST-PROP/EXP,0.8871,0.8807479363668853,0.8931547611728279,False,,,,,,,,
S6,rate,ST-EQD/EXP,0.8797,0.8731776319580089,0.8859307489663752,False,,,,,,,,
S6,rate,CPS-RA-OR/HT,0.8868,0.8804408724251872,0.8928620555220127,False,,,,,,,,
S6,rate,CPS-RA-EST(COR-2000)/HT,0.8891,0.8827953867271283,0.8951057747626736,True,20.0,0.0032264531609803387,0.8827761518044785,0.8954238481955215,0.866,0.8714,0.887,1.0557681910329904
S6,dollars,EQ-P/HT,0.9453,0.9406696580481485,0.9495883404391526,False,,,,,,,,
S6,dollars,PPS-A/HT,0.9081,0.9022800622068817,0.9136065068087652,False,,,,,,,,
S6,dollars,RA-OR/HT,0.9151,0.909476156551318,0.9204050362896402,False,,,,,,,,
S6,dollars,RA-EST(COR-2000)/HT,0.9127,0.9070077367590588,0.9180752993417927,True,200.0,0.0028678691334916534,0.9070789764983563,0.9183210235016436,0.74,0.86,0.92,1.032229734496726
S6,dollars,DEF-0.5(COR-2000)/HT,0.9138,0.9081389374687758,0.9191432538046245,True,200.0,0.0027505686940528335,0.9084088853596564,0.9191911146403435,0.76,0.86,0.92,0.9604761205602147
S6,dollars,EQ-P/DIFF(COR-2000),0.8103,0.8024969448896353,0.8178647369666627,True,200.0,0.003841004631982962,0.8027716309213134,0.8178283690786866,0.66,0.74,0.82,0.9597905994919114
S6,dollars,RA-EST/DIFF(COR-2000),0.8732,0.8665344878229928,0.8795788852636022,True,200.0,0.0031269295550445412,0.8670712180721126,0.8793287819278873,0.72,0.82,0.88,0.8830864359644438
S6,dollars,DEF-0.5/DIFF(COR-2000),0.8645,0.8576516209378832,0.8710684339658251,True,200.0,0.0033232468835833174,0.8579864361081767,0.8710135638918234,0.72,0.8,0.87,0.9428029212326502
S6,dollars,RA-EST(MIS-G-2000)/HT,0.9136,0.9079332448355436,0.9189491000428477,True,200.0,0.002813320790337769,0.908085891250938,0.919114108749062,0.76,0.86,0.92,1.0026946042399836
S6,dollars,DEF-0.5(MIS-G-2000)/HT,0.9154,0.9097847994888586,0.9206961629446129,True,200.0,0.0026436992507929513,0.9102183494684458,0.9205816505315542,0.78,0.86,0.92,0.9024908860061448
S6,dollars,SRSWOR/EXP,0.9504,0.9459688484814327,0.9544852330785952,False,,,,,,,,
S6,dollars,SRSWOR/DIFF(COR-2000),0.8038,0.7959003740062222,0.8114663000122867,True,200.0,0.003988400266199104,0.7959827354782497,0.8116172645217502,0.66,0.72,0.8,1.0086731681125942
S6,dollars,ST-PROP/EXP,0.8908,0.8845362159867948,0.8967636398605828,False,,,,,,,,
S6,dollars,ST-EQD/EXP,0.9024,0.8964277860715694,0.908063160686324,False,,,,,,,,
S6,dollars,CPS-RA-OR/HT,0.8754,0.8687822892767848,0.8817293941549079,False,,,,,,,,
S6,dollars,CPS-RA-EST(COR-2000)/HT,0.877,0.8704174661070049,0.883292988484759,True,20.0,0.0034412360080584297,0.8702551774242054,0.8837448225757946,0.848,0.8578,0.879,1.0978024921580332
S7,rate,EQ-P/HT,0.905,0.899096461305407,0.9105924885876021,False,,,,,,,,
S7,rate,PPS-A/HT,0.9347,0.929688855006569,0.9393772845452606,False,,,,,,,,
S7,rate,RA-OR/HT,0.9107,0.9049516792851708,0.9161328928655916,False,,,,,,,,
S7,rate,RA-EST(COR-2000)/HT,0.9091,0.9033074420098338,0.9145783589808575,True,200.0,0.0029460731039246697,0.9033256967163077,0.9148743032836923,0.8,0.86,0.92,1.050295482417582
S7,rate,DEF-0.5(COR-2000)/HT,0.9118,0.9060824048379057,0.9172013224854059,True,200.0,0.002807706551689832,0.9062968951586879,0.9173031048413122,0.78,0.86,0.92,0.9802464040879509
S7,rate,EQ-P/DIFF(COR-2000),0.8946,0.8884291812731699,0.9004677560793766,True,200.0,0.0031502093732762243,0.8884255896283786,0.9007744103716213,0.78,0.84,0.9,1.0524690516573378
S7,rate,RA-EST/DIFF(COR-2000),0.8937,0.8875069468980821,0.8995906816769246,True,200.0,0.0029419082447627453,0.8879338598402651,0.899466140159735,0.78,0.84,0.9,0.911031145119739
S7,rate,DEF-0.5/DIFF(COR-2000),0.8959,0.889761539642424,0.9017343992776804,True,200.0,0.002961384641510601,0.8900956861026392,0.9017043138973608,0.78,0.84,0.9,0.940328010973555
S7,rate,RA-EST(MIS-G-2000)/HT,0.9119,0.9061852108728586,0.9172984396479572,True,200.0,0.0028145262103851016,0.9063835286276453,0.9174164713723548,0.78,0.86,0.92,0.9860239654970337
S7,rate,DEF-0.5(MIS-G-2000)/HT,0.9103,0.9045405698538994,0.9157443095068453,True,200.0,0.002763645905948758,0.9048832540243404,0.9157167459756596,0.78,0.86,0.92,0.9353794194873623
S7,rate,SRSWOR/EXP,0.9021,0.8961199442898148,0.9077712328755653,False,,,,,,,,
S7,rate,SRSWOR/DIFF(COR-2000),0.8987,0.8926322270009097,0.9044615614493192,True,200.0,0.003173627191044766,0.8924796907055523,0.9049203092944478,0.76,0.84,0.9,1.1063374910780635
S7,rate,ST-PROP/EXP,0.8967,0.8905815964748323,0.9025137280253077,False,,,,,,,,
S7,rate,ST-EQD/EXP,0.8903,0.8840241594233761,0.8962760804364792,False,,,,,,,,
S7,dollars,EQ-P/HT,0.925,0.9196727360590174,0.930000853334881,False,,,,,,,,
S7,dollars,PPS-A/HT,0.8976,0.8915042932287225,0.9033903400489574,False,,,,,,,,
S7,dollars,RA-OR/HT,0.9027,0.8967356446977566,0.9083550716526501,False,,,,,,,,
S7,dollars,RA-EST(COR-2000)/HT,0.9034,0.8974540473894494,0.9090361313434885,True,200.0,0.002853579256453957,0.8978069846573502,0.9089930153426498,0.76,0.86,0.9,0.9330881327618917
S7,dollars,DEF-0.5(COR-2000)/HT,0.9093,0.903512942582495,0.9147727048032053,True,200.0,0.002953160303622962,0.903511805804899,0.915088194195101,0.76,0.86,0.92,1.0574493287474325
S7,dollars,EQ-P/DIFF(COR-2000),0.8393,0.8319717287615852,0.8463676803710024,True,200.0,0.0037760884816308957,0.8318988665760035,0.8467011334239966,0.7,0.76,0.84,1.0571855647556423
S7,dollars,RA-EST/DIFF(COR-2000),0.8887,0.882385846558617,0.8947156221411674,True,200.0,0.0028762674724135654,0.8830625157540695,0.8943374842459306,0.76,0.84,0.9,0.8363887743461176
S7,dollars,DEF-0.5/DIFF(COR-2000),0.8857,0.8793150893988609,0.8917886833757899,True,200.0,0.0031903670965980195,0.8794468804906679,0.8919531195093322,0.76,0.82,0.9,1.005422130145369
S7,dollars,RA-EST(MIS-G-2000)/HT,0.9031,0.8971461491885747,0.9087442599518499,True,200.0,0.0028745897675421946,0.8974658040556173,0.9087341959443828,0.76,0.86,0.9,0.9442611707773544
S7,dollars,DEF-0.5(MIS-G-2000)/HT,0.909,0.9032046948136743,0.9144811829795128,True,200.0,0.0030066927021272266,0.9031068823038306,0.9148931176961694,0.76,0.86,0.92,1.0928808381417965
S7,dollars,SRSWOR/EXP,0.9291,0.9239029961572105,0.9339674443343702,False,,,,,,,,
S7,dollars,SRSWOR/DIFF(COR-2000),0.8364,0.8290207802237861,0.8435208561811727,True,200.0,0.003777106387608983,0.8289968714802864,0.8438031285197136,0.68,0.76,0.84,1.0426081406719052
S7,dollars,ST-PROP/EXP,0.9142,0.9085503493120821,0.919531534751336,False,,,,,,,,
S7,dollars,ST-EQD/EXP,0.9056,0.8997124940009259,0.9111759950771098,False,,,,,,,,
S8,rate,EQ-P/HT,0.9333,0.928241482140045,0.9380257326467224,False,,,,,,,,
S8,rate,PPS-A/HT,0.9658,0.9620551676583639,0.9691870863173487,False,,,,,,,,
S8,rate,RA-OR/HT,0.9283,0.9230772095568223,0.9331938453547228,False,,,,,,,,
S8,rate,RA-EST(STRAT-2000)/HT,0.9284,0.9231804228580001,0.9332905552510495,True,200.0,0.0025651706575806135,0.923372265511142,0.933427734488858,0.8,0.88,0.94,0.9898841556135138
S8,rate,DEF-0.5(STRAT-2000)/HT,0.9277,0.922457989353658,0.9326135263728603,True,200.0,0.0026283246474249145,0.9225484836910471,0.9328515163089528,0.8,0.88,0.94,1.0299405603652063
S8,rate,EQ-P/DIFF(STRAT-2000),0.9169,0.9113283225421382,0.9221514878539001,True,200.0,0.002637562069097466,0.911730378344569,0.922069621655431,0.82,0.86,0.92,0.913024393048059
S8,rate,RA-EST/DIFF(STRAT-2000),0.9192,0.913696078688033,0.9243819652506076,True,200.0,0.0027006048084935136,0.9139068145753527,0.9244931854246473,0.82,0.88,0.92,0.9819756002392159
S8,rate,DEF-0.5/DIFF(STRAT-2000),0.9183,0.9127694158898937,0.9235093192712068,True,200.0,0.0027954647405356208,0.9128208891085502,0.9237791108914498,0.82,0.86,0.92,1.0416010207219806
S8,rate,SRSWOR/EXP,0.9003,0.8942732435085223,0.9060193161017778,False,,,,,,,,
S8,rate,SRSWOR/DIFF(STRAT-2000),0.9127,0.9070077367590588,0.9180752993417927,True,200.0,0.002786101543204271,0.9072392409753196,0.9181607590246803,0.82,0.86,0.92,0.9742077662960679
S8,rate,ST-PROP/EXP,0.9118,0.9060824048379057,0.9172013224854059,False,,,,,,,,
S8,rate,ST-EQD/EXP,0.9452,0.9405658653339477,0.9494922099558489,False,,,,,,,,
S8,dollars,EQ-P/HT,0.9499,0.9454487986700216,0.954005666902484,False,,,,,,,,
S8,dollars,PPS-A/HT,0.9173,0.911740016528771,0.9225394866572849,False,,,,,,,,
S8,dollars,RA-OR/HT,0.9165,0.9109166657615745,0.9217634518444459,False,,,,,,,,
S8,dollars,RA-EST(STRAT-2000)/HT,0.9128,0.9071105622457152,0.9181723970526405,True,200.0,0.002810747499783231,0.9072909349004248,0.9183090650995751,0.8,0.86,0.92,0.9925480711051486
S8,dollars,DEF-0.5(STRAT-2000)/HT,0.9176,0.9120488115827671,0.9228304611958021,True,200.0,0.0027584862209472385,0.9121933670069434,0.9230066329930565,0.8,0.86,0.92,1.006377738141788
S8,dollars,EQ-P/DIFF(STRAT-2000),0.8725,0.8658194137770319,0.878894496927032,True,200.0,0.004601589194569403,0.8634808851786441,0.881519114821356,0.72,0.78,0.88,1.9034438443128618
S8,dollars,RA-EST/DIFF(STRAT-2000),0.8928,0.8865848478684839,0.8987134719289827,True,200.0,0.003054085327218224,0.8868139927586524,0.8987860072413477,0.74,0.84,0.9,0.974570735236123
S8,dollars,DEF-0.5/DIFF(STRAT-2000),0.8834,0.8769617707278253,0.8895437685042232,True,200.0,0.003490432004478736,0.8765587532712217,0.8902412467287782,0.7,0.82,0.88,1.1827757694609518
S8,dollars,SRSWOR/EXP,0.9487,0.9442011559778062,0.9528542312246461,False,,,,,,,,
S8,dollars,SRSWOR/DIFF(STRAT-2000),0.873,0.8663301743314945,0.8793833523600917,True,200.0,0.004106007365119071,0.8649522255643666,0.8810477744356334,0.7,0.8,0.88,1.5206227491780593
S8,dollars,ST-PROP/EXP,0.9116,0.9058767991988123,0.9170070817294903,False,,,,,,,,
S8,dollars,ST-EQD/EXP,0.9118,0.9060824048379057,0.9172013224854059,False,,,,,,,,
