dgp,sigma,prevalence,n,estimand,info,estimator,design,rule,rel_mean,rel_median,rel_p90,maxw_p90,n_changed
MAIN,0.0,0.05,100,dollars,COR-500,DIFF,DEF-0.0,archived,3.8728536610607978,3.816049935709079,4.017197210895222,200.0,21
MAIN,0.0,0.05,100,dollars,COR-500,DIFF,DEF-0.0,separation-aware,3.8653649465662223,3.812301188481391,4.017197210895222,200.0,21
MAIN,0.0,0.05,100,dollars,COR-500,DIFF,DEF-0.25,archived,1.7883058541645094,1.7623922815610231,1.940204754996783,266.66645391743447,21
MAIN,0.0,0.05,100,dollars,COR-500,DIFF,DEF-0.25,separation-aware,1.7553379910904057,1.734113518355629,1.848142742765829,266.57734961130325,21
MAIN,0.0,0.05,100,dollars,COR-500,DIFF,DEF-0.5,archived,1.3893990026278564,1.327765145454543,1.8127850927708906,399.99904262998626,21
MAIN,0.0,0.05,100,dollars,COR-500,DIFF,DEF-0.5,separation-aware,1.3256466500107738,1.306048739871535,1.39901575207642,399.5983427229619,21
MAIN,0.0,0.05,100,dollars,COR-500,DIFF,DEF-0.75,archived,1.281738145148407,1.1309193113558342,2.42164226978045,799.9942558074799,21
MAIN,0.0,0.05,100,dollars,COR-500,DIFF,DEF-0.75,separation-aware,1.1361479621892072,1.1143863602543638,1.2045677819377296,797.5948938359634,21
MAIN,0.0,0.05,100,dollars,COR-500,DIFF,RA-EST,archived,23.202945608686782,1.0566629470221653,109.64807285708173,83791558.49883223,21
MAIN,0.0,0.05,100,dollars,COR-500,DIFF,RA-EST,separation-aware,1.1951630339976842,1.0449433796224636,1.150747923448339,199314.57737742772,21
MAIN,0.0,0.05,100,dollars,COR-500,DIFF,SRSWOR,archived,3.87304731342647,3.8162407477464657,4.0173980807992615,,21
MAIN,0.0,0.05,100,dollars,COR-500,DIFF,SRSWOR,separation-aware,3.8655582244774456,3.8124918130720453,4.0173980807992615,,21
MAIN,0.0,0.05,100,dollars,COR-500,HT,DEF-0.0,archived,3.910100735446701,3.910100735446701,3.910100735446701,200.0,21
MAIN,0.0,0.05,100,dollars,COR-500,HT,DEF-0.0,separation-aware,3.910100735446701,3.910100735446701,3.910100735446701,200.0,21
MAIN,0.0,0.05,100,dollars,COR-500,HT,DEF-0.25,archived,1.799133830656881,1.7793034631650066,1.944302265711256,266.6664574003662,21
MAIN,0.0,0.05,100,dollars,COR-500,HT,DEF-0.25,separation-aware,1.768775264981399,1.7549913225067022,1.8673687769764897,266.58032198467015,21
MAIN,0.0,0.05,100,dollars,COR-500,HT,DEF-0.5,archived,1.3897586387397536,1.332285328849618,1.7925689277186785,399.9990583031295,21
MAIN,0.0,0.05,100,dollars,COR-500,HT,DEF-0.5,separation-aware,1.3277378904900612,1.3124003275731462,1.4111103913264802,399.61170076872054,21
MAIN,0.0,0.05,100,dollars,COR-500,HT,DEF-0.75,archived,1.2776148545144905,1.127928075465262,2.4051939273102216,799.9943498454462,21
MAIN,0.0,0.05,100,dollars,COR-500,HT,DEF-0.75,separation-aware,1.133324021284664,1.1137758253704177,1.2014515337481808,797.6747259456567,21
MAIN,0.0,0.05,100,dollars,COR-500,HT,RA-EST,archived,23.86048357714341,1.054834448600367,110.98358156308477,85195691.94683108,21
MAIN,0.0,0.05,100,dollars,COR-500,HT,RA-EST,separation-aware,1.199839875033113,1.0431136745824479,1.1499480758429281,206175.27911912362,21
MAIN,0.0,0.05,100,rate,COR-500,DIFF,DEF-0.0,archived,1.0129185315761513,1.0098921738086963,1.0246878881555166,200.0,21
MAIN,0.0,0.05,100,rate,COR-500,DIFF,DEF-0.0,separation-aware,1.0115423112510264,1.0083713341129656,1.0232043799062873,200.0,21
MAIN,0.0,0.05,100,rate,COR-500,DIFF,DEF-0.25,archived,1.0156468735816429,1.0128594457720386,1.027598879036538,266.61197057745835,21
MAIN,0.0,0.05,100,rate,COR-500,DIFF,DEF-0.25,separation-aware,1.012982923364212,1.0105489424197855,1.0240979040321387,261.56525800863216,21
MAIN,0.0,0.05,100,rate,COR-500,DIFF,DEF-0.5,archived,1.0283178262194301,1.0206837483855165,1.0691674588167492,399.7539685263418,21
MAIN,0.0,0.05,100,rate,COR-500,DIFF,DEF-0.5,separation-aware,1.0201070938077426,1.0167053804274018,1.0364059367182956,377.8905236421382,21
MAIN,0.0,0.05,100,rate,COR-500,DIFF,DEF-0.75,archived,1.064150990225781,1.0334801062558665,1.2541642957113999,798.525624881933,21
MAIN,0.0,0.05,100,rate,COR-500,DIFF,DEF-0.75,separation-aware,1.0351759569650865,1.0271219931769715,1.0675158814666807,680.5598413921748,21
MAIN,0.0,0.05,100,rate,COR-500,DIFF,RA-EST,archived,22.63147622920179,1.0559624518512245,168.97750029650567,324963.5412895903,21
MAIN,0.0,0.05,100,rate,COR-500,DIFF,RA-EST,separation-aware,1.1687333586015045,1.0431293898150555,1.144991032887604,3422.6281565912486,21
MAIN,0.0,0.05,100,rate,COR-500,DIFF,SRSWOR,archived,1.012969180035153,1.0099426709422432,1.0247391251117723,,21
MAIN,0.0,0.05,100,rate,COR-500,DIFF,SRSWOR,separation-aware,1.0115928908955711,1.0084217552007257,1.0232555426834213,,21
MAIN,0.0,0.05,100,rate,COR-500,HT,DEF-0.0,archived,0.99995,0.9999500000000001,0.9999500000000001,200.0,21
MAIN,0.0,0.05,100,rate,COR-500,HT,DEF-0.0,separation-aware,0.99995,0.9999500000000001,0.9999500000000001,200.0,21
MAIN,0.0,0.05,100,rate,COR-500,HT,DEF-0.25,archived,1.0041015452901083,1.0030175447523193,1.01022230476654,266.61356470362495,21
MAIN,0.0,0.05,100,rate,COR-500,HT,DEF-0.25,separation-aware,1.002824279542596,1.0023538252048683,1.0052664235373916,261.70132598395907,21
MAIN,0.0,0.05,100,rate,COR-500,HT,DEF-0.5,archived,1.0185983565524113,1.012175287928052,1.0563425606716461,399.7611362974569,21
MAIN,0.0,0.05,100,rate,COR-500,HT,DEF-0.5,separation-aware,1.0117447796674321,1.0094587386575853,1.0213350770304623,378.4591189016906,21
MAIN,0.0,0.05,100,rate,COR-500,HT,DEF-0.75,archived,1.056852619509745,1.027724633045395,1.2432280855782223,798.5685274217841,21
MAIN,0.0,0.05,100,rate,COR-500,HT,DEF-0.75,separation-aware,1.0291608180296403,1.0221157572621085,1.0557205953314082,683.3335694931051,21
MAIN,0.0,0.05,100,rate,COR-500,HT,RA-EST,archived,23.267667177596856,1.053509165311135,172.4058487511462,334719.5911617182,21
MAIN,0.0,0.05,100,rate,COR-500,HT,RA-EST,separation-aware,1.1702990400674769,1.0420077148596794,1.1424084171736952,3518.646707088795,21
MAIN,0.0,0.05,400,dollars,COR-500,DIFF,DEF-0.0,archived,4.043873871832984,3.9845617674066895,4.194591446217957,50.0,21
MAIN,0.0,0.05,400,dollars,COR-500,DIFF,DEF-0.0,separation-aware,4.036054465387883,3.980647480347881,4.194591446217957,50.0,21
MAIN,0.0,0.05,400,dollars,COR-500,DIFF,DEF-0.25,archived,1.8343275803434032,1.8078546248453438,1.9946180797878184,66.66661347935862,21
MAIN,0.0,0.05,400,dollars,COR-500,DIFF,DEF-0.25,separation-aware,1.7994757668911772,1.7779100352030057,1.8985202642470507,66.64433148602268,21
MAIN,0.0,0.05,400,dollars,COR-500,DIFF,DEF-0.5,archived,1.4114640820266728,1.347223336863931,1.8598271302663132,99.99976065749657,21
MAIN,0.0,0.05,400,dollars,COR-500,DIFF,DEF-0.5,separation-aware,1.3439777754941449,1.322747411409865,1.4223658978258844,99.8995590912314,21
MAIN,0.0,0.05,400,dollars,COR-500,DIFF,DEF-0.75,archived,1.2974056514469425,1.1370121566934355,2.506108662393362,199.99856395186998,21
MAIN,0.0,0.05,400,dollars,COR-500,DIFF,DEF-0.75,separation-aware,1.143157539239436,1.120757578192833,1.214252637331163,199.39856456918986,21
MAIN,0.0,0.05,400,dollars,COR-500,DIFF,RA-EST,archived,24.534445203141544,1.0591938403773589,116.18112189543798,20947889.624708056,21
MAIN,0.0,0.05,400,dollars,COR-500,DIFF,RA-EST,separation-aware,1.2054841343446716,1.0469797104173932,1.1589354788265602,49815.79956229463,21
MAIN,0.0,0.05,400,dollars,COR-500,DIFF,SRSWOR,archived,4.044076075636766,3.9847610054569627,4.194801186277272,,21
MAIN,0.0,0.05,400,dollars,COR-500,DIFF,SRSWOR,separation-aware,4.036256278201793,3.980846522674015,4.194801186277272,,21
MAIN,0.0,0.05,400,dollars,COR-500,HT,DEF-0.0,archived,4.0827657288700285,4.0827657288700285,4.0827657288700285,50.0,21
MAIN,0.0,0.05,400,dollars,COR-500,HT,DEF-0.0,separation-aware,4.0827657288700285,4.0827657288700285,4.0827657288700285,50.0,21
MAIN,0.0,0.05,400,dollars,COR-500,HT,DEF-0.25,archived,1.8459605483518906,1.8247857270964802,1.9997792427882273,66.66661435009155,21
MAIN,0.0,0.05,400,dollars,COR-500,HT,DEF-0.25,separation-aware,1.8137680645858985,1.7990688034633404,1.9180685290627069,66.645071887202,21
MAIN,0.0,0.05,400,dollars,COR-500,HT,DEF-0.5,archived,1.4125363384973944,1.351760147399332,1.8398818383166007,99.99976457578238,21
MAIN,0.0,0.05,400,dollars,COR-500,HT,DEF-0.5,separation-aware,1.3467986450588085,1.3305625224354858,1.4349506605718767,99.90288650262278,21
MAIN,0.0,0.05,400,dollars,COR-500,HT,DEF-0.75,archived,1.29397386341366,1.1353730510578521,2.489282889539424,199.99858746136155,21
MAIN,0.0,0.05,400,dollars,COR-500,HT,DEF-0.75,separation-aware,1.1410381757645647,1.120397569817741,1.213273791856507,199.4184502596601,21
MAIN,0.0,0.05,400,dollars,COR-500,HT,RA-EST,archived,25.23126746729122,1.057973709936433,117.59715747267526,21298922.98670777,21
MAIN,0.0,0.05,400,dollars,COR-500,HT,RA-EST,separation-aware,1.2110876136617093,1.0455765215533823,1.1586816518664418,51523.8226345053,21
MAIN,0.0,0.05,400,rate,COR-500,DIFF,DEF-0.0,archived,1.012918531576151,1.0098921738086961,1.0246878881555166,50.0,21
MAIN,0.0,0.05,400,rate,COR-500,DIFF,DEF-0.0,separation-aware,1.0115423112510264,1.0083713341129656,1.0232043799062873,50.0,21
MAIN,0.0,0.05,400,rate,COR-500,DIFF,DEF-0.25,archived,1.0156891082325439,1.012886250735217,1.027663976279012,66.65299264436459,21
MAIN,0.0,0.05,400,rate,COR-500,DIFF,DEF-0.25,separation-aware,1.013005990630777,1.0105892995757686,1.024136216070763,65.39131450215804,21
MAIN,0.0,0.05,400,rate,COR-500,DIFF,DEF-0.5,archived,1.0285542540013797,1.020753031881763,1.0697778041180441,99.93849213158545,21
MAIN,0.0,0.05,400,rate,COR-500,DIFF,DEF-0.5,separation-aware,1.0202400703218693,1.0168266921573434,1.0366428708011004,94.47263091053455,21
MAIN,0.0,0.05,400,rate,COR-500,DIFF,DEF-0.75,archived,1.0649359086381163,1.0338507555310477,1.257954104360205,199.63140622048326,21
MAIN,0.0,0.05,400,rate,COR-500,DIFF,DEF-0.75,separation-aware,1.0355402936901108,1.027389714479547,1.068331710657005,170.1399603480437,21
MAIN,0.0,0.05,400,rate,COR-500,DIFF,RA-EST,archived,22.962373064027815,1.0566304306985754,171.54831144049746,81240.88532239757,21
MAIN,0.0,0.05,400,rate,COR-500,DIFF,RA-EST,separation-aware,1.1711425037162528,1.0436923344479063,1.1469065618546974,855.6570391478122,21
MAIN,0.0,0.05,400,rate,COR-500,DIFF,SRSWOR,archived,1.012969180035153,1.0099426709422437,1.0247391251117723,,21
MAIN,0.0,0.05,400,rate,COR-500,DIFF,SRSWOR,separation-aware,1.0115928908955711,1.0084217552007257,1.0232555426834216,,21
MAIN,0.0,0.05,400,rate,COR-500,HT,DEF-0.0,archived,0.9999499999999999,0.9999499999999999,0.9999499999999999,50.0,21
MAIN,0.0,0.05,400,rate,COR-500,HT,DEF-0.0,separation-aware,0.9999499999999999,0.9999499999999999,0.9999499999999999,50.0,21
MAIN,0.0,0.05,400,rate,COR-500,HT,DEF-0.25,archived,1.0041620097367039,1.0030620519170084,1.0103733013164975,66.65339117590624,21
MAIN,0.0,0.05,400,rate,COR-500,HT,DEF-0.25,separation-aware,1.0028660219275418,1.0023886623388059,1.0053434080160994,65.42533149598977,21
MAIN,0.0,0.05,400,rate,COR-500,HT,DEF-0.5,archived,1.018871465907984,1.0123522077023357,1.0571824781046006,99.94028407436423,21
MAIN,0.0,0.05,400,rate,COR-500,HT,DEF-0.5,separation-aware,1.0119163018487292,1.0095969969754175,1.021642816877307,94.61477972542265,21
MAIN,0.0,0.05,400,rate,COR-500,HT,DEF-0.75,archived,1.0576958241009837,1.0281255671380531,1.2469007435647246,199.64213185544602,21
MAIN,0.0,0.05,400,rate,COR-500,HT,DEF-0.75,separation-aware,1.029587636752861,1.0224405977970985,1.0565400076201825,170.83339237327627,21
MAIN,0.0,0.05,400,rate,COR-500,HT,RA-EST,archived,23.608450184880553,1.0542992076046886,175.02926610913934,83679.89779042955,21
MAIN,0.0,0.05,400,rate,COR-500,HT,RA-EST,separation-aware,1.1728703281316548,1.0426127419399507,1.1445297119645172,879.6616767721988,21
MAIN,0.75,0.05,100,dollars,COR-500,DIFF,DEF-0.0,archived,4.93985662944674,4.852583834237825,5.164349331810592,200.0,1
MAIN,0.75,0.05,100,dollars,COR-500,DIFF,DEF-0.0,separation-aware,4.94019760540379,4.852583834237825,5.164349331810592,200.0,1
MAIN,0.75,0.05,100,dollars,COR-500,DIFF,DEF-0.25,archived,1.7620820215627728,1.7345055792357875,1.8670711478456767,266.62912889722355,1
MAIN,0.75,0.05,100,dollars,COR-500,DIFF,DEF-0.25,separation-aware,1.753857264305045,1.7345055792357875,1.8670711478456767,266.6286267630372,1
MAIN,0.75,0.05,100,dollars,COR-500,DIFF,DEF-0.5,archived,1.2711544612082177,1.2399165321955068,1.3530142933924334,399.83112760630496,1
MAIN,0.75,0.05,100,dollars,COR-500,DIFF,DEF-0.5,separation-aware,1.2545760537110917,1.2399165321955068,1.3530142933924334,399.8288692573125,1
MAIN,0.75,0.05,100,dollars,COR-500,DIFF,DEF-0.75,archived,1.0771046873587569,1.0217299118825809,1.1182833379314656,798.9876209120547,1
MAIN,0.75,0.05,100,dollars,COR-500,DIFF,DEF-0.75,separation-aware,1.039704190700697,1.0217299118825809,1.1182833379314656,798.9740933677122,1
MAIN,0.75,0.05,100,dollars,COR-500,DIFF,RA-EST,archived,4.1458362460714815,0.9357922746578976,1.0215216393064943,473802.48862025235,1
MAIN,0.75,0.05,100,dollars,COR-500,DIFF,RA-EST,separation-aware,0.9785720767996456,0.9357922746578976,1.015003341961034,467280.4500474566,1
MAIN,0.75,0.05,100,dollars,COR-500,DIFF,SRSWOR,archived,4.940103634628471,4.852826475561603,5.164607562188701,,1
MAIN,0.75,0.05,100,dollars,COR-500,DIFF,SRSWOR,separation-aware,4.940444627635171,4.852826475561603,5.164607562188701,,1
MAIN,0.75,0.05,100,dollars,COR-500,HT,DEF-0.0,archived,5.286258891740582,5.286258891740582,5.286258891740582,200.0,1
MAIN,0.75,0.05,100,dollars,COR-500,HT,DEF-0.0,separation-aware,5.286258891740582,5.286258891740582,5.286258891740582,200.0,1
MAIN,0.75,0.05,100,dollars,COR-500,HT,DEF-0.25,archived,1.7569615354866377,1.7325648944776444,1.8932643790283936,266.6327564507709,1
MAIN,0.75,0.05,100,dollars,COR-500,HT,DEF-0.25,separation-aware,1.7494936337681362,1.7325648944776444,1.8932643790283936,266.631187797196,1
MAIN,0.75,0.05,100,dollars,COR-500,HT,DEF-0.5,archived,1.2444604794263123,1.2103455739730853,1.337772658486135,399.8474428528716,1
MAIN,0.75,0.05,100,dollars,COR-500,HT,DEF-0.5,separation-aware,1.2288060065292647,1.2103455739730853,1.337772658486135,399.84038756505123,1
MAIN,0.75,0.05,100,dollars,COR-500,HT,DEF-0.75,archived,1.0429655762805938,0.9857787527783908,1.0880233400129675,799.0853552453785,1
MAIN,0.75,0.05,100,dollars,COR-500,HT,DEF-0.75,separation-aware,1.0070779771793306,0.9857787527783908,1.0880233400129675,799.0430891751784,1
MAIN,0.75,0.05,100,dollars,COR-500,HT,RA-EST,archived,4.171087381932133,0.9047956886868284,1.0014017668064654,524557.1249265232,1
MAIN,0.75,0.05,100,dollars,COR-500,HT,RA-EST,separation-aware,0.9481652597314165,0.9047956886868284,1.000119068506684,501089.10387495626,1
MAIN,0.75,0.05,100,rate,COR-500,DIFF,DEF-0.0,archived,1.0013084561041985,0.9999500000000001,1.0021993919742855,200.0,1
MAIN,0.75,0.05,100,rate,COR-500,DIFF,DEF-0.0,separation-aware,1.0013084561041985,0.9999500000000001,1.0021993919742855,200.0,1
MAIN,0.75,0.05,100,rate,COR-500,DIFF,DEF-0.25,archived,0.9503177977397005,0.9513029608112766,0.9660227722529907,265.82456693828607,1
MAIN,0.75,0.05,100,rate,COR-500,DIFF,DEF-0.25,separation-aware,0.9501839156049751,0.9513029608112766,0.9660227722529907,265.70790568827897,1
MAIN,0.75,0.05,100,rate,COR-500,DIFF,DEF-0.5,archived,0.9264968580212333,0.9229475767723389,0.9516014109083779,396.23433422438325,1
MAIN,0.75,0.05,100,rate,COR-500,DIFF,DEF-0.5,separation-aware,0.9254546052044064,0.9229475767723389,0.9516014109083779,395.71642773790387,1
MAIN,0.75,0.05,100,rate,COR-500,DIFF,DEF-0.75,archived,0.9261879161331342,0.9111784816283841,0.9589041821193883,777.8235509280024,1
MAIN,0.75,0.05,100,rate,COR-500,DIFF,DEF-0.75,separation-aware,0.921727512508693,0.9111784816283841,0.9589041821193883,774.8383323486432,1
MAIN,0.75,0.05,100,rate,COR-500,DIFF,RA-EST,archived,3.48693907788907,0.9256382802351593,1.023129423513962,21044.588695565173,1
MAIN,0.75,0.05,100,rate,COR-500,DIFF,RA-EST,separation-aware,0.9637556998734786,0.9256382802351593,1.0164303354252449,18509.960993184464,1
MAIN,0.75,0.05,100,rate,COR-500,DIFF,SRSWOR,archived,1.0013585240304,1.0,1.0022495044495079,,1
MAIN,0.75,0.05,100,rate,COR-500,DIFF,SRSWOR,separation-aware,1.0013585240304,1.0,1.0022495044495079,,1
MAIN,0.75,0.05,100,rate,COR-500,HT,DEF-0.0,archived,0.9999500000000002,0.9999500000000002,0.9999500000000002,200.0,1
MAIN,0.75,0.05,100,rate,COR-500,HT,DEF-0.0,separation-aware,0.9999500000000002,0.9999500000000002,0.9999500000000002,200.0,1
MAIN,0.75,0.05,100,rate,COR-500,HT,DEF-0.25,archived,0.9283013414237858,0.9273815849787909,0.9480729559378062,265.86761637390566,1
MAIN,0.75,0.05,100,rate,COR-500,HT,DEF-0.25,separation-aware,0.9283133440008079,0.9273815849787909,0.9480729559378062,265.76002698864204,1
MAIN,0.75,0.05,100,rate,COR-500,HT,DEF-0.5,archived,0.8988401988612417,0.8944075804152194,0.9264574359380738,396.4256940612342,1
MAIN,0.75,0.05,100,rate,COR-500,HT,DEF-0.5,separation-aware,0.8980189391367002,0.8944075804152194,0.9264574359380738,395.94771892738595,1
MAIN,0.75,0.05,100,rate,COR-500,HT,DEF-0.75,archived,0.8980460115925857,0.8844821316055347,0.9344354690334876,778.930704935958,1
MAIN,0.75,0.05,100,rate,COR-500,HT,DEF-0.75,separation-aware,0.8939290504122558,0.8844821316055347,0.9344354690334876,776.1698773107903,1
MAIN,0.75,0.05,100,rate,COR-500,HT,RA-EST,archived,3.4811349942174314,0.9013641407703896,1.0096767427766307,22181.969871314035,1
MAIN,0.75,0.05,100,rate,COR-500,HT,RA-EST,separation-aware,0.9404876508696444,0.9013641407703896,1.002317743199526,19576.062463141272,1
MAIN,0.75,0.05,400,dollars,COR-500,DIFF,DEF-0.0,archived,5.249533628147158,5.154966943191738,5.491326830932839,50.0,1
MAIN,0.75,0.05,400,dollars,COR-500,DIFF,DEF-0.0,separation-aware,5.249892061698579,5.154966943191738,5.491326830932839,50.0,1
MAIN,0.75,0.05,400,dollars,COR-500,DIFF,DEF-0.25,archived,1.8233542838581809,1.7932856043037362,1.9353259032193684,66.65726776736615,1
MAIN,0.75,0.05,400,dollars,COR-500,DIFF,DEF-0.25,separation-aware,1.814460789649691,1.7932856043037362,1.9353259032193684,66.65715205381086,1
MAIN,0.75,0.05,400,dollars,COR-500,DIFF,DEF-0.5,archived,1.2927413689071594,1.2592098270975676,1.3809591738303186,99.95771688196781,1
MAIN,0.75,0.05,400,dollars,COR-500,DIFF,DEF-0.5,separation-aware,1.2748406411042612,1.2592098270975676,1.3809591738303186,99.95719645995025,1
MAIN,0.75,0.05,400,dollars,COR-500,DIFF,DEF-0.75,archived,1.0831990172232753,1.0230310052580152,1.1275111761631744,199.74651576841813,1
MAIN,0.75,0.05,400,dollars,COR-500,DIFF,DEF-0.75,separation-aware,1.0428266402578672,1.0230310052580152,1.1275111761631744,199.74339842931718,1
MAIN,0.75,0.05,400,dollars,COR-500,DIFF,RA-EST,archived,4.390333711677422,0.9306991164479865,1.0227399721845067,118267.93103753318,1
MAIN,0.75,0.05,400,dollars,COR-500,DIFF,RA-EST,separation-aware,0.976721350712422,0.9306991164479865,1.0163358242625733,116763.03722854945,1
MAIN,0.75,0.05,400,dollars,COR-500,DIFF,SRSWOR,archived,5.249796117953056,5.155224704426958,5.49160141100339,,1
MAIN,0.75,0.05,400,dollars,COR-500,DIFF,SRSWOR,separation-aware,5.250154569427051,5.155224704426958,5.49160141100339,,1
MAIN,0.75,0.05,400,dollars,COR-500,HT,DEF-0.0,archived,5.620298249657192,5.620298249657192,5.620298249657192,50.0,1
MAIN,0.75,0.05,400,dollars,COR-500,HT,DEF-0.0,separation-aware,5.620298249657192,5.620298249657192,5.620298249657192,50.0,1
MAIN,0.75,0.05,400,dollars,COR-500,HT,DEF-0.25,archived,1.8171282052814215,1.7913361524789533,1.963557062608097,66.6581535736848,1
MAIN,0.75,0.05,400,dollars,COR-500,HT,DEF-0.25,separation-aware,1.8090446170578394,1.7913361524789533,1.963557062608097,66.65776497888666,1
MAIN,0.75,0.05,400,dollars,COR-500,HT,DEF-0.5,archived,1.264774783458592,1.2284384528666217,1.3638100697241486,99.96170086916287,1
MAIN,0.75,0.05,400,dollars,COR-500,HT,DEF-0.5,separation-aware,1.247865680820412,1.2284384528666217,1.3638100697241486,99.95995310104438,1
MAIN,0.75,0.05,400,dollars,COR-500,HT,DEF-0.75,archived,1.0486394397901442,0.9873092020832487,1.096094249638707,199.77038121142485,1
MAIN,0.75,0.05,400,dollars,COR-500,HT,DEF-0.75,separation-aware,1.0098979123869969,0.9873092020832487,1.096094249638707,199.75991092974797,1
MAIN,0.75,0.05,400,dollars,COR-500,HT,RA-EST,archived,4.416590328915154,0.9004444959020659,1.0035814195830108,130590.89256946447,1
MAIN,0.75,0.05,400,dollars,COR-500,HT,RA-EST,separation-aware,0.9470311996108487,0.9004444959020659,1.0004244415982624,124821.75014355272,1
MAIN,0.75,0.05,400,rate,COR-500,DIFF,DEF-0.0,archived,1.0036814377917538,1.001172183477197,1.0080532077677058,50.0,1
MAIN,0.75,0.05,400,rate,COR-500,DIFF,DEF-0.0,separation-aware,1.003702445395383,1.0012088204057155,1.0080532077677058,50.0,1
MAIN,0.75,0.05,400,rate,COR-500,DIFF,DEF-0.25,archived,0.9517866309225198,0.9522330522406428,0.969891520597179,66.45614173457152,1
MAIN,0.75,0.05,400,rate,COR-500,DIFF,DEF-0.25,separation-aware,0.9516717898355442,0.9522330522406428,0.969891520597179,66.42697642206974,1
MAIN,0.75,0.05,400,rate,COR-500,DIFF,DEF-0.5,archived,0.9275474051432606,0.9239644311903452,0.9548229950163685,99.05858355609581,1
MAIN,0.75,0.05,400,rate,COR-500,DIFF,DEF-0.5,separation-aware,0.926509536047584,0.9239644311903452,0.9548229950163685,98.92910693447597,1
MAIN,0.75,0.05,400,rate,COR-500,DIFF,DEF-0.75,archived,0.927238972859171,0.9124747453035447,0.9594429506359459,194.4558877320006,1
MAIN,0.75,0.05,400,rate,COR-500,DIFF,DEF-0.75,separation-aware,0.9227270950993001,0.9124747453035447,0.9594429506359459,193.7095830871608,1
MAIN,0.75,0.05,400,rate,COR-500,DIFF,RA-EST,archived,3.5301466838407562,0.9276213978951735,1.0286436693919194,5261.147173891293,1
MAIN,0.75,0.05,400,rate,COR-500,DIFF,RA-EST,separation-aware,0.9655285695813667,0.9276213978951735,1.020674452693534,4627.490248296116,1
MAIN,0.75,0.05,400,rate,COR-500,DIFF,SRSWOR,archived,1.0037316243729724,1.0012222445894263,1.0081036129483534,,1
MAIN,0.75,0.05,400,rate,COR-500,DIFF,SRSWOR,separation-aware,1.0037526330270343,1.0012588833498832,1.0081036129483534,,1
MAIN,0.75,0.05,400,rate,COR-500,HT,DEF-0.0,archived,1.0052587854646744,1.0052587854646744,1.0052587854646744,50.0,1
MAIN,0.75,0.05,400,rate,COR-500,HT,DEF-0.0,separation-aware,1.0052587854646744,1.0052587854646744,1.0052587854646744,50.0,1
MAIN,0.75,0.05,400,rate,COR-500,HT,DEF-0.25,archived,0.9322821802806988,0.9313388969329559,0.9524349649361668,66.46690409347642,1
MAIN,0.75,0.05,400,rate,COR-500,HT,DEF-0.25,separation-aware,0.9322939205822397,0.9313388969329559,0.9524349649361668,66.44000674716051,1
MAIN,0.75,0.05,400,rate,COR-500,HT,DEF-0.5,archived,0.9023409980751153,0.8978303249123754,0.930472419416719,99.10642351530855,1
MAIN,0.75,0.05,400,rate,COR-500,HT,DEF-0.5,separation-aware,0.9015020415140174,0.8978303249123754,0.930472419416719,98.98692973184649,1
MAIN,0.75,0.05,400,rate,COR-500,HT,DEF-0.75,archived,0.9016350710513966,0.8877916889296005,0.9387210501125368,194.7326762339895,1
MAIN,0.75,0.05,400,rate,COR-500,HT,DEF-0.75,separation-aware,0.8974323382478694,0.8877916889296005,0.9387210501125368,194.04246932769757,1
MAIN,0.75,0.05,400,rate,COR-500,HT,RA-EST,archived,3.5382645461114026,0.9052073081708785,1.0158059082394164,5545.492467828509,1
MAIN,0.75,0.05,400,rate,COR-500,HT,RA-EST,separation-aware,0.9450347603928254,0.9052073081708785,1.0080893227687346,4894.015615785318,1
STRATCAP,0.0,0.05,100,dollars,STRAT-2000,DIFF,DEF-0.0,archived,3.8185673629890964,3.8013806219236637,3.891751414352743,200.0,22
STRATCAP,0.0,0.05,100,dollars,STRAT-2000,DIFF,DEF-0.0,separation-aware,3.8044183555265647,3.791734243794737,3.846520213917797,200.0,22
STRATCAP,0.0,0.05,100,dollars,STRAT-2000,DIFF,DEF-0.25,archived,2.005286578309493,1.7280160343593982,4.131557066944209,266.40810611479753,22
STRATCAP,0.0,0.05,100,dollars,STRAT-2000,DIFF,DEF-0.25,separation-aware,1.7349033100658215,1.7071591072576693,1.8620813580018483,266.40185706396704,22
STRATCAP,0.0,0.05,100,dollars,STRAT-2000,DIFF,DEF-0.5,archived,1.7726672116681188,1.3011914907922912,5.50132462690746,398.8387294572657,22
STRATCAP,0.0,0.05,100,dollars,STRAT-2000,DIFF,DEF-0.5,separation-aware,1.3053223467296025,1.287053761062658,1.3802895331123854,398.8107187921339,22
STRATCAP,0.0,0.05,100,dollars,STRAT-2000,DIFF,DEF-0.75,archived,2.089901093298263,1.1068511581328186,9.981116130905773,793.0725996738764,22
STRATCAP,0.0,0.05,100,dollars,STRAT-2000,DIFF,DEF-0.75,separation-aware,1.1082608916509264,1.095979114955663,1.1530530981411613,792.9064937303107,22
STRATCAP,0.0,0.05,100,dollars,STRAT-2000,DIFF,RA-EST,archived,42.533854398395476,1.0309139605778432,344.70877003425085,68690.06330210801,22
STRATCAP,0.0,0.05,100,dollars,STRAT-2000,DIFF,RA-EST,separation-aware,1.0270117234966816,1.0232715520978637,1.0534695771264038,67067.6977427907,22
STRATCAP,0.0,0.05,100,dollars,STRAT-2000,DIFF,SRSWOR,archived,3.818758300904142,3.801570700458687,3.8919460116533253,,22
STRATCAP,0.0,0.05,100,dollars,STRAT-2000,DIFF,SRSWOR,separation-aware,3.804608585955862,3.791923839986736,3.8467125495452743,,22
STRATCAP,0.0,0.05,100,dollars,STRAT-2000,HT,DEF-0.0,archived,3.910100735446701,3.910100735446701,3.910100735446701,200.0,22
STRATCAP,0.0,0.05,100,dollars,STRAT-2000,HT,DEF-0.0,separation-aware,3.910100735446701,3.910100735446701,3.910100735446701,200.0,22
STRATCAP,0.0,0.05,100,dollars,STRAT-2000,HT,DEF-0.25,archived,2.0269996767850422,1.7603751245334758,4.1103654179422655,266.4148439298438,22
STRATCAP,0.0,0.05,100,dollars,STRAT-2000,HT,DEF-0.25,separation-aware,1.761242290275486,1.7370626874279211,1.8971278618018856,266.40372360208596,22
STRATCAP,0.0,0.05,100,dollars,STRAT-2000,HT,DEF-0.5,archived,1.7790583716884987,1.3105554599338172,5.483508818772227,398.8689338958668,22
STRATCAP,0.0,0.05,100,dollars,STRAT-2000,HT,DEF-0.5,separation-aware,1.314667085782017,1.2970811335132155,1.3953340272829344,398.8190850653653,22
STRATCAP,0.0,0.05,100,dollars,STRAT-2000,HT,DEF-0.75,archived,2.0898266549607083,1.1086435432614015,9.973223128312858,793.2517668702839,22
STRATCAP,0.0,0.05,100,dollars,STRAT-2000,HT,DEF-0.75,separation-aware,1.1098909332357478,1.0981683387852064,1.155788444679306,792.9561017137669,22
STRATCAP,0.0,0.05,100,dollars,STRAT-2000,HT,RA-EST,archived,43.71855158502317,1.0292948832820814,352.4857689177714,70529.74162283911,22
STRATCAP,0.0,0.05,100,dollars,STRAT-2000,HT,RA-EST,separation-aware,1.0260845661383007,1.022207958932178,1.0521464346387832,67544.24503017953,22
STRATCAP,0.0,0.05,100,rate,STRAT-2000,DIFF,DEF-0.0,archived,1.0017664752084439,1.0015082215292046,1.0032628486807906,200.0,22
STRATCAP,0.0,0.05,100,rate,STRAT-2000,DIFF,DEF-0.0,separation-aware,1.0014489697945665,1.0011856808741801,1.003093861253169,200.0,22
STRATCAP,0.0,0.05,100,rate,STRAT-2000,DIFF,DEF-0.25,archived,1.0025011091013403,1.0019536390650101,1.0049658895388296,266.6217318026654,22
STRATCAP,0.0,0.05,100,rate,STRAT-2000,DIFF,DEF-0.25,separation-aware,1.0018918644388466,1.0015755569013063,1.0040138866932145,219.63186781915311,22
STRATCAP,0.0,0.05,100,rate,STRAT-2000,DIFF,DEF-0.5,archived,1.0051488975306513,1.0034073064031848,1.0146554590286854,399.79786123533773,22
STRATCAP,0.0,0.05,100,rate,STRAT-2000,DIFF,DEF-0.5,separation-aware,1.003287823156507,1.0026762789703083,1.0071916502184703,243.5373336529761,22
STRATCAP,0.0,0.05,100,rate,STRAT-2000,DIFF,DEF-0.75,archived,1.0124261503948175,1.0057498000498062,1.0568257845512856,798.7883919814167,22
STRATCAP,0.0,0.05,100,rate,STRAT-2000,DIFF,DEF-0.75,separation-aware,1.005777558693528,1.0043710147502287,1.0119526342208183,273.2822946850744,22
STRATCAP,0.0,0.05,100,rate,STRAT-2000,DIFF,RA-EST,archived,6.4891130007430196,1.0091720045647912,47.51781826008035,395569.24199771654,22
STRATCAP,0.0,0.05,100,rate,STRAT-2000,DIFF,RA-EST,separation-aware,1.0096283514563582,1.007275335438195,1.0190525575675253,311.3041038685769,22
STRATCAP,0.0,0.05,100,rate,STRAT-2000,DIFF,SRSWOR,archived,1.0018165660367457,1.001558299444177,1.0033130143315072,,22
STRATCAP,0.0,0.05,100,rate,STRAT-2000,DIFF,SRSWOR,separation-aware,1.001499044746804,1.0012357426613132,1.0031440184540916,,22
STRATCAP,0.0,0.05,100,rate,STRAT-2000,HT,DEF-0.0,archived,0.99995,0.9999500000000001,0.9999500000000001,200.0,22
STRATCAP,0.0,0.05,100,rate,STRAT-2000,HT,DEF-0.0,separation-aware,0.99995,0.9999500000000001,0.9999500000000001,200.0,22
STRATCAP,0.0,0.05,100,rate,STRAT-2000,HT,DEF-0.25,archived,1.0007384842309035,1.000477664897077,1.0021088233841007,266.62272317457325,22
STRATCAP,0.0,0.05,100,rate,STRAT-2000,HT,DEF-0.25,separation-aware,1.0004628379915355,1.0003648211293963,1.0010151416491864,220.27774643838418,22
STRATCAP,0.0,0.05,100,rate,STRAT-2000,HT,DEF-0.5,archived,1.0035851190372358,1.002102230291016,1.012382022156512,399.80231943665336,22
STRATCAP,0.0,0.05,100,rate,STRAT-2000,HT,DEF-0.5,separation-aware,1.0020591849036748,1.0016048838458451,1.0043132435132405,245.13129796081793,22
STRATCAP,0.0,0.05,100,rate,STRAT-2000,HT,DEF-0.75,archived,1.0112214025219581,1.0048354935000972,1.054291658408907,798.81508779527,22
STRATCAP,0.0,0.05,100,rate,STRAT-2000,HT,DEF-0.75,separation-aware,1.0048958871601763,1.0037698939695752,1.0100087532377084,276.3064722879854,22
STRATCAP,0.0,0.05,100,rate,STRAT-2000,HT,RA-EST,archived,6.634104826329904,1.008765524476361,48.56608432712305,404494.96768948267,22
STRATCAP,0.0,0.05,100,rate,STRAT-2000,HT,RA-EST,separation-aware,1.009279276843404,1.0070030376315493,1.0185556355701677,316.5666073862179,22
STRATCAP,0.0,0.05,400,dollars,STRAT-2000,DIFF,DEF-0.0,archived,3.987190361020814,3.9692446756892834,4.063606125478919,50.0,22
STRATCAP,0.0,0.05,400,dollars,STRAT-2000,DIFF,DEF-0.0,separation-aware,3.9724165516808476,3.9591723259732072,4.016377573708539,50.0,22
STRATCAP,0.0,0.05,400,dollars,STRAT-2000,DIFF,DEF-0.25,archived,2.0649372075377723,1.7716025899078405,4.317912688917963,66.60202652869938,22
STRATCAP,0.0,0.05,400,dollars,STRAT-2000,DIFF,DEF-0.25,separation-aware,1.7785233105200826,1.7480374076818004,1.9133469111376953,66.60046426599176,22
STRATCAP,0.0,0.05,400,dollars,STRAT-2000,DIFF,DEF-0.5,archived,1.8183864781576846,1.318948560337113,5.770005989289356,99.70968236431642,22
STRATCAP,0.0,0.05,400,dollars,STRAT-2000,DIFF,DEF-0.5,separation-aware,1.3231700328806164,1.3038426265553178,1.402546686993607,99.70267969803348,22
STRATCAP,0.0,0.05,400,dollars,STRAT-2000,DIFF,DEF-0.75,archived,2.1547469764617655,1.1124321088763982,10.519252067500306,198.2681499184691,22
STRATCAP,0.0,0.05,400,dollars,STRAT-2000,DIFF,DEF-0.75,separation-aware,1.1143098153777788,1.1012950400187589,1.1615817272493534,198.22662343257767,22
STRATCAP,0.0,0.05,400,dollars,STRAT-2000,DIFF,RA-EST,archived,45.03106569660092,1.0321521364169923,365.3776174865506,17172.515825527003,22
STRATCAP,0.0,0.05,400,dollars,STRAT-2000,DIFF,RA-EST,separation-aware,1.0282159215978102,1.0244150742989144,1.0564153871426618,16766.924435697674,22
STRATCAP,0.0,0.05,400,dollars,STRAT-2000,DIFF,SRSWOR,archived,3.98738973050734,3.9694431478466767,4.063809315944717,,22
STRATCAP,0.0,0.05,400,dollars,STRAT-2000,DIFF,SRSWOR,separation-aware,3.97261518243997,3.9593702944879325,4.016578402628671,,22
STRATCAP,0.0,0.05,400,dollars,STRAT-2000,HT,DEF-0.0,archived,4.0827657288700285,4.0827657288700285,4.0827657288700285,50.0,22
STRATCAP,0.0,0.05,400,dollars,STRAT-2000,HT,DEF-0.0,separation-aware,4.0827657288700285,4.0827657288700285,4.0827657288700285,50.0,22
STRATCAP,0.0,0.05,400,dollars,STRAT-2000,HT,DEF-0.25,archived,2.0873535102251,1.8047373072886819,4.29542274586146,66.60371098246095,22
STRATCAP,0.0,0.05,400,dollars,STRAT-2000,HT,DEF-0.25,separation-aware,1.805692353585496,1.780083422942377,1.9495691927551118,66.60093090052149,22
STRATCAP,0.0,0.05,400,dollars,STRAT-2000,HT,DEF-0.5,archived,1.8251408311768318,1.3286944510323733,5.751293936020886,99.7172334739667,22
STRATCAP,0.0,0.05,400,dollars,STRAT-2000,HT,DEF-0.5,separation-aware,1.3329638261148355,1.3144173695816823,1.418217363489255,99.70477126634133,22
STRATCAP,0.0,0.05,400,dollars,STRAT-2000,HT,DEF-0.75,archived,2.1549617765504796,1.1150293328983667,10.510979264793098,198.31294171757096,22
STRATCAP,0.0,0.05,400,dollars,STRAT-2000,HT,DEF-0.75,separation-aware,1.1162851373291505,1.1039156957210818,1.164732956639204,198.23902542844172,22
STRATCAP,0.0,0.05,400,dollars,STRAT-2000,HT,RA-EST,archived,46.28733992873119,1.030940272201808,373.62236850221353,17632.435405709777,22
STRATCAP,0.0,0.05,400,dollars,STRAT-2000,HT,RA-EST,separation-aware,1.0275458469771588,1.0234881878610085,1.0551815445292085,16886.061257544883,22
STRATCAP,0.0,0.05,400,rate,STRAT-2000,DIFF,DEF-0.0,archived,1.0017664752084436,1.0015082215292046,1.0032628486807906,50.0,22
STRATCAP,0.0,0.05,400,rate,STRAT-2000,DIFF,DEF-0.0,separation-aware,1.0014489697945665,1.0011856808741797,1.0030938612531688,50.0,22
STRATCAP,0.0,0.05,400,rate,STRAT-2000,DIFF,DEF-0.25,archived,1.0025122817684042,1.0019610199717213,1.0050027870617708,66.65543295066635,22
STRATCAP,0.0,0.05,400,rate,STRAT-2000,DIFF,DEF-0.25,separation-aware,1.0018986119509448,1.001582754335383,1.004033893500929,54.90796695478828,22
STRATCAP,0.0,0.05,400,rate,STRAT-2000,DIFF,DEF-0.5,archived,1.0052005122320444,1.003436556813099,1.0148540882954515,99.94946530883443,22
STRATCAP,0.0,0.05,400,rate,STRAT-2000,DIFF,DEF-0.5,separation-aware,1.0033158967449602,1.0026986563747258,1.0072577867089114,60.88433341324402,22
STRATCAP,0.0,0.05,400,rate,STRAT-2000,DIFF,DEF-0.75,archived,1.012589052635949,1.0058088886686583,1.057669339031,199.69709799535417,22
STRATCAP,0.0,0.05,400,rate,STRAT-2000,DIFF,DEF-0.75,separation-aware,1.0058436906735955,1.0044199488573469,1.0120854714007432,68.3205736712686,22
STRATCAP,0.0,0.05,400,rate,STRAT-2000,DIFF,RA-EST,archived,6.5731026298636435,1.0092891865616165,48.229789280111014,98892.31049942914,22
STRATCAP,0.0,0.05,400,rate,STRAT-2000,DIFF,RA-EST,separation-aware,1.009753365151977,1.007369192391407,1.0193150860098512,77.82602596714422,22
STRATCAP,0.0,0.05,400,rate,STRAT-2000,DIFF,SRSWOR,archived,1.0018165660367457,1.0015582994441772,1.0033130143315072,,22
STRATCAP,0.0,0.05,400,rate,STRAT-2000,DIFF,SRSWOR,separation-aware,1.001499044746804,1.0012357426613128,1.0031440184540916,,22
STRATCAP,0.0,0.05,400,rate,STRAT-2000,HT,DEF-0.0,archived,0.9999499999999999,0.9999499999999999,0.9999499999999999,50.0,22
STRATCAP,0.0,0.05,400,rate,STRAT-2000,HT,DEF-0.0,separation-aware,0.9999499999999999,0.9999499999999999,0.9999499999999999,50.0,22
STRATCAP,0.0,0.05,400,rate,STRAT-2000,HT,DEF-0.25,archived,1.0007499972230007,1.0004853473611846,1.0021405677754371,66.65568079364331,22
STRATCAP,0.0,0.05,400,rate,STRAT-2000,HT,DEF-0.25,separation-aware,1.0004703029210644,1.000370843353731,1.0010306773560695,55.069436609596046,22
STRATCAP,0.0,0.05,400,rate,STRAT-2000,HT,DEF-0.5,archived,1.0036385358382756,1.0021336837020485,1.0125672850036995,99.95057985916334,22
STRATCAP,0.0,0.05,400,rate,STRAT-2000,HT,DEF-0.5,separation-aware,1.0020899297245902,1.0016289823578886,1.0043765045531408,61.28282449020448,22
STRATCAP,0.0,0.05,400,rate,STRAT-2000,HT,DEF-0.75,archived,1.0113889219939114,1.0049065613088703,1.0551121140249355,199.7037719488175,22
STRATCAP,0.0,0.05,400,rate,STRAT-2000,HT,DEF-0.75,separation-aware,1.004968127259166,1.003825760406288,1.010155386086697,69.07661807199635,22
STRATCAP,0.0,0.05,400,rate,STRAT-2000,HT,RA-EST,archived,6.720332995697129,1.0088942871226378,49.29411374095805,101123.74192237067,22
STRATCAP,0.0,0.05,400,rate,STRAT-2000,HT,RA-EST,separation-aware,1.0094159158870744,1.0071058996056368,1.0188279112289587,79.14165184655448,22
STRATCAP,0.75,0.7,100,dollars,STRAT-2000,DIFF,DEF-0.0,archived,1.7629006616259262,1.7583734678119216,1.7737583268312704,200.0,47
STRATCAP,0.75,0.7,100,dollars,STRAT-2000,DIFF,DEF-0.0,separation-aware,2.0638255249143516,1.7583734678119216,3.053088484011068,200.0,47
STRATCAP,0.75,0.7,100,dollars,STRAT-2000,DIFF,DEF-0.25,archived,1.3485181375544826,1.2518772562221463,1.6972764561814344,266.50424934366697,47
STRATCAP,0.75,0.7,100,dollars,STRAT-2000,DIFF,DEF-0.25,separation-aware,1.2957142764036247,1.2518772562221463,1.4756621748451806,266.377280717734,47
STRATCAP,0.75,0.7,100,dollars,STRAT-2000,DIFF,DEF-0.5,archived,1.2558498035057701,1.0547454246762267,1.9232904395064838,399.27001126808796,47
STRATCAP,0.75,0.7,100,dollars,STRAT-2000,DIFF,DEF-0.5,separation-aware,1.0726107963893028,1.0547454246762267,1.1475712614853195,398.7005834764307,47
STRATCAP,0.75,0.7,100,dollars,STRAT-2000,DIFF,DEF-0.75,archived,1.4092782366857617,0.9465115756675984,2.9131263957793454,795.6359959856751,47
STRATCAP,0.75,0.7,100,dollars,STRAT-2000,DIFF,DEF-0.75,separation-aware,0.9619393747888316,0.9465115756675984,1.0138899114139903,792.2538283755999,47
STRATCAP,0.75,0.7,100,dollars,STRAT-2000,DIFF,RA-EST,archived,34.44715916189282,0.9007148168288894,145.19903605746654,109390.79058447643,47
STRATCAP,0.75,0.7,100,dollars,STRAT-2000,DIFF,RA-EST,separation-aware,0.9254380879178506,0.9007148168288894,1.0,61366.09412681075,47
STRATCAP,0.75,0.7,100,dollars,STRAT-2000,DIFF,SRSWOR,archived,1.7629888110664793,1.7584613908814655,1.7738470191822295,,47
STRATCAP,0.75,0.7,100,dollars,STRAT-2000,DIFF,SRSWOR,separation-aware,2.063928721350419,1.7584613908814655,3.0532411460683715,,47
STRATCAP,0.75,0.7,100,dollars,STRAT-2000,HT,DEF-0.0,archived,20.38533619538083,20.38533619538083,20.38533619538083,200.0,47
STRATCAP,0.75,0.7,100,dollars,STRAT-2000,HT,DEF-0.0,separation-aware,20.38533619538083,20.38533619538083,20.38533619538083,200.0,47
STRATCAP,0.75,0.7,100,dollars,STRAT-2000,HT,DEF-0.25,archived,5.619146445066297,5.616264249307792,5.656333083618759,266.42070159408325,47
STRATCAP,0.75,0.7,100,dollars,STRAT-2000,HT,DEF-0.25,separation-aware,5.7094172323761745,5.636107860499246,5.979010429186605,266.42020591714413,47
STRATCAP,0.75,0.7,100,dollars,STRAT-2000,HT,DEF-0.5,archived,2.766112673910091,2.7649655203568715,2.7879326576067585,398.8951952487779,47
STRATCAP,0.75,0.7,100,dollars,STRAT-2000,HT,DEF-0.5,separation-aware,2.8303573767852948,2.775993483555581,3.02816540966606,398.892972917595,47
STRATCAP,0.75,0.7,100,dollars,STRAT-2000,HT,DEF-0.75,archived,1.4866925090133711,1.4861317238096952,1.4983267254028434,793.4075881332649,47
STRATCAP,0.75,0.7,100,dollars,STRAT-2000,HT,DEF-0.75,separation-aware,1.5279530952806553,1.4917505020011395,1.6574754833481895,793.3944003940966,47
STRATCAP,0.75,0.7,100,dollars,STRAT-2000,HT,RA-EST,archived,0.9639800938534134,0.9638492109158414,0.9648085409917654,72210.98642791397,47
STRATCAP,0.75,0.7,100,dollars,STRAT-2000,HT,RA-EST,separation-aware,0.9723878063204839,0.9639878796497177,0.9999999999999983,72065.62184252904,47
STRATCAP,0.75,0.7,100,rate,STRAT-2000,DIFF,DEF-0.0,archived,1.0067800750904938,1.0065471480625567,1.0080321717685283,200.0,47
STRATCAP,0.75,0.7,100,rate,STRAT-2000,DIFF,DEF-0.0,separation-aware,1.0222969498847128,1.0068645765036806,1.0729577526569967,200.0,47
STRATCAP,0.75,0.7,100,rate,STRAT-2000,DIFF,DEF-0.25,archived,0.9933333903463195,0.9932283615771313,0.9958491328418677,266.6461397902644,47
STRATCAP,0.75,0.7,100,rate,STRAT-2000,DIFF,DEF-0.25,separation-aware,1.0123478458377142,0.9938735523177369,1.0729577526569967,241.28714462142312,47
STRATCAP,0.75,0.7,100,rate,STRAT-2000,DIFF,DEF-0.5,archived,0.98295235116646,0.9827450052897753,0.9864482270104147,399.9076432746532,47
STRATCAP,0.75,0.7,100,rate,STRAT-2000,DIFF,DEF-0.5,separation-aware,1.0045515200354425,0.9839403754882912,1.0729577526569967,304.0549489992666,47
STRATCAP,0.75,0.7,100,rate,STRAT-2000,DIFF,DEF-0.75,archived,0.9771839489665609,0.97682550145176,0.9805378926260727,799.4461154227565,47
STRATCAP,0.75,0.7,100,rate,STRAT-2000,DIFF,DEF-0.75,separation-aware,0.999533306663076,0.9773747035496061,1.0729577526569967,410.96136304076566,47
STRATCAP,0.75,0.7,100,rate,STRAT-2000,DIFF,RA-EST,archived,4.379579873305209,0.9761550326635129,15.520817629353957,866006.5744165131,47
STRATCAP,0.75,0.7,100,rate,STRAT-2000,DIFF,RA-EST,separation-aware,0.9989287068591378,0.9761550326635129,1.0729577526569967,633.8106586658723,47
STRATCAP,0.75,0.7,100,rate,STRAT-2000,DIFF,SRSWOR,archived,1.0068304166113247,1.0065974779364535,1.008082575897323,,47
STRATCAP,0.75,0.7,100,rate,STRAT-2000,DIFF,SRSWOR,separation-aware,1.022348067288077,1.006914922249793,1.0730114032271578,,47
STRATCAP,0.75,0.7,100,rate,STRAT-2000,HT,DEF-0.0,archived,1.0729577526569976,1.0729577526569976,1.0729577526569976,200.0,47
STRATCAP,0.75,0.7,100,rate,STRAT-2000,HT,DEF-0.0,separation-aware,1.0729577526569976,1.0729577526569976,1.0729577526569976,200.0,47
STRATCAP,0.75,0.7,100,rate,STRAT-2000,HT,DEF-0.25,archived,1.0629084255036743,1.062948190072388,1.06385607072231,203.22078799318942,47
STRATCAP,0.75,0.7,100,rate,STRAT-2000,HT,DEF-0.25,separation-aware,1.0652865002775598,1.0632481838894385,1.0729577526569976,203.17263062989636,47
STRATCAP,0.75,0.7,100,rate,STRAT-2000,HT,DEF-0.5,archived,1.0560161968994148,1.0560268038260656,1.0572737027210195,206.54700977994167,47
STRATCAP,0.75,0.7,100,rate,STRAT-2000,HT,DEF-0.5,separation-aware,1.060017226690377,1.0564229450040918,1.0729577526569976,206.44753962046252,47
STRATCAP,0.75,0.7,100,rate,STRAT-2000,HT,DEF-0.75,archived,1.0520965387991073,1.052055144764652,1.0530502954969558,209.98392869495078,47
STRATCAP,0.75,0.7,100,rate,STRAT-2000,HT,DEF-0.75,separation-aware,1.0570100569386225,1.0523442305748352,1.0729577526569976,209.82975383250312,47
STRATCAP,0.75,0.7,100,rate,STRAT-2000,HT,RA-EST,archived,1.0509970272283236,1.050903446890212,1.051407031125164,213.53716433831394,47
STRATCAP,0.75,0.7,100,rate,STRAT-2000,HT,RA-EST,separation-aware,1.0561492847799574,1.0510278611313608,1.0729577526569976,213.3246350327907,47
STRATCAP,0.75,0.7,400,dollars,STRAT-2000,DIFF,DEF-0.0,archived,1.783627086754158,1.7788843335206381,1.794937401056498,50.0,47
STRATCAP,0.75,0.7,400,dollars,STRAT-2000,DIFF,DEF-0.0,separation-aware,2.09037879896168,1.7788843335206381,3.098820126248516,50.0,47
STRATCAP,0.75,0.7,400,dollars,STRAT-2000,DIFF,DEF-0.25,archived,1.3579712844881593,1.258724845452436,1.71613443227649,66.62606233591674,47
STRATCAP,0.75,0.7,400,dollars,STRAT-2000,DIFF,DEF-0.25,separation-aware,1.301402714105154,1.258724845452436,1.4786237486748446,66.5943201794335,47
STRATCAP,0.75,0.7,400,dollars,STRAT-2000,DIFF,DEF-0.5,archived,1.2627957494921007,1.056234470359052,1.9484884719360474,99.81750281702199,47
STRATCAP,0.75,0.7,400,dollars,STRAT-2000,DIFF,DEF-0.5,separation-aware,1.073048826142987,1.056234470359052,1.145789344196866,99.67514586910768,47
STRATCAP,0.75,0.7,400,dollars,STRAT-2000,DIFF,DEF-0.75,archived,1.420425941855318,0.9450295419205503,2.9649925740182113,198.90899899641877,47
STRATCAP,0.75,0.7,400,dollars,STRAT-2000,DIFF,DEF-0.75,separation-aware,0.9601662113458008,0.9450295419205503,1.0110778727978906,198.06345709389998,47
STRATCAP,0.75,0.7,400,dollars,STRAT-2000,DIFF,RA-EST,archived,35.35999774240576,0.8979931094505196,149.12978454558208,27347.697646119108,47
STRATCAP,0.75,0.7,400,dollars,STRAT-2000,DIFF,RA-EST,separation-aware,0.9234102087826301,0.8979931094505196,1.0,15341.523531702687,47
STRATCAP,0.75,0.7,400,dollars,STRAT-2000,DIFF,SRSWOR,archived,1.7837162725677864,1.7789732821847473,1.795027152414119,,47
STRATCAP,0.75,0.7,400,dollars,STRAT-2000,DIFF,SRSWOR,separation-aware,2.0904833231278364,1.7789732821847473,3.098975075002265,,47
STRATCAP,0.75,0.7,400,dollars,STRAT-2000,HT,DEF-0.0,archived,20.690684339288033,20.69068433928803,20.69068433928803,50.0,47
STRATCAP,0.75,0.7,400,dollars,STRAT-2000,HT,DEF-0.0,separation-aware,20.690684339288033,20.69068433928803,20.69068433928803,50.0,47
STRATCAP,0.75,0.7,400,dollars,STRAT-2000,HT,DEF-0.25,archived,5.593543541685381,5.590811751339141,5.630951599462285,66.60517539852081,47
STRATCAP,0.75,0.7,400,dollars,STRAT-2000,HT,DEF-0.25,separation-aware,5.684509272431909,5.610555097270562,5.956389917561633,66.60505147928603,47
STRATCAP,0.75,0.7,400,dollars,STRAT-2000,HT,DEF-0.5,archived,2.741310072798264,2.740032015783669,2.7623887459661978,99.72379881219447,47
STRATCAP,0.75,0.7,400,dollars,STRAT-2000,HT,DEF-0.5,separation-aware,2.8045586741159254,2.7510484892646003,2.9998571171499933,99.72324322939875,47
STRATCAP,0.75,0.7,400,dollars,STRAT-2000,HT,DEF-0.75,archived,1.4802136816405869,1.4798304972642455,1.491767499335153,198.35189703331622,47
STRATCAP,0.75,0.7,400,dollars,STRAT-2000,HT,DEF-0.75,separation-aware,1.5200165160547723,1.4850751299549634,1.6455940639442352,198.34860009852414,47
STRATCAP,0.75,0.7,400,dollars,STRAT-2000,HT,RA-EST,archived,0.9677850401969149,0.9676388799203517,0.9686726195240151,18052.746606978493,47
STRATCAP,0.75,0.7,400,dollars,STRAT-2000,HT,RA-EST,separation-aware,0.9752218998351259,0.9678024469918092,0.9999999999999991,18016.40546063226,47
STRATCAP,0.75,0.7,400,rate,STRAT-2000,DIFF,DEF-0.0,archived,1.000573519946834,1.0002512000460908,1.0017269349352658,50.0,47
STRATCAP,0.75,0.7,400,rate,STRAT-2000,DIFF,DEF-0.0,separation-aware,1.0159774325674018,1.0005666429737017,1.066246406598747,50.0,47
STRATCAP,0.75,0.7,400,rate,STRAT-2000,DIFF,DEF-0.25,archived,0.9870054560751,0.9869022703983251,0.9894549645479492,66.6615349475661,47
STRATCAP,0.75,0.7,400,rate,STRAT-2000,DIFF,DEF-0.25,separation-aware,1.0059384601520127,0.987667786216158,1.066246406598747,60.32178615535578,47
STRATCAP,0.75,0.7,400,rate,STRAT-2000,DIFF,DEF-0.5,archived,0.976530710886486,0.9763447735024928,0.9799807657971453,99.9769108186633,47
STRATCAP,0.75,0.7,400,rate,STRAT-2000,DIFF,DEF-0.5,separation-aware,0.9980717179009918,0.977598458578375,1.066246406598747,76.01373724981666,47
STRATCAP,0.75,0.7,400,rate,STRAT-2000,DIFF,DEF-0.75,archived,0.9707102491600128,0.9702890980269633,0.9739951678901719,199.86152885568913,47
STRATCAP,0.75,0.7,400,rate,STRAT-2000,DIFF,DEF-0.75,separation-aware,0.9930081986084811,0.9709288333831649,1.066246406598747,102.74034076019142,47
STRATCAP,0.75,0.7,400,rate,STRAT-2000,DIFF,RA-EST,archived,4.40380724030994,0.9696109286860078,15.644497559837339,216501.64360412827,47
STRATCAP,0.75,0.7,400,rate,STRAT-2000,DIFF,RA-EST,separation-aware,0.9923981991260526,0.9696109286860078,1.066246406598747,158.45266466646808,47
STRATCAP,0.75,0.7,400,rate,STRAT-2000,DIFF,SRSWOR,archived,1.0006235511243902,1.0003012151068464,1.0017770237864552,,47
STRATCAP,0.75,0.7,400,rate,STRAT-2000,DIFF,SRSWOR,separation-aware,1.0160282339791007,1.0006166738073923,1.0662997215848262,,47
STRATCAP,0.75,0.7,400,rate,STRAT-2000,HT,DEF-0.0,archived,1.0662464065987476,1.0662464065987476,1.0662464065987476,50.0,47
STRATCAP,0.75,0.7,400,rate,STRAT-2000,HT,DEF-0.0,separation-aware,1.0662464065987476,1.0662464065987476,1.0662464065987476,50.0,47
STRATCAP,0.75,0.7,400,rate,STRAT-2000,HT,DEF-0.25,archived,1.0563412081133638,1.0563798817495447,1.05727334238414,50.805196998297355,47
STRATCAP,0.75,0.7,400,rate,STRAT-2000,HT,DEF-0.25,separation-aware,1.058685122799644,1.0566751278284923,1.0662464065987476,50.79315765747409,47
STRATCAP,0.75,0.7,400,rate,STRAT-2000,HT,DEF-0.5,archived,1.0495904217583278,1.0495993736985727,1.0508173833358914,51.63675244498542,47
STRATCAP,0.75,0.7,400,rate,STRAT-2000,HT,DEF-0.5,separation-aware,1.053523778093696,1.0499854552296781,1.0662464065987476,51.61188490511563,47
STRATCAP,0.75,0.7,400,rate,STRAT-2000,HT,DEF-0.75,archived,1.0458078767796475,1.0457714408779768,1.0467182113574427,52.495982173737694,47
STRATCAP,0.75,0.7,400,rate,STRAT-2000,HT,DEF-0.75,separation-aware,1.050621252347429,1.0460421669808797,1.0662464065987476,52.45743845812578,47
STRATCAP,0.75,0.7,400,rate,STRAT-2000,HT,RA-EST,archived,1.0448397900407578,1.04475781053829,1.045247457712941,53.384291084578486,47
STRATCAP,0.75,0.7,400,rate,STRAT-2000,HT,RA-EST,separation-aware,1.04986080758821,1.044847324873951,1.0662464065987476,53.331158758197674,47
STRATCAP,1.5,0.7,100,dollars,STRAT-2000,DIFF,DEF-0.0,archived,1.6495127851635203,0.9999500000000002,3.212775387684169,200.0,127
STRATCAP,1.5,0.7,100,dollars,STRAT-2000,DIFF,DEF-0.0,separation-aware,3.041485552646939,3.1692904051793254,3.3987826029649075,200.0,127
STRATCAP,1.5,0.7,100,dollars,STRAT-2000,DIFF,DEF-0.25,archived,1.0702937434330781,0.9129485763001035,1.4586041894508428,266.47320001380524,127
STRATCAP,1.5,0.7,100,dollars,STRAT-2000,DIFF,DEF-0.25,separation-aware,1.4138290856361129,1.4463274987510388,1.5109899042970856,266.377280717734,127
STRATCAP,1.5,0.7,100,dollars,STRAT-2000,DIFF,DEF-0.5,archived,0.9459003135853628,0.8798821985050216,1.1125693804871672,399.1306614852207,127
STRATCAP,1.5,0.7,100,dollars,STRAT-2000,DIFF,DEF-0.5,separation-aware,1.0907517836055551,1.106901453296476,1.1366792193348625,398.7005834764307,127
STRATCAP,1.5,0.7,100,dollars,STRAT-2000,DIFF,DEF-0.75,archived,0.9531565609116283,0.9402224895401683,0.9899177690746479,794.8065435014742,127
STRATCAP,1.5,0.7,100,dollars,STRAT-2000,DIFF,DEF-0.75,separation-aware,0.9692534510540639,0.9803550863926644,0.9924443629498314,792.2538283755999,127
STRATCAP,1.5,0.7,100,dollars,STRAT-2000,DIFF,RA-EST,archived,11.345600395737215,11.674129836965534,12.977526324123266,91824.94675474748,127
STRATCAP,1.5,0.7,100,dollars,STRAT-2000,DIFF,RA-EST,separation-aware,0.9865524925502008,1.0,1.0,61366.09412681075,127
STRATCAP,1.5,0.7,100,dollars,STRAT-2000,DIFF,SRSWOR,archived,1.6495952649267667,1.0,3.2129360344858933,,127
STRATCAP,1.5,0.7,100,dollars,STRAT-2000,DIFF,SRSWOR,separation-aware,3.0416376345286653,3.169448877623207,3.3989525505924365,,127
STRATCAP,1.5,0.7,100,dollars,STRAT-2000,HT,DEF-0.0,archived,26.624310303677394,26.624310303677394,26.624310303677394,200.0,127
STRATCAP,1.5,0.7,100,dollars,STRAT-2000,HT,DEF-0.0,separation-aware,26.624310303677394,26.624310303677394,26.624310303677394,200.0,127
STRATCAP,1.5,0.7,100,dollars,STRAT-2000,HT,DEF-0.25,archived,7.350202391432078,7.2197508100653405,7.68758621214385,266.43409313074693,127
STRATCAP,1.5,0.7,100,dollars,STRAT-2000,HT,DEF-0.25,separation-aware,7.657541544254036,7.687586212143848,7.68758621214385,266.377280717734,127
STRATCAP,1.5,0.7,100,dollars,STRAT-2000,HT,DEF-0.5,archived,3.4946717042436113,3.3891203850681983,3.7630995962194054,398.95524146247726,127
STRATCAP,1.5,0.7,100,dollars,STRAT-2000,HT,DEF-0.5,separation-aware,3.7386099168286524,3.7630995962194045,3.7630995962194076,398.7005834764307,127
STRATCAP,1.5,0.7,100,dollars,STRAT-2000,HT,DEF-0.75,archived,1.7275130248619155,1.6513474169591509,1.9189586260629552,793.7640242232847,127
STRATCAP,1.5,0.7,100,dollars,STRAT-2000,HT,DEF-0.75,separation-aware,1.901233538656213,1.9189586260629552,1.9189586260629563,792.2538283755999,127
STRATCAP,1.5,0.7,100,dollars,STRAT-2000,HT,RA-EST,archived,0.9474829518737465,0.9250792813700996,0.9999999999999999,76372.72605481496,127
STRATCAP,1.5,0.7,100,dollars,STRAT-2000,HT,RA-EST,separation-aware,0.9951263641984638,0.9999999999999999,0.9999999999999999,61366.09412681075,127
STRATCAP,1.5,0.7,100,rate,STRAT-2000,DIFF,DEF-0.0,archived,1.0550335684940162,1.0083311556854397,1.1642297567096853,200.0,127
STRATCAP,1.5,0.7,100,rate,STRAT-2000,DIFF,DEF-0.0,separation-aware,1.154098802044981,1.164229756709685,1.1642297567096855,200.0,127
STRATCAP,1.5,0.7,100,rate,STRAT-2000,DIFF,DEF-0.25,archived,1.028474217737453,0.9715564377504446,1.1642297567096853,266.64485588801625,127
STRATCAP,1.5,0.7,100,rate,STRAT-2000,DIFF,DEF-0.25,separation-aware,1.1516986427697935,1.164229756709685,1.1642297567096855,200.0,127
STRATCAP,1.5,0.7,100,rate,STRAT-2000,DIFF,DEF-0.5,archived,1.0066710831547268,0.9411407103987602,1.1642297567096853,399.9018675486622,127
STRATCAP,1.5,0.7,100,rate,STRAT-2000,DIFF,DEF-0.5,separation-aware,1.1497473396774796,1.164229756709685,1.1642297567096855,200.0,127
STRATCAP,1.5,0.7,100,rate,STRAT-2000,DIFF,DEF-0.75,archived,0.9903956644740163,0.9177118865953607,1.1642297567096853,799.4114940496373,127
STRATCAP,1.5,0.7,100,rate,STRAT-2000,DIFF,DEF-0.75,separation-aware,1.1483146390626706,1.164229756709685,1.1642297567096855,200.0,127
STRATCAP,1.5,0.7,100,rate,STRAT-2000,DIFF,RA-EST,archived,2.2774708378265958,1.78817380321125,1.8233790456803574,815024.7359998496,127
STRATCAP,1.5,0.7,100,rate,STRAT-2000,DIFF,RA-EST,separation-aware,1.1477059861834582,1.164229756709685,1.1642297567096855,200.0,127
STRATCAP,1.5,0.7,100,rate,STRAT-2000,DIFF,SRSWOR,archived,1.0550863228101566,1.008381574764178,1.1642879711082408,,127
STRATCAP,1.5,0.7,100,rate,STRAT-2000,DIFF,SRSWOR,separation-aware,1.1541565098704745,1.1642879711082406,1.164287971108241,,127
STRATCAP,1.5,0.7,100,rate,STRAT-2000,HT,DEF-0.0,archived,1.1642297567096842,1.1642297567096842,1.1642297567096842,200.0,127
STRATCAP,1.5,0.7,100,rate,STRAT-2000,HT,DEF-0.0,separation-aware,1.1642297567096842,1.1642297567096842,1.1642297567096842,200.0,127
STRATCAP,1.5,0.7,100,rate,STRAT-2000,HT,DEF-0.25,archived,1.1478196715063949,1.141402003894524,1.1642297567096842,204.75545347256724,127
STRATCAP,1.5,0.7,100,rate,STRAT-2000,HT,DEF-0.25,separation-aware,1.1626698058009086,1.1642297567096842,1.1642297567096842,200.0,127
STRATCAP,1.5,0.7,100,rate,STRAT-2000,HT,DEF-0.5,archived,1.136489390850351,1.1253689736633952,1.1642297567096842,209.742558376375,127
STRATCAP,1.5,0.7,100,rate,STRAT-2000,HT,DEF-0.5,separation-aware,1.1616075396802814,1.1642297567096842,1.1642297567096842,200.0,127
STRATCAP,1.5,0.7,100,rate,STRAT-2000,HT,DEF-0.75,archived,1.1299302302348195,1.1157548156530788,1.1642297567096842,214.97866385850372,127
STRATCAP,1.5,0.7,100,rate,STRAT-2000,HT,DEF-0.75,separation-aware,1.1610126392995017,1.1642297567096842,1.1642297567096842,200.0,127
STRATCAP,1.5,0.7,100,rate,STRAT-2000,HT,RA-EST,archived,1.1279052941136034,1.1123736825277795,1.1642297567096842,220.48289587029444,127
STRATCAP,1.5,0.7,100,rate,STRAT-2000,HT,RA-EST,separation-aware,1.1608620484386631,1.1642297567096842,1.1642297567096842,200.0,127
STRATCAP,1.5,0.7,400,dollars,STRAT-2000,DIFF,DEF-0.0,archived,1.6544799111422939,1.0038432592857505,3.222884318463217,50.0,127
STRATCAP,1.5,0.7,400,dollars,STRAT-2000,DIFF,DEF-0.0,separation-aware,3.051530778261766,3.1792625113674755,3.409476801569054,50.0,127
STRATCAP,1.5,0.7,400,dollars,STRAT-2000,DIFF,DEF-0.25,archived,1.067502132396116,0.9134053768851191,1.4463487889010607,66.61830000345131,127
STRATCAP,1.5,0.7,400,dollars,STRAT-2000,DIFF,DEF-0.25,separation-aware,1.4029328689579672,1.4342757099581518,1.4978663102789975,66.5943201794335,127
STRATCAP,1.5,0.7,400,dollars,STRAT-2000,DIFF,DEF-0.5,archived,0.9432727498736918,0.8802093522230714,1.1023193236916813,99.78266537130517,127
STRATCAP,1.5,0.7,400,dollars,STRAT-2000,DIFF,DEF-0.5,separation-aware,1.0815871487083781,1.0967887130202394,1.125846217933385,99.67514586910768,127
STRATCAP,1.5,0.7,400,dollars,STRAT-2000,DIFF,DEF-0.75,archived,0.9526439220941323,0.9412974969969174,0.9839737228769463,198.70163587536854,127
STRATCAP,1.5,0.7,400,dollars,STRAT-2000,DIFF,DEF-0.75,separation-aware,0.9641707671117611,0.9746428173934696,0.9864393026225565,198.06345709389998,127
STRATCAP,1.5,0.7,400,dollars,STRAT-2000,DIFF,RA-EST,archived,11.53929466655072,11.850289976315015,13.252516605519265,22956.23668868687,127
STRATCAP,1.5,0.7,400,dollars,STRAT-2000,DIFF,RA-EST,separation-aware,0.9868179993230177,0.9999999999999999,1.0,15341.523531702687,127
STRATCAP,1.5,0.7,400,dollars,STRAT-2000,DIFF,SRSWOR,archived,1.6545626392742576,1.0038934539584483,3.223045470736754,,127
STRATCAP,1.5,0.7,400,dollars,STRAT-2000,DIFF,SRSWOR,separation-aware,3.051683362429888,3.179421482441598,3.409647283933251,,127
STRATCAP,1.5,0.7,400,dollars,STRAT-2000,HT,DEF-0.0,archived,26.708083140997886,26.70808314099789,26.70808314099789,50.0,127
STRATCAP,1.5,0.7,400,dollars,STRAT-2000,HT,DEF-0.0,separation-aware,26.708083140997886,26.70808314099789,26.70808314099789,50.0,127
STRATCAP,1.5,0.7,400,dollars,STRAT-2000,HT,DEF-0.25,archived,7.237697560977887,7.107621576702758,7.57391354445183,66.60852328268673,127
STRATCAP,1.5,0.7,400,dollars,STRAT-2000,HT,DEF-0.25,separation-aware,7.543957538619609,7.5739135444518295,7.573913544451831,66.5943201794335,127
STRATCAP,1.5,0.7,400,dollars,STRAT-2000,HT,DEF-0.5,archived,3.4293316408758137,3.3259226433706295,3.6920960653619783,99.73881036561932,127
STRATCAP,1.5,0.7,400,dollars,STRAT-2000,HT,DEF-0.5,separation-aware,3.668079339203518,3.6920960653619783,3.6920960653619783,99.67514586910768,127
STRATCAP,1.5,0.7,400,dollars,STRAT-2000,HT,DEF-0.75,archived,1.7078397396887168,1.6342826613826027,1.8930755045788015,198.44100605582116,127
STRATCAP,1.5,0.7,400,dollars,STRAT-2000,HT,DEF-0.75,separation-aware,1.875875180136976,1.8930755045788015,1.8930755045788015,198.06345709389998,127
STRATCAP,1.5,0.7,400,dollars,STRAT-2000,HT,RA-EST,archived,0.9508831362328419,0.9299490545349558,1.0,19093.18151370374,127
STRATCAP,1.5,0.7,400,dollars,STRAT-2000,HT,RA-EST,separation-aware,0.9954260903511865,1.0,1.0,15341.523531702687,127
STRATCAP,1.5,0.7,400,rate,STRAT-2000,DIFF,DEF-0.0,archived,1.0465663698649486,1.000152960892253,1.1547871269935344,50.0,127
STRATCAP,1.5,0.7,400,rate,STRAT-2000,DIFF,DEF-0.0,separation-aware,1.1447440806693334,1.1547871269935341,1.1547871269935346,50.0,127
STRATCAP,1.5,0.7,400,rate,STRAT-2000,DIFF,DEF-0.25,archived,1.0198162187371975,0.9631780917408975,1.1547871269935344,66.66121397200406,127
STRATCAP,1.5,0.7,400,rate,STRAT-2000,DIFF,DEF-0.25,separation-aware,1.142326797534828,1.1547871269935341,1.1547871269935346,50.0,127
STRATCAP,1.5,0.7,400,rate,STRAT-2000,DIFF,DEF-0.5,archived,0.9978564348375136,0.9325611562626176,1.1547871269935344,99.97546688716555,127
STRATCAP,1.5,0.7,400,rate,STRAT-2000,DIFF,DEF-0.5,separation-aware,1.140361572403377,1.1547871269935341,1.1547871269935346,50.0,127
STRATCAP,1.5,0.7,400,rate,STRAT-2000,DIFF,DEF-0.75,archived,0.9814640719994808,0.9089645484936177,1.1547871269935344,199.85287351240933,127
STRATCAP,1.5,0.7,400,rate,STRAT-2000,DIFF,DEF-0.75,separation-aware,1.138918649081722,1.1547871269935341,1.1547871269935346,50.0,127
STRATCAP,1.5,0.7,400,rate,STRAT-2000,DIFF,RA-EST,archived,2.2778057537879444,1.7856819725945776,1.8209627293059412,203756.1839999624,127
STRATCAP,1.5,0.7,400,rate,STRAT-2000,DIFF,RA-EST,separation-aware,1.1383056511463436,1.1547871269935341,1.1547871269935346,50.0,127
STRATCAP,1.5,0.7,400,rate,STRAT-2000,DIFF,SRSWOR,archived,1.0466187007999885,1.0002029710408051,1.1548448692369961,,127
STRATCAP,1.5,0.7,400,rate,STRAT-2000,DIFF,SRSWOR,separation-aware,1.1448013207353702,1.1548448692369961,1.1548448692369964,,127
STRATCAP,1.5,0.7,400,rate,STRAT-2000,HT,DEF-0.0,archived,1.1547871269935341,1.1547871269935341,1.1547871269935341,50.0,127
STRATCAP,1.5,0.7,400,rate,STRAT-2000,HT,DEF-0.0,separation-aware,1.1547871269935341,1.1547871269935341,1.1547871269935341,50.0,127
STRATCAP,1.5,0.7,400,rate,STRAT-2000,HT,DEF-0.25,archived,1.1386422520802937,1.1323265161228568,1.1547871269935341,51.18886336814181,127
STRATCAP,1.5,0.7,400,rate,STRAT-2000,HT,DEF-0.25,separation-aware,1.1532524752393811,1.1547871269935341,1.1547871269935341,50.0,127
STRATCAP,1.5,0.7,400,rate,STRAT-2000,HT,DEF-0.5,archived,1.1275632304400707,1.116642097196579,1.1547871269935341,52.43563959409375,127
STRATCAP,1.5,0.7,400,rate,STRAT-2000,HT,DEF-0.5,separation-aware,1.1522141288291168,1.1547871269935341,1.1547871269935341,50.0,127
STRATCAP,1.5,0.7,400,rate,STRAT-2000,HT,DEF-0.75,archived,1.1212392287742048,1.1073549891622534,1.1547871269935341,53.74466596462593,127
STRATCAP,1.5,0.7,400,rate,STRAT-2000,HT,DEF-0.75,separation-aware,1.1516415576963286,1.1547871269935341,1.1547871269935341,50.0,127
STRATCAP,1.5,0.7,400,rate,STRAT-2000,HT,RA-EST,archived,1.1194316970509812,1.1043099611095466,1.1547871269935341,55.12072396757361,127
STRATCAP,1.5,0.7,400,rate,STRAT-2000,HT,RA-EST,separation-aware,1.1515115445740394,1.1547871269935341,1.1547871269935341,50.0,127
