sigma,prevalence,n,info,anchor,lam,rel_mean,rel_median,rel_p90,share_worse,max_weight_p90
0.0,0.05,100,COR-10000,PPS-A,0.0,1.0,1.0,1.0,0.0,61366.09412681075
0.0,0.05,100,COR-10000,PPS-A,0.25,1.0001679304639408,1.0001428374576662,1.0003051669023553,1.0,64798.1378879528
0.0,0.05,100,COR-10000,PPS-A,0.5,1.0006758944060787,1.0005761469731145,1.001236101918103,1.0,68636.81580937037
0.0,0.05,100,COR-10000,PPS-A,0.75,1.0015352781059743,1.0013299016992758,1.0028503037068717,1.0,72958.9471494122
0.0,0.05,100,COR-10000,PPS-A,1.0,1.0027660003530605,1.0023732870924844,1.0052423733936147,1.0,77862.00140761057
0.0,0.05,100,COR-2000,PPS-A,0.0,1.0,1.0,1.0,0.0,61366.09412681075
0.0,0.05,100,COR-2000,PPS-A,0.25,1.0007961283913922,1.0006557157118952,1.0014709857192075,1.0,69379.00275520893
0.0,0.05,100,COR-2000,PPS-A,0.5,1.0032258272754384,1.0026477785118115,1.0059789845922527,1.0,79799.32557266028
0.0,0.05,100,COR-2000,PPS-A,0.75,1.0074663570397309,1.0058967051846668,1.01401945194149,1.0,93904.21553292092
0.0,0.05,100,COR-2000,PPS-A,1.0,1.0139724920222712,1.0108431822892046,1.0257463228852957,1.0,114068.85909380512
0.0,0.05,100,COR-500,PPS-A,0.0,1.0,1.0,1.0,0.0,61366.09412681075
0.0,0.05,100,COR-500,PPS-A,0.25,1.0042506566502305,1.0031485365579,1.0106640348045173,0.98,81801.7622118009
0.0,0.05,100,COR-500,PPS-A,0.5,1.0191366902735555,1.0125950698334183,1.0589792525791168,0.98,122643.5962042139
0.0,0.05,100,COR-500,PPS-A,0.75,1.058699512835618,1.0288994210297844,1.2546545951206258,0.98,244933.5923750027
0.0,0.05,100,COR-500,PPS-A,1.0,23.86048357714341,1.054834448600367,110.98358156308477,0.98,85195691.94683108
0.0,0.05,100,MIS-G-2000,PPS-A,0.0,1.0,1.0,1.0,0.0,61366.09412681075
0.0,0.05,100,MIS-G-2000,PPS-A,0.25,1.00027093381948,1.0002182862731879,1.0005826028725269,1.0,65974.39098352534
0.0,0.05,100,MIS-G-2000,PPS-A,0.5,1.0010826436318951,1.0008728101909985,1.0023243772383439,1.0,71331.00771390615
0.0,0.05,100,MIS-G-2000,PPS-A,0.75,1.0024398230851288,1.0019655460815051,1.0052312538949097,1.0,77634.32674941467
0.0,0.05,100,MIS-G-2000,PPS-A,1.0,1.004355871170815,1.0035017862466349,1.0093613846387515,1.0,85159.65083623
0.0,0.05,400,COR-10000,PPS-A,0.0,1.0,1.0,1.0,0.0,15341.523531702687
0.0,0.05,400,COR-10000,PPS-A,0.25,1.0001774083822317,1.0001509455661335,1.0003225003735299,1.0,16199.5344719882
0.0,0.05,400,COR-10000,PPS-A,0.5,1.0007141051586175,1.0006091351493747,1.001306497339024,1.0,17159.203952342592
0.0,0.05,400,COR-10000,PPS-A,0.75,1.0016221611750296,1.001404692579893,1.0030109335139048,1.0,18239.73678735305
0.0,0.05,400,COR-10000,PPS-A,1.0,1.0029226925468322,1.00250683418209,1.005541774391768,1.0,19465.500351902643
0.0,0.05,400,COR-2000,PPS-A,0.0,1.0,1.0,1.0,0.0,15341.523531702687
0.0,0.05,400,COR-2000,PPS-A,0.25,1.000841177399325,1.0006925332158,1.0015547430956622,1.0,17344.750688802233
0.0,0.05,400,COR-2000,PPS-A,0.5,1.00340851314332,1.0027966499587715,1.0063154086872286,1.0,19949.83139316507
0.0,0.05,400,COR-2000,PPS-A,0.75,1.0078899356065356,1.006229994921541,1.0148133021548218,1.0,23476.05388323023
0.0,0.05,400,COR-2000,PPS-A,1.0,1.0147675554060047,1.0114520460553917,1.0272115818766208,1.0,28517.21477345128
0.0,0.05,400,COR-500,PPS-A,0.0,1.0,1.0,1.0,0.0,15341.523531702687
0.0,0.05,400,COR-500,PPS-A,0.25,1.0044833783236593,1.0033233776432318,1.0112587479222777,0.98,20450.440552950226
0.0,0.05,400,COR-500,PPS-A,0.5,1.0202005222832242,1.013304330008069,1.0624236533243872,0.98,30660.899051053475
0.0,0.05,400,COR-500,PPS-A,0.75,1.06203862091389,1.0305344762861153,1.2697602647635864,0.98,61233.39809375068
0.0,0.05,400,COR-500,PPS-A,1.0,25.23126746729122,1.057973709936433,117.59715747267526,0.98,21298922.98670777
0.0,0.05,400,MIS-G-2000,PPS-A,0.0,1.0,1.0,1.0,0.0,15341.523531702687
0.0,0.05,400,MIS-G-2000,PPS-A,0.25,1.0002860169842431,1.0002307252047946,1.0006140189192663,1.0,16493.597745881336
0.0,0.05,400,MIS-G-2000,PPS-A,0.5,1.001142939803973,1.0009225257160712,1.0024508531168852,1.0,17832.751928476537
0.0,0.05,400,MIS-G-2000,PPS-A,0.75,1.0025757465639524,1.002077493784932,1.005516925868297,1.0,19408.581687353668
0.0,0.05,400,MIS-G-2000,PPS-A,1.0,1.004598640249285,1.0037012388091497,1.0098726224392371,1.0,21289.9127090575
0.0,0.25,100,COR-10000,PPS-A,0.0,1.0,1.0,1.0,0.0,61366.09412681075
0.0,0.25,100,COR-10000,PPS-A,0.25,1.0000328207352966,1.000028175826457,1.0000651095199729,1.0,62956.550879758346
0.0,0.25,100,COR-10000,PPS-A,0.5,1.0001314739748095,1.0001126430871161,1.0002573944519078,1.0,64631.644871619035
0.0,0.25,100,COR-10000,PPS-A,0.75,1.000296409486746,1.0002537704840642,1.0005812363126523,1.0,66398.31702733246
0.0,0.25,100,COR-10000,PPS-A,1.0,1.0005283003942713,1.0004519984112243,1.0010372333571353,1.0,68264.28857406347
0.0,0.25,100,COR-2000,PPS-A,0.0,1.0,1.0,1.0,0.0,61366.09412681075
0.0,0.25,100,COR-2000,PPS-A,0.25,1.0001713846236775,1.0001405423260872,1.0003436016239051,1.0,64514.87916186577
0.0,0.25,100,COR-2000,PPS-A,0.5,1.000688507416201,1.0005684594242044,1.0014289944822865,1.0,68004.5759184302
0.0,0.25,100,COR-2000,PPS-A,0.75,1.0015602407559037,1.0012744734262635,1.0032388436663207,1.0,71893.77920709384
0.0,0.25,100,COR-2000,PPS-A,1.0,1.0028027735424696,1.0022613377113063,1.005908613512627,1.0,76255.34631855747
0.0,0.25,100,COR-500,PPS-A,0.0,1.0,1.0,1.0,0.0,61366.09412681075
0.0,0.25,100,COR-500,PPS-A,0.25,1.0006625446433515,1.0005214909695463,1.0012612201426885,1.0,68398.85856279162
0.0,0.25,100,COR-500,PPS-A,0.5,1.0027045242728245,1.0020404273878902,1.0050969730309727,1.0,77252.37941109546
0.0,0.25,100,COR-500,PPS-A,0.75,1.006293334885763,1.0047669623297568,1.012171953584093,1.0,88738.9690955363
0.0,0.25,100,COR-500,PPS-A,1.0,1.0118413373740727,1.0085513514043212,1.0223796972808288,1.0,104238.65048328607
0.0,0.25,100,MIS-G-2000,PPS-A,0.0,1.0,1.0,1.0,0.0,61366.09412681075
0.0,0.25,100,MIS-G-2000,PPS-A,0.25,1.0000572012003042,1.0000355804027823,1.0001414683712933,1.0,63263.386736865046
0.0,0.25,100,MIS-G-2000,PPS-A,0.5,1.0002289098349426,1.0001423026526715,1.0005657738417117,1.0,65281.74195248016
0.0,0.25,100,MIS-G-2000,PPS-A,0.75,1.0005155634974345,1.0003202644288602,1.0012741088348875,1.0,67433.12881006474
0.0,0.25,100,MIS-G-2000,PPS-A,1.0,1.000917987797018,1.0005696332433696,1.0022687783567967,1.0,69731.14789945396
0.0,0.25,400,COR-10000,PPS-A,0.0,1.0,1.0,1.0,0.0,15341.523531702687
0.0,0.25,400,COR-10000,PPS-A,0.25,1.0000342193559184,1.0000294222597574,1.000067996155978,1.0,15739.137719939587
0.0,0.25,400,COR-10000,PPS-A,0.5,1.0001370759562977,1.0001176592966106,1.000268953051366,1.0,16157.911217904759
0.0,0.25,400,COR-10000,PPS-A,0.75,1.0003090463703657,1.0002643500732074,1.0006073569776404,1.0,16599.579256833116
0.0,0.25,400,COR-10000,PPS-A,1.0,1.0005508438933355,1.0004710018129956,1.0010838944663079,1.0,17066.072143515867
0.0,0.25,400,COR-2000,PPS-A,0.0,1.0,1.0,1.0,0.0,15341.523531702687
0.0,0.25,400,COR-2000,PPS-A,0.25,1.0001786662178258,1.0001467878315116,1.0003587680775936,1.0,16128.719790466443
0.0,0.25,400,COR-2000,PPS-A,0.5,1.0007177998791554,1.0005934662572618,1.0014858513193339,1.0,17001.14397960755
0.0,0.25,400,COR-2000,PPS-A,0.75,1.0016268036455938,1.0013299431398734,1.0033875278396225,1.0,17973.44480177346
0.0,0.25,400,COR-2000,PPS-A,1.0,1.0029228350337709,1.0023556182198687,1.0061801385961275,1.0,19063.836579639366
0.0,0.25,400,COR-500,PPS-A,0.0,1.0,1.0,1.0,0.0,15341.523531702687
0.0,0.25,400,COR-500,PPS-A,0.25,1.0006908650240467,1.0005441220026583,1.0013172889991826,1.0,17099.714640697905
0.0,0.25,400,COR-500,PPS-A,0.5,1.002821036722134,1.0021230516618584,1.005320538303606,1.0,19313.094852773866
0.0,0.25,400,COR-500,PPS-A,0.75,1.0065679361422122,1.004970679633939,1.0126659427482765,1.0,22184.742273884076
0.0,0.25,400,COR-500,PPS-A,1.0,1.0123686575976019,1.008910869579306,1.0232931943063648,1.0,26059.662620821517
0.0,0.25,400,MIS-G-2000,PPS-A,0.0,1.0,1.0,1.0,0.0,15341.523531702687
0.0,0.25,400,MIS-G-2000,PPS-A,0.25,1.0000594494625101,1.0000369102115125,1.0001466729487625,1.0,15815.846684216262
0.0,0.25,400,MIS-G-2000,PPS-A,0.5,1.0002379168387936,1.0001479632853172,1.000586044376453,1.0,16320.43548812004
0.0,0.25,400,MIS-G-2000,PPS-A,0.75,1.00053586545866,1.000333215473657,1.001319341593111,1.0,16858.282202516184
0.0,0.25,400,MIS-G-2000,PPS-A,1.0,1.0009541696199302,1.0005927956076297,1.0023489696789327,1.0,17432.78697486349
0.0,0.7,100,COR-10000,PPS-A,0.0,1.0,1.0,1.0,0.0,61366.09412681075
0.0,0.7,100,COR-10000,PPS-A,0.25,1.0000114405162177,1.0000095900023722,1.0000202931869127,1.0,61906.56537280507
0.0,0.7,100,COR-10000,PPS-A,0.5,1.0000457891332406,1.0000384551716013,1.0000808707925437,1.0,62456.64153556645
0.0,0.7,100,COR-10000,PPS-A,0.75,1.0001030950065581,1.000086559636494,1.0001816346849532,1.0,63016.580952476055
0.0,0.7,100,COR-10000,PPS-A,1.0,1.0001834168807349,1.0001537514141439,1.0003233297203755,1.0,63586.651309289635
0.0,0.7,100,COR-2000,PPS-A,0.0,1.0,1.0,1.0,0.0,61366.09412681075
0.0,0.7,100,COR-2000,PPS-A,0.25,1.0000548625191288,1.0000475415099803,1.00010130816423,1.0,62785.45188994069
0.0,0.7,100,COR-2000,PPS-A,0.5,1.0002199520899027,1.0001898240457643,1.0004082834772166,1.0,64272.02240456258
0.0,0.7,100,COR-2000,PPS-A,0.75,1.000496212346755,1.0004252195839016,1.0009268956603186,1.0,65830.69571676369
0.0,0.7,100,COR-2000,PPS-A,1.0,1.0008848625976876,1.000752721905684,1.0016579458730708,1.0,67466.84803237068
0.0,0.7,100,COR-500,PPS-A,0.0,1.0,1.0,1.0,0.0,61366.09412681075
0.0,0.7,100,COR-500,PPS-A,0.25,1.000256707467972,1.0002141154378597,1.000526437578657,1.0,63883.36424169936
0.0,0.7,100,COR-500,PPS-A,0.5,1.001041988692863,1.0008604572634905,1.0021525992790614,1.0,66616.00828730155
0.0,0.7,100,COR-500,PPS-A,0.75,1.002388730400745,1.0019458488786608,1.0050393182542123,1.0,69592.90524582703
0.0,0.7,100,COR-500,PPS-A,1.0,1.0043563692922453,1.0034781919703448,1.009282612585768,1.0,72848.33939996388
0.0,0.7,100,MIS-G-2000,PPS-A,0.0,1.0,1.0,1.0,0.0,61366.09412681075
0.0,0.7,100,MIS-G-2000,PPS-A,0.25,1.0000194624473757,1.00001174338615,1.0000492991376926,1.0,62116.78272235543
0.0,0.7,100,MIS-G-2000,PPS-A,0.5,1.0000779038176248,1.0000469867641022,1.0001973113144254,1.0,62886.065874757274
0.0,0.7,100,MIS-G-2000,PPS-A,0.75,1.0001754158021154,1.000105743048703,1.000444285156126,1.0,63674.64316094962
0.0,0.7,100,MIS-G-2000,PPS-A,1.0,1.0003121099299392,1.0001880282651407,1.000790524796596,1.0,64483.24969854149
0.0,0.7,400,COR-10000,PPS-A,0.0,1.0,1.0,1.0,0.0,15341.523531702687
0.0,0.7,400,COR-10000,PPS-A,0.25,1.0000115477395752,1.000009753161869,1.0000204973135491,1.0,15476.641343201267
0.0,0.7,400,COR-10000,PPS-A,0.5,1.0000462184406513,1.0000391071737798,1.0000822801064642,1.0,15614.160383891613
0.0,0.7,400,COR-10000,PPS-A,0.75,1.0001040642786108,1.000087932331513,1.0001841529168105,1.0,15754.145238119014
0.0,0.7,400,COR-10000,PPS-A,1.0,1.000185147585671,1.000156017367321,1.000327091795291,1.0,15896.662827322409
0.0,0.7,400,COR-2000,PPS-A,0.0,1.0,1.0,1.0,0.0,15341.523531702687
0.0,0.7,400,COR-2000,PPS-A,0.25,1.0000554411846436,1.0000478556257866,1.0001024633939368,1.0,15696.362972485173
0.0,0.7,400,COR-2000,PPS-A,0.5,1.0002222935128593,1.0001916926249814,1.0004120861463122,1.0,16068.005601140645
0.0,0.7,400,COR-2000,PPS-A,0.75,1.0005015579194336,1.0004318800771745,1.000937183797795,1.0,16457.67392919092
0.0,0.7,400,COR-2000,PPS-A,1.0,1.0008945273938006,1.0007647254849121,1.0016682882034953,1.0,16866.71200809267
0.0,0.7,400,COR-500,PPS-A,0.0,1.0,1.0,1.0,0.0,15341.523531702687
0.0,0.7,400,COR-500,PPS-A,0.25,1.0002595569128214,1.0002159368500152,1.000531633217579,1.0,15970.84106042484
0.0,0.7,400,COR-500,PPS-A,0.5,1.0010543254015167,1.0008671929379624,1.0021754157106384,1.0,16654.002071825387
0.0,0.7,400,COR-500,PPS-A,0.75,1.0024191789107926,1.001959393251732,1.005113519317004,1.0,17398.226311456758
0.0,0.7,400,COR-500,PPS-A,1.0,1.0044171333751188,1.0035038211036231,1.009437193651431,1.0,18212.08484999097
0.0,0.7,400,MIS-G-2000,PPS-A,0.0,1.0,1.0,1.0,0.0,15341.523531702687
0.0,0.7,400,MIS-G-2000,PPS-A,0.25,1.0000193733405678,1.0000118514642125,1.000050053346085,1.0,15529.195680588857
0.0,0.7,400,MIS-G-2000,PPS-A,0.5,1.000077554983799,1.0000474334115683,1.0002003055123216,1.0,15721.516468689319
0.0,0.7,400,MIS-G-2000,PPS-A,0.75,1.00017464347109,1.0001067596955,1.0004510188632574,1.0,15918.660790237405
0.0,0.7,400,MIS-G-2000,PPS-A,1.0,1.0003107582978865,1.0001898474606286,1.000802514524053,1.0,16120.812424635373
0.75,0.05,100,COR-10000,PPS-A,0.0,1.0,1.0,1.0,0.0,61366.09412681075
0.75,0.05,100,COR-10000,PPS-A,0.25,0.9297652364023619,0.9298147442136833,0.9333174906703072,0.0,61155.67177449199
0.75,0.05,100,COR-10000,PPS-A,0.5,0.8903886757800996,0.8903411049055818,0.8943963539935212,0.0,67436.3174986514
0.75,0.05,100,COR-10000,PPS-A,0.75,0.8694086413363139,0.8692525780957806,0.8723046698696242,0.0,96371.66848022245
0.75,0.05,100,COR-10000,PPS-A,1.0,0.863178438805232,0.862766042467286,0.8648937229700483,0.0,168799.66986101674
0.75,0.05,100,COR-2000,PPS-A,0.0,1.0,1.0,1.0,0.0,61366.09412681075
0.75,0.05,100,COR-2000,PPS-A,0.25,0.9294028893635619,0.9288408273456633,0.937866492728783,0.0,63455.06476219505
0.75,0.05,100,COR-2000,PPS-A,0.5,0.8915849940878333,0.8913095800519026,0.9019577359224252,0.0,69571.17154120674
0.75,0.05,100,COR-2000,PPS-A,0.75,0.8733890632218926,0.8725416501052012,0.8812947181721524,0.0,102781.64094296248
0.75,0.05,100,COR-2000,PPS-A,1.0,0.8718185160058753,0.870130780444664,0.8820372567057194,0.0,201272.96675177122
0.75,0.05,100,COR-500,PPS-A,0.0,1.0,1.0,1.0,0.0,61366.09412681075
0.75,0.05,100,COR-500,PPS-A,0.25,0.9329798958683572,0.9315723227234529,0.9505133114370912,0.005,70663.13208858494
0.75,0.05,100,COR-500,PPS-A,0.5,0.9045834857053187,0.9001194057679212,0.930203866128863,0.005,83280.18378618539
0.75,0.05,100,COR-500,PPS-A,0.75,0.9043407427994336,0.8899193496872213,0.9384580235993815,0.035,128757.12786940901
0.75,0.05,100,COR-500,PPS-A,1.0,4.171087381932133,0.9047956886868284,1.0014017668064654,0.105,524557.1249265232
0.75,0.05,100,MIS-G-2000,PPS-A,0.0,1.0,1.0,1.0,0.0,61366.09412681075
0.75,0.05,100,MIS-G-2000,PPS-A,0.25,0.9528638567998735,0.9529549364815593,0.9590509124302569,0.0,71847.22278644644
0.75,0.05,100,MIS-G-2000,PPS-A,0.5,0.9229087795022862,0.922891209818181,0.9306897562141923,0.0,86646.09457208916
0.75,0.05,100,MIS-G-2000,PPS-A,0.75,0.9062647874858422,0.9056327640119449,0.9132899036510227,0.0,109122.90098315608
0.75,0.05,100,MIS-G-2000,PPS-A,1.0,0.9023268160971234,0.9012729591157422,0.9074082652885775,0.0,185456.06760838607
0.75,0.05,400,COR-10000,PPS-A,0.0,1.0,1.0,1.0,0.0,15341.523531702687
0.75,0.05,400,COR-10000,PPS-A,0.25,0.925434162194645,0.9254743358590278,0.9291689538354498,0.0,15286.47941636235
0.75,0.05,400,COR-10000,PPS-A,0.5,0.8839812278767364,0.8839248817480996,0.8881540106612253,0.0,16856.210369082386
0.75,0.05,400,COR-10000,PPS-A,0.75,0.8622119735205697,0.862033932701755,0.8652406125516453,0.0,24084.12994446505
0.75,0.05,400,COR-10000,PPS-A,1.0,0.8562023663173365,0.8556861019142169,0.8580593927967938,0.0,42163.99044015407
0.75,0.05,400,COR-2000,PPS-A,0.0,1.0,1.0,1.0,0.0,15341.523531702687
0.75,0.05,400,COR-2000,PPS-A,0.25,0.9250784494194467,0.924515168598748,0.934028790738183,0.0,15858.784760190472
0.75,0.05,400,COR-2000,PPS-A,0.5,0.8853011358483398,0.8849662650815578,0.8960558651828838,0.0,17386.40988692085
0.75,0.05,400,COR-2000,PPS-A,0.75,0.8665075109712294,0.8655027981260116,0.8745752724875561,0.0,25681.82167540461
0.75,0.05,400,COR-2000,PPS-A,1.0,0.8654748484107637,0.8636849763960837,0.8767347753675142,0.0,50264.35564154598
0.75,0.05,400,COR-500,PPS-A,0.0,1.0,1.0,1.0,0.0,15341.523531702687
0.75,0.05,400,COR-500,PPS-A,0.25,0.9290323278731514,0.9275198212501259,0.9472659694845144,0.005,17659.46774437107
0.75,0.05,400,COR-500,PPS-A,0.5,0.8992686118531016,0.8945718450042608,0.9260041859033249,0.005,20802.51071273806
0.75,0.05,400,COR-500,PPS-A,0.75,0.899579380846928,0.8843143028802476,0.9355298214036528,0.035,32154.889398784173
0.75,0.05,400,COR-500,PPS-A,1.0,4.416590328915154,0.9004444959020659,1.0035814195830108,0.11,130590.89256946447
0.75,0.05,400,MIS-G-2000,PPS-A,0.0,1.0,1.0,1.0,0.0,15341.523531702687
0.75,0.05,400,MIS-G-2000,PPS-A,0.25,0.9499594085175529,0.950145500687199,0.9565281079409732,0.0,17959.451356355697
0.75,0.05,400,MIS-G-2000,PPS-A,0.5,0.9183033369124313,0.9182500368839368,0.9264238724456919,0.0,21654.676715721507
0.75,0.05,400,MIS-G-2000,PPS-A,0.75,0.9008785472258638,0.9002245332591874,0.9082214419108549,0.0,27264.439898319244
0.75,0.05,400,MIS-G-2000,PPS-A,1.0,0.897038680054711,0.8958341732346395,0.9020813113248585,0.0,46313.80101989634
0.75,0.25,100,COR-10000,PPS-A,0.0,1.0,1.0,1.0,0.0,61366.09412681075
0.75,0.25,100,COR-10000,PPS-A,0.25,0.9660079446546267,0.9659705757247559,0.9671166137192887,0.0,59883.11597013118
0.75,0.25,100,COR-10000,PPS-A,0.5,0.9426240615450451,0.9425559239355703,0.9441030942921422,0.0,63007.32556636146
0.75,0.25,100,COR-10000,PPS-A,0.75,0.9286922456534641,0.9286150265510869,0.9299094040182464,0.0,83751.80296816092
0.75,0.25,100,COR-10000,PPS-A,1.0,0.9241815937955634,0.9241117839096099,0.9245049682759281,0.0,124860.90468605577
0.75,0.25,100,COR-2000,PPS-A,0.0,1.0,1.0,1.0,0.0,61366.09412681075
0.75,0.25,100,COR-2000,PPS-A,0.25,0.9663336070969593,0.9663012089281774,0.9688015012424299,0.0,61473.997165290195
0.75,0.25,100,COR-2000,PPS-A,0.5,0.9432880923906388,0.9431656950161039,0.9466343059881096,0.0,64934.10351996716
0.75,0.25,100,COR-2000,PPS-A,0.75,0.9297615514157884,0.929453145153657,0.9327019141194051,0.0,88868.53362448688
0.75,0.25,100,COR-2000,PPS-A,1.0,0.925858531049911,0.92545851237739,0.9274959557790964,0.0,140998.20187922614
0.75,0.25,100,COR-500,PPS-A,0.0,1.0,1.0,1.0,0.0,61366.09412681075
0.75,0.25,100,COR-500,PPS-A,0.25,0.9661988136414362,0.9660871045098861,0.9710909507213626,0.0,63335.04576080143
0.75,0.25,100,COR-500,PPS-A,0.5,0.9444244535827374,0.9440677615628648,0.9511310937078876,0.0,67757.77957640609
0.75,0.25,100,COR-500,PPS-A,0.75,0.9337127922009866,0.9321712846740214,0.9401404608781051,0.0,93645.08695950425
0.75,0.25,100,COR-500,PPS-A,1.0,0.9357601291150598,0.932223865082467,0.9432087229585185,0.01,165951.45257553272
0.75,0.25,100,MIS-G-2000,PPS-A,0.0,1.0,1.0,1.0,0.0,61366.09412681075
0.75,0.25,100,MIS-G-2000,PPS-A,0.25,0.9741916200205983,0.9742829456324467,0.9762510412021781,0.0,68852.52031094894
0.75,0.25,100,MIS-G-2000,PPS-A,0.5,0.955944141993563,0.9560133647994964,0.9588392696827596,0.0,78419.38229671323
0.75,0.25,100,MIS-G-2000,PPS-A,0.75,0.9449101678767087,0.9447820023416207,0.9472651086264808,0.0,91073.83378289959
0.75,0.25,100,MIS-G-2000,PPS-A,1.0,0.9414136609359237,0.9411410631155217,0.9425479329347594,0.0,119967.84124085114
0.75,0.25,400,COR-10000,PPS-A,0.0,1.0,1.0,1.0,0.0,15341.523531702687
0.75,0.25,400,COR-10000,PPS-A,0.25,0.9654950702190671,0.9654555484818426,0.9666154202719531,0.0,14970.179192215079
0.75,0.25,400,COR-10000,PPS-A,0.5,0.9420828754497754,0.9420126828739377,0.9435536895074065,0.0,15751.299840537768
0.75,0.25,400,COR-10000,PPS-A,0.75,0.9285332856010439,0.928459098122651,0.9296807691085021,0.0,20936.542001433074
0.75,0.25,400,COR-10000,PPS-A,1.0,0.9248137025758824,0.9247431666121566,0.925226138993856,0.0,31211.051601528874
0.75,0.25,400,COR-2000,PPS-A,0.0,1.0,1.0,1.0,0.0,15341.523531702687
0.75,0.25,400,COR-2000,PPS-A,0.25,0.9658276968913845,0.9658004735530807,0.9683111183170957,0.0,15367.998495162772
0.75,0.25,400,COR-2000,PPS-A,0.5,0.9427601772283901,0.9426334825854334,0.9460776049208721,0.0,16232.823400714784
0.75,0.25,400,COR-2000,PPS-A,0.75,0.9296251211737487,0.9293204146605094,0.9324291435044234,0.0,22215.16703861998
0.75,0.25,400,COR-2000,PPS-A,1.0,0.9265342394570532,0.9261479160179469,0.9285026335027429,0.0,35242.95108421874
0.75,0.25,400,COR-500,PPS-A,0.0,1.0,1.0,1.0,0.0,15341.523531702687
0.75,0.25,400,COR-500,PPS-A,0.25,0.9656992383582365,0.9655541021564542,0.9706740581990217,0.0,15833.280719562927
0.75,0.25,400,COR-500,PPS-A,0.5,0.943973675258813,0.943609528690584,0.9507445012210101,0.0,16937.30798928855
0.75,0.25,400,COR-500,PPS-A,0.75,0.9337985229572385,0.9322692639781984,0.9400405716448912,0.0,23409.9474960993
0.75,0.25,400,COR-500,PPS-A,1.0,0.936983225269425,0.9331452976075094,0.9453531725996381,0.01,41479.76370361205
0.75,0.25,400,MIS-G-2000,PPS-A,0.0,1.0,1.0,1.0,0.0,15341.523531702687
0.75,0.25,400,MIS-G-2000,PPS-A,0.25,0.9738722068600945,0.9739436859740234,0.9759371429971873,0.0,17212.949021573568
0.75,0.25,400,MIS-G-2000,PPS-A,0.5,0.9556370858818508,0.9556775613758683,0.9584682643261164,0.0,19604.375843988506
0.75,0.25,400,MIS-G-2000,PPS-A,0.75,0.9449233601002196,0.9447562463361079,0.9472492475076354,0.0,22767.5081089886
0.75,0.25,400,MIS-G-2000,PPS-A,1.0,0.9420753059094545,0.9417383513251323,0.9432370874856746,0.0,29990.741457004486
0.75,0.7,100,COR-10000,PPS-A,0.0,1.0,1.0,1.0,0.0,61366.09412681075
0.75,0.7,100,COR-10000,PPS-A,0.25,0.9889055076515829,0.9889338331543351,0.989281961542091,0.0,60760.68619101148
0.75,0.7,100,COR-10000,PPS-A,0.5,0.9808060258873591,0.9808335143543394,0.9813612591975257,0.0,60167.10727215859
0.75,0.7,100,COR-10000,PPS-A,0.75,0.9758731708491055,0.9758772627784035,0.9763248792850155,0.0,62388.75936715048
0.75,0.7,100,COR-10000,PPS-A,1.0,0.9743650284703869,0.9743183708191598,0.9745301673768869,0.0,74292.99602678254
0.75,0.7,100,COR-2000,PPS-A,0.0,1.0,1.0,1.0,0.0,61366.09412681075
0.75,0.7,100,COR-2000,PPS-A,0.25,0.988958866420165,0.9890104572982252,0.9898460120648929,0.0,61415.36670338744
0.75,0.7,100,COR-2000,PPS-A,0.5,0.9809760533893581,0.9810272681916914,0.9821906792831463,0.0,61464.7184969667
0.75,0.7,100,COR-2000,PPS-A,0.75,0.9762523687805479,0.9762371481487778,0.9771221590362278,0.0,64977.40353246366
0.75,0.7,100,COR-2000,PPS-A,1.0,0.9751053023748759,0.9748887337611976,0.9759666444265631,0.0,79064.85197670836
0.75,0.7,100,COR-500,PPS-A,0.0,1.0,1.0,1.0,0.0,61366.09412681075
0.75,0.7,100,COR-500,PPS-A,0.25,0.989002530484818,0.989163942677511,0.9908683091776068,0.0,62046.33026336589
0.75,0.7,100,COR-500,PPS-A,0.5,0.9815268235094657,0.9815542157110613,0.9840756469522383,0.0,62741.829183527094
0.75,0.7,100,COR-500,PPS-A,0.75,0.9779927134929608,0.977403386187323,0.9808053906770622,0.0,70796.45988960938
0.75,0.7,100,COR-500,PPS-A,1.0,0.9794999195937831,0.9772997880851301,0.9863373119315758,0.02,92861.61745551821
0.75,0.7,100,MIS-G-2000,PPS-A,0.0,1.0,1.0,1.0,0.0,61366.09412681075
0.75,0.7,100,MIS-G-2000,PPS-A,0.25,0.990870116754098,0.9908904519047133,0.9917095625008435,0.0,64833.58128628775
0.75,0.7,100,MIS-G-2000,PPS-A,0.5,0.9842197564793169,0.9842329110283148,0.9853980754247648,0.0,68716.39796962669
0.75,0.7,100,MIS-G-2000,PPS-A,0.75,0.980194369874023,0.9801704236893918,0.9811268603542662,0.0,73093.91927813538
0.75,0.7,100,MIS-G-2000,PPS-A,1.0,0.978999063824683,0.9788799996482911,0.979476164425746,0.0,78067.1227703614
0.75,0.7,400,COR-10000,PPS-A,0.0,1.0,1.0,1.0,0.0,15341.523531702687
0.75,0.7,400,COR-10000,PPS-A,0.25,0.9892626814774775,0.989288571923163,0.9896302184759869,0.0,15190.17154775287
0.75,0.7,400,COR-10000,PPS-A,0.5,0.981547693961481,0.9815702835830175,0.982081071017997,0.0,15041.776818039647
0.75,0.7,400,COR-10000,PPS-A,0.75,0.9770347588964182,0.9770385910472702,0.9774488843657294,0.0,15597.18984178762
0.75,0.7,400,COR-10000,PPS-A,1.0,0.9759943578219409,0.9759398530856473,0.9762274897827693,0.0,18573.249006695634
0.75,0.7,400,COR-2000,PPS-A,0.0,1.0,1.0,1.0,0.0,15341.523531702687
0.75,0.7,400,COR-2000,PPS-A,0.25,0.9893143336668097,0.989368640884587,0.9901771860989784,0.0,15353.84167584686
0.75,0.7,400,COR-2000,PPS-A,0.5,0.9817150339747523,0.9817691232903754,0.9828946927471109,0.0,15366.179624241675
0.75,0.7,400,COR-2000,PPS-A,0.75,0.9774124661963665,0.977399163692863,0.9781992749807851,0.0,16244.350883115914
0.75,0.7,400,COR-2000,PPS-A,1.0,0.9767394811444378,0.9765079655801231,0.9777081548464639,0.0,19766.21299417709
0.75,0.7,400,COR-500,PPS-A,0.0,1.0,1.0,1.0,0.0,15341.523531702687
0.75,0.7,400,COR-500,PPS-A,0.25,0.9893610971791165,0.9894944030787745,0.991169559377133,0.0,15511.582565841472
0.75,0.7,400,COR-500,PPS-A,0.5,0.9822777580217206,0.9823178042290877,0.984717664199642,0.0,15685.457295881773
0.75,0.7,400,COR-500,PPS-A,0.75,0.9791902942757575,0.9786786000263484,0.9817788617480492,0.0,17699.114972402345
0.75,0.7,400,COR-500,PPS-A,1.0,0.9812529424655804,0.9789929778872422,0.9884184816145256,0.02,23215.404363879552
0.75,0.7,400,MIS-G-2000,PPS-A,0.0,1.0,1.0,1.0,0.0,15341.523531702687
0.75,0.7,400,MIS-G-2000,PPS-A,0.25,0.9912021572535287,0.9912289102173578,0.9920110797852567,0.0,16208.395321571938
0.75,0.7,400,MIS-G-2000,PPS-A,0.5,0.9849009894043799,0.9849238825676403,0.9860114970340621,0.0,17179.099492406673
0.75,0.7,400,MIS-G-2000,PPS-A,0.75,0.9812487953700016,0.9812011596493961,0.9821001562152224,0.0,18273.479819533844
0.75,0.7,400,MIS-G-2000,PPS-A,1.0,0.980460485952196,0.9803269757076021,0.9809502948473109,0.0,19516.78069259035
1.5,0.05,100,COR-10000,PPS-A,0.0,1.0,1.0,1.0,0.0,61366.09412681075
1.5,0.05,100,COR-10000,PPS-A,0.25,0.8025918988968072,0.8027176785767104,0.8087204512128275,0.0,59143.00449535592
1.5,0.05,100,COR-10000,PPS-A,0.5,0.7055990741238114,0.7056213466352037,0.7117640029201946,0.0,79074.43774835461
1.5,0.05,100,COR-10000,PPS-A,0.75,0.6544227667048942,0.6543776743158425,0.6586006425861927,0.0,140790.4916714251
1.5,0.05,100,COR-10000,PPS-A,1.0,0.6372321741395675,0.6368970498593385,0.6387739816750296,0.0,748503.774114568
1.5,0.05,100,COR-2000,PPS-A,0.0,1.0,1.0,1.0,0.0,61366.09412681075
1.5,0.05,100,COR-2000,PPS-A,0.25,0.8037406630713139,0.8036858175854127,0.8178613964896947,0.0,63039.12585712299
1.5,0.05,100,COR-2000,PPS-A,0.5,0.7083291890935124,0.7076717009406668,0.7239364097965325,0.0,80275.95743692454
1.5,0.05,100,COR-2000,PPS-A,0.75,0.6591500568859239,0.6581024670191495,0.6713059320459673,0.0,146652.83600862967
1.5,0.05,100,COR-2000,PPS-A,1.0,0.6460340864500992,0.642874156351971,0.6565400340436147,0.0,1041789.7515195708
1.5,0.05,100,COR-500,PPS-A,0.0,1.0,1.0,1.0,0.0,61366.09412681075
1.5,0.05,100,COR-500,PPS-A,0.25,0.8062649862395908,0.807192034819465,0.8308182887160591,0.0,69519.09381868226
1.5,0.05,100,COR-500,PPS-A,0.5,0.7189459438389371,0.7154922529341492,0.7489435098430341,0.0,82770.61067155909
1.5,0.05,100,COR-500,PPS-A,0.75,0.6826116001537486,0.6730276965675119,0.7203741858803445,0.0,157177.7251628651
1.5,0.05,100,COR-500,PPS-A,1.0,1.1113614455495122,0.6736175019809216,0.7711369944075827,0.025,3369956.029175796
1.5,0.05,100,MIS-G-2000,PPS-A,0.0,1.0,1.0,1.0,0.0,61366.09412681075
1.5,0.05,100,MIS-G-2000,PPS-A,0.25,0.8733608027485883,0.873604734287857,0.8832410234265098,0.0,74754.22502870113
1.5,0.05,100,MIS-G-2000,PPS-A,0.5,0.7988766294900177,0.7986013738125157,0.810535007840054,0.0,95614.20529344233
1.5,0.05,100,MIS-G-2000,PPS-A,0.75,0.7549798620241829,0.7540544193315873,0.7645274541549395,0.0,133505.2021953997
1.5,0.05,100,MIS-G-2000,PPS-A,1.0,0.7368675987590061,0.735740431754126,0.7423570540568801,0.0,538795.0953927794
1.5,0.05,400,COR-10000,PPS-A,0.0,1.0,1.0,1.0,0.0,15341.523531702687
1.5,0.05,400,COR-10000,PPS-A,0.25,0.7912606529348252,0.7913796959925854,0.797407847561933,0.0,14757.995596985118
1.5,0.05,400,COR-10000,PPS-A,0.5,0.6891857205593805,0.689244757399766,0.6953154339205929,0.0,19759.725929993925
1.5,0.05,400,COR-10000,PPS-A,0.75,0.6359435537822038,0.6358324651245321,0.6400361961119595,0.0,35155.41282756324
1.5,0.05,400,COR-10000,PPS-A,1.0,0.6189218352821207,0.6186046675219594,0.6205550340098938,0.0,185910.61723989688
1.5,0.05,400,COR-2000,PPS-A,0.0,1.0,1.0,1.0,0.0,15341.523531702687
1.5,0.05,400,COR-2000,PPS-A,0.25,0.7925001546299383,0.7924584795687638,0.8071098222240062,0.0,15733.614594878096
1.5,0.05,400,COR-2000,PPS-A,0.5,0.6920776798547871,0.6914495621748024,0.7081170631502413,0.0,20059.785958442342
1.5,0.05,400,COR-2000,PPS-A,0.75,0.6409294246027503,0.6397403243594133,0.6532694089625082,0.0,36617.17699563488
1.5,0.05,400,COR-2000,PPS-A,1.0,0.6282097090360225,0.6248797288397014,0.6390953261275796,0.0,258428.87646880353
1.5,0.05,400,COR-500,PPS-A,0.0,1.0,1.0,1.0,0.0,15341.523531702687
1.5,0.05,400,COR-500,PPS-A,0.25,0.7954116422677124,0.7959977396474118,0.8203778428293672,0.0,17360.767274299178
1.5,0.05,400,COR-500,PPS-A,0.5,0.70353178980457,0.6991904962739028,0.7343674884057991,0.0,20687.811635164053
1.5,0.05,400,COR-500,PPS-A,0.75,0.6659380869320805,0.6558183697778102,0.7040446713891473,0.0,39257.509004872765
1.5,0.05,400,COR-500,PPS-A,1.0,1.1287247679386203,0.6565255014416109,0.7625767646935309,0.025,838092.7559111086
1.5,0.05,400,MIS-G-2000,PPS-A,0.0,1.0,1.0,1.0,0.0,15341.523531702687
1.5,0.05,400,MIS-G-2000,PPS-A,0.25,0.8657523746962016,0.8659494988698846,0.8761598846925751,0.0,18681.15032997311
1.5,0.05,400,MIS-G-2000,PPS-A,0.5,0.7870112464808707,0.7866945397407924,0.7993309659040162,0.0,23879.334557788916
1.5,0.05,400,MIS-G-2000,PPS-A,0.75,0.7409751700649123,0.73992959393463,0.7507282445017854,0.0,33327.8108322261
1.5,0.05,400,MIS-G-2000,PPS-A,1.0,0.7225384842939753,0.7212990440336511,0.7278891018152011,0.0,133970.8840343391
1.5,0.25,100,COR-10000,PPS-A,0.0,0.9999999999999999,0.9999999999999999,0.9999999999999999,0.0,61366.09412681075
1.5,0.25,100,COR-10000,PPS-A,0.25,0.9160450668840248,0.9161402053775409,0.9176059425482845,0.0,57646.033743113454
1.5,0.25,100,COR-10000,PPS-A,0.5,0.856848426627715,0.8568969412340994,0.8590847832081352,0.0,76000.69277138707
1.5,0.25,100,COR-10000,PPS-A,0.75,0.8190917113517341,0.8191437612333853,0.8210071587596903,0.0,127065.63815977838
1.5,0.25,100,COR-10000,PPS-A,1.0,0.8048721330275367,0.8048001652632193,0.8052576486099955,0.0,444471.63905282016
1.5,0.25,100,COR-2000,PPS-A,0.0,0.9999999999999999,0.9999999999999999,0.9999999999999999,0.0,61366.09412681075
1.5,0.25,100,COR-2000,PPS-A,0.25,0.9160879907773227,0.9157539153280387,0.9202226844053902,0.0,58924.52597618513
1.5,0.25,100,COR-2000,PPS-A,0.5,0.8570918405193453,0.8568019330121324,0.8628938823701767,0.0,77152.65759940226
1.5,0.25,100,COR-2000,PPS-A,0.75,0.819770757360492,0.8191723784318554,0.8246481375459614,0.0,132008.65992964598
1.5,0.25,100,COR-2000,PPS-A,1.0,0.8066265723291017,0.8062802518024924,0.8084470926773802,0.0,525411.0790374242
1.5,0.25,100,COR-500,PPS-A,0.0,0.9999999999999999,0.9999999999999999,0.9999999999999999,0.0,61366.09412681075
1.5,0.25,100,COR-500,PPS-A,0.25,0.9163210129390081,0.9165599743894908,0.9239098393434471,0.0,61803.295907144144
1.5,0.25,100,COR-500,PPS-A,0.5,0.8585919642411176,0.8585915138503573,0.8686470787821541,0.0,78132.15437944938
1.5,0.25,100,COR-500,PPS-A,0.75,0.8238593207587883,0.8222736353031566,0.8340713589909647,0.0,136361.4075808437
1.5,0.25,100,COR-500,PPS-A,1.0,0.8211808509169924,0.8125986937094487,0.8262358530597333,0.01,711763.023644984
1.5,0.25,100,MIS-G-2000,PPS-A,0.0,0.9999999999999999,0.9999999999999999,0.9999999999999999,0.0,61366.09412681075
1.5,0.25,100,MIS-G-2000,PPS-A,0.25,0.9357101162417458,0.9359744960268461,0.9389407068040712,0.0,72494.21839776174
1.5,0.25,100,MIS-G-2000,PPS-A,0.5,0.8894360580809972,0.8898576756426162,0.8937397079155286,0.0,88552.29455781676
1.5,0.25,100,MIS-G-2000,PPS-A,0.75,0.859517824637475,0.8596868465781817,0.8629809518250925,0.0,116862.69841046973
1.5,0.25,100,MIS-G-2000,PPS-A,1.0,0.8476129989696433,0.8473298155756885,0.8487497941798257,0.0,337431.5246266381
1.5,0.25,400,COR-10000,PPS-A,0.0,1.0,1.0,1.0,0.0,15341.523531702687
1.5,0.25,400,COR-10000,PPS-A,0.25,0.915102360896587,0.9151894867870629,0.9166835461408274,0.0,14409.21275838924
1.5,0.25,400,COR-10000,PPS-A,0.5,0.8559506320431172,0.8559849614064949,0.8582065448144401,0.0,18999.248273401918
1.5,0.25,400,COR-10000,PPS-A,0.75,0.8190301629612449,0.8190528214423021,0.8208761292802158,0.0,31762.53172543407
1.5,0.25,400,COR-10000,PPS-A,1.0,0.8065817275419771,0.8064938611681665,0.8071631540237052,0.0,111060.67276295846
1.5,0.25,400,COR-2000,PPS-A,0.0,1.0,1.0,1.0,0.0,15341.523531702687
1.5,0.25,400,COR-2000,PPS-A,0.25,0.9151407085251829,0.9148349392227597,0.9193237670493674,0.0,14729.123486458995
1.5,0.25,400,COR-2000,PPS-A,0.5,0.8561906510390002,0.85582360171472,0.862024653802925,0.0,19287.179826134998
1.5,0.25,400,COR-2000,PPS-A,0.75,0.819717833637348,0.8191395325810181,0.8244554598474987,0.0,32997.84177481392
1.5,0.25,400,COR-2000,PPS-A,1.0,0.8083940397767775,0.8080799264531958,0.8104323564568893,0.0,131268.03975878507
1.5,0.25,400,COR-500,PPS-A,0.0,1.0,1.0,1.0,0.0,15341.523531702687
1.5,0.25,400,COR-500,PPS-A,0.25,0.9153880536042728,0.9156269502400318,0.9229587811858446,0.0,15448.138039207617
1.5,0.25,400,COR-500,PPS-A,0.5,0.8577619342123418,0.8576397644489073,0.8677319931269751,0.0,19532.522387807025
1.5,0.25,400,COR-500,PPS-A,0.75,0.8239963992872298,0.822713180762953,0.83383208660904,0.0,34085.59818376608
1.5,0.25,400,COR-500,PPS-A,1.0,0.8237586117781173,0.8148788493067465,0.8294799614873873,0.01,177824.70098714382
1.5,0.25,400,MIS-G-2000,PPS-A,0.0,1.0,1.0,1.0,0.0,15341.523531702687
1.5,0.25,400,MIS-G-2000,PPS-A,0.25,0.9352395451763365,0.935533552535335,0.9384736804907308,0.0,18122.74826616012
1.5,0.25,400,MIS-G-2000,PPS-A,0.5,0.8891681277872798,0.889537054079909,0.8933578262513786,0.0,22135.667474608188
1.5,0.25,400,MIS-G-2000,PPS-A,0.75,0.8600320500223465,0.8602274292646818,0.8633866682657467,0.0,29211.33372688965
1.5,0.25,400,MIS-G-2000,PPS-A,1.0,0.8496029535265768,0.8493421526995946,0.8506972063215277,0.0,84323.1335623775
1.5,0.7,100,COR-10000,PPS-A,0.0,1.0,1.0,1.0,0.0,61366.09412681075
1.5,0.7,100,COR-10000,PPS-A,0.25,0.968137524460014,0.9681162950329063,0.9690939506623588,0.0,60212.68358503586
1.5,0.7,100,COR-10000,PPS-A,0.5,0.943375963805469,0.9433435291963115,0.9447698721956523,0.0,66742.2464110646
1.5,0.7,100,COR-10000,PPS-A,0.75,0.9269144932403118,0.9268405855063941,0.9281152630298194,0.0,94270.19371762627
1.5,0.7,100,COR-10000,PPS-A,1.0,0.9210112364450169,0.9209404571853361,0.9213153894098732,0.0,183390.78075444238
1.5,0.7,100,COR-2000,PPS-A,0.0,1.0,1.0,1.0,0.0,61366.09412681075
1.5,0.7,100,COR-2000,PPS-A,0.25,0.9679926439894967,0.9680063306106552,0.9701440711912356,0.0,60667.74187297543
1.5,0.7,100,COR-2000,PPS-A,0.5,0.943299660749949,0.9432324448620752,0.946408532766769,0.0,67541.30757006466
1.5,0.7,100,COR-2000,PPS-A,0.75,0.9272427332641985,0.9271029103095428,0.9297661610905141,0.0,96693.86769200218
1.5,0.7,100,COR-2000,PPS-A,1.0,0.9224879821001432,0.9220010718252074,0.9240831848498087,0.0,196809.740770856
1.5,0.7,100,COR-500,PPS-A,0.0,1.0,1.0,1.0,0.0,61366.09412681075
1.5,0.7,100,COR-500,PPS-A,0.25,0.9682601190629895,0.9684698834373924,0.9724316400972807,0.0,61557.9584083408
1.5,0.7,100,COR-500,PPS-A,0.5,0.9442914835429959,0.9445592782928856,0.9502907864492213,0.0,70349.9466204772
1.5,0.7,100,COR-500,PPS-A,0.75,0.9299875064455807,0.9291163571405058,0.9354650230282967,0.0,105761.21648039132
1.5,0.7,100,COR-500,PPS-A,1.0,0.9411676166593245,0.925875699057634,0.9386753605544389,0.015,279172.69041985535
1.5,0.7,100,MIS-G-2000,PPS-A,0.0,1.0,1.0,1.0,0.0,61366.09412681075
1.5,0.7,100,MIS-G-2000,PPS-A,0.25,0.9738202389299379,0.9737956204332181,0.9755578287362282,0.0,67029.3225441734
1.5,0.7,100,MIS-G-2000,PPS-A,0.5,0.9536111429658973,0.9535866289909196,0.9561162290404112,0.0,73844.09530100504
1.5,0.7,100,MIS-G-2000,PPS-A,0.75,0.9402872962292109,0.9401893009033635,0.9424464922916386,0.0,87160.38725249493
1.5,0.7,100,MIS-G-2000,PPS-A,1.0,0.9354618089659482,0.9352878165271699,0.936118736244198,0.0,156474.45174531688
1.5,0.7,400,COR-10000,PPS-A,0.0,1.0,1.0,1.0,0.0,15341.523531702687
1.5,0.7,400,COR-10000,PPS-A,0.25,0.9688437112050545,0.9688169831613938,0.9697744024897597,0.0,15053.170896258966
1.5,0.7,400,COR-10000,PPS-A,0.5,0.9447908552263704,0.9447349220239022,0.946160831928847,0.0,16685.56160276615
1.5,0.7,400,COR-10000,PPS-A,0.75,0.9290886902863155,0.9290014223143548,0.9302000795591845,0.0,23567.548429406568
1.5,0.7,400,COR-10000,PPS-A,1.0,0.924087090874211,0.9239876506984604,0.9245024371974041,0.0,45847.695188610596
1.5,0.7,400,COR-2000,PPS-A,0.0,1.0,1.0,1.0,0.0,15341.523531702687
1.5,0.7,400,COR-2000,PPS-A,0.25,0.9687049219125846,0.9686888468189737,0.9707423763637124,0.0,15166.935468243857
1.5,0.7,400,COR-2000,PPS-A,0.5,0.9447262661347062,0.9446194292297074,0.9476742386999415,0.0,16885.326892516165
1.5,0.7,400,COR-2000,PPS-A,0.75,0.9294388254686033,0.9292742957210897,0.9317604433015145,0.0,24173.466923000546
1.5,0.7,400,COR-2000,PPS-A,1.0,0.925617310936903,0.9250453770555724,0.9275641472168031,0.0,49202.435192714
1.5,0.7,400,COR-500,PPS-A,0.0,1.0,1.0,1.0,0.0,15341.523531702687
1.5,0.7,400,COR-500,PPS-A,0.25,0.9689671096652875,0.9691719141553323,0.9730005179224761,0.0,15389.4896020852
1.5,0.7,400,COR-500,PPS-A,0.5,0.9457079723699838,0.9458006296517296,0.9514555628985484,0.0,17587.4866551193
1.5,0.7,400,COR-500,PPS-A,0.75,0.9321927024361328,0.931295944926559,0.9370525551022222,0.0,26440.30412009783
1.5,0.7,400,COR-500,PPS-A,1.0,0.9448941964574997,0.9288149806913595,0.943073977666313,0.015,69793.17260496384
1.5,0.7,400,MIS-G-2000,PPS-A,0.0,1.0,1.0,1.0,0.0,15341.523531702687
1.5,0.7,400,MIS-G-2000,PPS-A,0.25,0.974473836825456,0.9744619840138655,0.9761593549790244,0.0,16757.33063604335
1.5,0.7,400,MIS-G-2000,PPS-A,0.5,0.9549196594255097,0.9549430353705273,0.9573946193152332,0.0,18461.02382525126
1.5,0.7,400,MIS-G-2000,PPS-A,0.75,0.9422886016819801,0.9421388249483685,0.9442804025169571,0.0,21790.09681312373
1.5,0.7,400,MIS-G-2000,PPS-A,1.0,0.9382591147314133,0.9380363228041588,0.9389640885947649,0.0,39118.61293632922
