scenario_id,estimand,estimator,sampling_design,design_label,inference_method,anticipated_variance_rank,empirical_rmse_rank,interval_width_rank,coverage_lb90,coverage_lb90_ci,coverage_2s95,decision_metric_rank,weight_instability_rank,anticipated_variance,empirical_rmse,mean_width95,lb_shortfall,max_weight,rel_bias,material_undercoverage,notes
S1,dollars,HT,EQ-P,EQ-P/HT,Wald LB90/2s95; Poisson HT var est,14.0,14.0,14.0,0.9634,"[0.960,0.967]",0.8632,14.0,1.0,959237335104.5082,916800.9339608316,3282729.2467998597,1081937.7923417825,200.0,-0.0034450008039255,False,
S1,dollars,HT,PPS-A,PPS-A/HT,Wald LB90/2s95; Poisson HT var est,5.0,4.0,5.0,0.9196,"[0.914,0.925]",0.9469,6.0,11.0,254789826797.7887,502821.44858125405,1959152.9155288497,650102.8309402218,61366.09412681075,-0.0037951769257324,False,
S1,dollars,HT,RA-OR,RA-OR/HT,Wald LB90/2s95; Poisson HT var est,4.0,4.0,4.0,0.9196,"[0.914,0.925]",0.9469,7.0,11.0,254789826797.78864,502821.44858125405,1959152.915528849,650102.830940222,61366.09412681075,-0.0037951769257326,False,
S1,dollars,HT,RA-EST(COR-2000),RA-EST(COR-2000)/HT,Wald LB90/2s95; Poisson HT var est,7.0,6.0,7.0,0.9238,"[0.918,0.929]",0.9426,4.0,14.0,255328196162.3719,504502.6995752182,1961663.9059925675,649644.0875097872,61671.603115181526,-0.0032888740395513,False,
S1,dollars,HT,DEF-0.5(COR-2000),DEF-0.5(COR-2000)/HT,Wald LB90/2s95; Poisson HT var est,9.0,9.0,9.0,0.9278,"[0.923,0.933]",0.9361,9.0,8.0,324648201069.9634,568043.8319227681,2196928.117660741,727477.3129637167,398.70696019513264,-0.0036519739195538,False,
S1,dollars,DIFF,EQ-P,EQ-P/DIFF(COR-2000),Wald LB90/2s95; residual var est,11.0,10.0,11.0,0.9351,"[0.930,0.940]",0.9366,12.0,1.0,723408016056.5919,808855.3602915558,3023583.2098578033,994390.2822781102,200.0,-0.002327574223143,False,
S1,dollars,DIFF,RA-EST,RA-EST/DIFF(COR-2000),Wald LB90/2s95; residual var est,1.0,1.0,1.0,0.9182,"[0.913,0.923]",0.9464,1.0,13.0,192023733619.40793,436846.9663323161,1707112.6649916251,564823.9051139606,61535.616097103484,-0.0026561763353067,False,
S1,dollars,DIFF,DEF-0.5,DEF-0.5/DIFF(COR-2000),Wald LB90/2s95; residual var est,3.0,3.0,3.0,0.9187,"[0.913,0.924]",0.944,3.0,7.0,244426264208.1362,491468.3431829252,1918645.3904397695,635178.3143435834,398.70413714326924,-0.0031299701775688,False,
S1,dollars,HT,RA-EST(MIS-G-2000),RA-EST(MIS-G-2000)/HT,Wald LB90/2s95; Poisson HT var est,6.0,7.0,6.0,0.9251,"[0.920,0.930]",0.9453,5.0,10.0,254966331081.1509,504541.2893111906,1959729.2090559287,650102.4086385834,61265.93076431604,-0.0037204654527798,False,
S1,dollars,HT,DEF-0.5(MIS-G-2000),DEF-0.5(MIS-G-2000)/HT,Wald LB90/2s95; Poisson HT var est,8.0,8.0,8.0,0.9262,"[0.921,0.931]",0.9369,8.0,6.0,324550812133.0659,565932.9252819609,2196450.5840832824,727422.0735164934,398.69846365666604,-0.0036918879776681,False,
S1,dollars,EXP,SRSWOR,SRSWOR/EXP,Wald LB90/2s95; SRSWOR/stratified var est,13.0,13.0,13.0,0.9571,"[0.953,0.961]",0.8623,13.0,1.0,894668081023.6625,888354.1250236147,3145858.3613083633,1028779.2106903546,200.0,-0.0001171528606642,False,
S1,dollars,DIFF,SRSWOR,SRSWOR/DIFF(COR-2000),Wald LB90/2s95; residual var est,10.0,11.0,12.0,0.9303,"[0.925,0.935]",0.9283,11.0,1.0,723170146679.5164,813915.6114955209,3026322.836407251,990861.6984090024,200.0,-0.0005771088416605,False,
S1,dollars,EXP,ST-PROP,ST-PROP/EXP,Wald LB90/2s95; SRSWOR/stratified var est,12.0,12.0,10.0,0.9274,"[0.922,0.932]",0.8441,10.0,5.0,815755225417.6707,837495.059327961,2987631.2508292315,983963.5039567174,222.5,-0.0028526370494429,False,
S1,dollars,EXP,ST-EQD,ST-EQD/EXP,Wald LB90/2s95; SRSWOR/stratified var est,2.0,2.0,2.0,0.9219,"[0.916,0.927]",0.9406,2.0,9.0,229204344706.45337,466074.6774676712,1829363.207741349,600415.7596358565,634.7,-0.0009248781009583,False,
S1,rate,HT,EQ-P,EQ-P/HT,Wald LB90/2s95; Poisson HT var est,7.0,7.0,8.0,0.9146,"[0.909,0.920]",0.9472,7.0,1.0,995000.0000000002,979.7795670455675,3866.513217939108,1265.7885513035535,200.0,-0.0003441295546558,False,
S1,rate,HT,PPS-A,PPS-A/HT,Wald LB90/2s95; Poisson HT var est,14.0,14.0,14.0,0.9699,"[0.966,0.973]",0.8499,14.0,14.0,4154425.863643532,1996.3097299982492,6633.60761916372,2187.834090063458,61366.09412681075,-0.0038649088583381,False,
S1,rate,HT,RA-OR,RA-OR/HT,Wald LB90/2s95; Poisson HT var est,7.0,7.0,8.0,0.9146,"[0.909,0.920]",0.9472,7.0,1.0,995000.0000000002,979.7795670455675,3866.513217939108,1265.7885513035535,200.0,-0.0003441295546558,False,
S1,rate,HT,RA-EST(COR-2000),RA-EST(COR-2000)/HT,Wald LB90/2s95; Poisson HT var est,12.0,12.0,12.0,0.9224,"[0.917,0.927]",0.9432,10.0,12.0,997054.8086407076,982.6391191496826,3870.328991937846,1267.4880748202745,247.7040513848387,-0.0004356322391713,False,
S1,rate,HT,DEF-0.5(COR-2000),DEF-0.5(COR-2000)/HT,Wald LB90/2s95; Poisson HT var est,10.0,11.0,11.0,0.9187,"[0.913,0.924]",0.9453,9.0,9.0,995505.3501800369,981.1913630115278,3867.311735396363,1266.5729662429555,221.31051179402772,-0.0004500715969447,False,
S1,rate,DIFF,EQ-P,EQ-P/DIFF(COR-2000),Wald LB90/2s95; residual var est,4.0,1.0,1.0,0.9177,"[0.912,0.923]",0.9472,4.0,1.0,748633.7418534262,850.1036269209635,3367.133213915275,1093.8005672719528,200.0,0.0014219569230851,False,
S1,rate,DIFF,RA-EST,RA-EST/DIFF(COR-2000),Wald LB90/2s95; residual var est,6.0,3.0,3.0,0.9166,"[0.911,0.922]",0.9469,6.0,11.0,749365.8411347118,851.8649064684639,3368.6607847944833,1094.5081972442224,234.05771580121777,0.0013798076281568,False,
S1,rate,DIFF,DEF-0.5,DEF-0.5/DIFF(COR-2000),Wald LB90/2s95; residual var est,5.0,2.0,2.0,0.9183,"[0.913,0.924]",0.9472,5.0,7.0,748814.7637610909,850.2880516212867,3367.179612751308,1094.4013000347916,215.6926367467358,0.0013034218059286,False,
S1,rate,HT,RA-EST(MIS-G-2000),RA-EST(MIS-G-2000)/HT,Wald LB90/2s95; Poisson HT var est,11.0,9.0,10.0,0.9214,"[0.916,0.927]",0.9459,12.0,8.0,995697.2812536043,979.9163966727814,3866.7934805861546,1268.7662424359814,217.59718492878702,-0.0009283530738793,False,
S1,rate,HT,DEF-0.5(MIS-G-2000),DEF-0.5(MIS-G-2000)/HT,Wald LB90/2s95; Poisson HT var est,9.0,10.0,7.0,0.9179,"[0.912,0.923]",0.9467,11.0,6.0,995173.8786708902,980.657874683012,3866.101562988684,1267.583871734285,208.4278258567933,-0.0007347983366112,False,
S1,rate,EXP,SRSWOR,SRSWOR/EXP,Wald LB90/2s95; SRSWOR/stratified var est,1.0,5.0,4.0,0.9054,"[0.900,0.911]",0.9437,2.0,1.0,746250.0000000001,869.8717146798142,3368.792506871848,1089.8275111457915,200.0,0.0023360323886639,False,
S1,rate,DIFF,SRSWOR,SRSWOR/DIFF(COR-2000),Wald LB90/2s95; residual var est,3.0,6.0,6.0,0.9064,"[0.901,0.912]",0.9404,3.0,1.0,748216.4414283606,871.1460012217021,3373.6105913940496,1091.5329513574045,200.0,0.0023096655578718,False,
S1,rate,EXP,ST-PROP,ST-PROP/EXP,Wald LB90/2s95; SRSWOR/stratified var est,2.0,4.0,5.0,0.9029,"[0.897,0.909]",0.9403,1.0,10.0,746724.7834292763,868.419577781519,3369.852991510779,1087.769414804955,222.5,0.0028228346473469,False,
S1,rate,EXP,ST-EQD,ST-EQD/EXP,Wald LB90/2s95; SRSWOR/stratified var est,13.0,13.0,13.0,0.9226,"[0.917,0.928]",0.9296,13.0,13.0,1691047.6312499996,1283.6652318640167,5033.9829339400485,1609.8620692871018,634.7,0.0072692692307691,False,
S2,dollars,HT,EQ-P,EQ-P/HT,Wald LB90/2s95; Poisson HT var est,16.0,16.0,16.0,0.9593,"[0.955,0.963]",0.8678,16.0,1.0,1509510965701.5657,1132193.4268446,4100464.474716035,1363299.5851303264,200.0,-0.0069978554138137,False,
S2,dollars,HT,PPS-A,PPS-A/HT,Wald LB90/2s95; Poisson HT var est,9.0,9.0,9.0,0.9151,"[0.909,0.920]",0.9398,9.0,10.0,331662340207.391,572598.7152158237,2220220.779728126,735502.6247396532,61366.09412681075,-0.0029686762184603,False,
S2,dollars,HT,RA-OR,RA-OR/HT,Wald LB90/2s95; Poisson HT var est,6.0,6.0,6.0,0.9228,"[0.917,0.928]",0.9405,6.0,13.0,314216228671.25323,559351.4861091311,2165083.0058150394,718213.3807751945,116006.12680313496,-0.0031956528913996,False,
S2,dollars,HT,RA-EST(COR-2000),RA-EST(COR-2000)/HT,Wald LB90/2s95; Poisson HT var est,7.0,7.0,7.0,0.9231,"[0.918,0.928]",0.9392,7.0,15.0,314681764305.986,560305.4125305229,2166791.614807127,719000.6985321132,117783.92347564362,-0.0032660841952766,False,
S2,dollars,HT,DEF-0.5(COR-2000),DEF-0.5(COR-2000)/HT,Wald LB90/2s95; Poisson HT var est,10.0,10.0,10.0,0.9276,"[0.922,0.933]",0.937,10.0,8.0,415841077865.77594,636963.8238754701,2471300.845177408,821762.8120760221,399.32194151796773,-0.0042540066489085,False,
S2,dollars,DIFF,EQ-P,EQ-P/DIFF(COR-2000),Wald LB90/2s95; residual var est,13.0,12.0,12.0,0.9002,"[0.894,0.906]",0.9588,13.0,1.0,825612385437.9996,903445.010312582,3345778.059364449,1112770.875270075,200.0,-0.0058285330884905,False,
S2,dollars,DIFF,RA-EST,RA-EST/DIFF(COR-2000),Wald LB90/2s95; residual var est,1.0,2.0,1.0,0.9127,"[0.907,0.918]",0.9455,2.0,11.0,197943670778.55914,452110.2901187582,1741998.0026458348,582794.5493348566,94603.64399949508,-0.0040891007203805,False,
S2,dollars,DIFF,DEF-0.5,DEF-0.5/DIFF(COR-2000),Wald LB90/2s95; residual var est,4.0,5.0,4.0,0.9112,"[0.905,0.917]",0.9459,5.0,6.0,257120532860.04572,510748.3713011699,1983957.3286946565,664374.7744027551,399.1561501410749,-0.0048515202562618,False,
S2,dollars,HT,RA-EST(MIS-G-2000),RA-EST(MIS-G-2000)/HT,Wald LB90/2s95; Poisson HT var est,8.0,8.0,8.0,0.9213,"[0.916,0.926]",0.9407,8.0,12.0,318238151287.75824,562309.0096972596,2178381.8648630064,723569.1205217534,101791.48587018644,-0.0035060285386857,False,
S2,dollars,HT,DEF-0.5(MIS-G-2000),DEF-0.5(MIS-G-2000)/HT,Wald LB90/2s95; Poisson HT var est,11.0,11.0,11.0,0.9261,"[0.921,0.931]",0.9374,11.0,7.0,420467992260.3881,640598.5424401982,2484333.986305536,829370.0113080643,399.2156207965812,-0.0052844466105789,False,
S2,dollars,EXP,SRSWOR,SRSWOR/EXP,Wald LB90/2s95; SRSWOR/stratified var est,15.0,15.0,15.0,0.9596,"[0.956,0.963]",0.8731,15.0,1.0,1399265256220.331,1084904.228770782,3947305.96381006,1290222.909813891,200.0,8.604134560035611e-05,False,
S2,dollars,DIFF,SRSWOR,SRSWOR/DIFF(COR-2000),Wald LB90/2s95; residual var est,12.0,13.0,13.0,0.8966,"[0.890,0.902]",0.9522,12.0,1.0,825365511260.0011,907750.1243884916,3349545.4553999407,1090399.162920255,200.0,0.0014398823975421,False,
S2,dollars,EXP,ST-PROP,ST-PROP/EXP,Wald LB90/2s95; SRSWOR/stratified var est,14.0,14.0,14.0,0.8987,"[0.893,0.904]",0.8432,14.0,5.0,1101588372455.29,980916.1427811343,3499613.866294171,1137579.04755121,222.5,0.0020195306313481,False,
S2,dollars,EXP,ST-EQD,ST-EQD/EXP,Wald LB90/2s95; SRSWOR/stratified var est,5.0,4.0,5.0,0.9158,"[0.910,0.921]",0.9434,4.0,9.0,273246049620.3993,505722.85415614926,1987843.536566704,653720.0647284638,634.7,-0.0011792700175225,False,
S2,dollars,HT,CPS-RA-OR,CPS-RA-OR/HT,Wald LB90/2s95; Deville approx var est,2.0,3.0,2.0,0.9077,"[0.902,0.913]",0.9449,3.0,13.0,206647717529.6639,455342.0661974859,1775596.490796473,583006.8312991274,116006.12680313496,-0.0007719303831618,False,
S2,dollars,HT,CPS-RA-EST(COR-2000),CPS-RA-EST(COR-2000)/HT,Wald LB90/2s95; Deville approx var est,3.0,1.0,3.0,0.9132,"[0.908,0.919]",0.9475,1.0,15.0,207112355607.97134,449916.1289077755,1779789.4543022304,581056.3137533381,117783.92347564362,0.0002508389664335,False,
S2,rate,HT,EQ-P,EQ-P/HT,Wald LB90/2s95; Poisson HT var est,14.0,14.0,14.0,0.9332,"[0.928,0.938]",0.9473,14.0,1.0,995000.0,995.3180999057538,3883.0037074564734,1284.959827067872,200.0,-0.003097858715229,False,
S2,rate,HT,PPS-A,PPS-A/HT,Wald LB90/2s95; Poisson HT var est,16.0,16.0,16.0,0.9621,"[0.958,0.966]",0.8643,16.0,16.0,3037815.361347657,1781.2692780419393,5981.185305279176,1959.652256891077,61366.09412681075,-0.0008422708130541,False,
S2,rate,HT,RA-OR,RA-OR/HT,Wald LB90/2s95; Poisson HT var est,9.0,9.0,9.0,0.9235,"[0.918,0.929]",0.9396,9.0,12.0,927544.8031071078,969.5501644839452,3751.6734564151734,1236.285472091192,1004.4418525136216,-0.0019495222666669,False,
S2,rate,HT,RA-EST(COR-2000),RA-EST(COR-2000)/HT,Wald LB90/2s95; Poisson HT var est,10.0,10.0,10.0,0.923,"[0.918,0.928]",0.9389,10.0,14.0,929251.9528511151,970.5705920857836,3754.110840095613,1238.977785733165,1010.8875118228034,-0.0023288406335285,False,
S2,rate,HT,DEF-0.5(COR-2000),DEF-0.5(COR-2000)/HT,Wald LB90/2s95; Poisson HT var est,12.0,12.0,12.0,0.9238,"[0.918,0.929]",0.9395,12.0,8.0,944523.3233509453,974.2136386462964,3785.485772062385,1249.962968499863,333.93271620278017,-0.0024744680308173,False,
S2,rate,DIFF,EQ-P,EQ-P/DIFF(COR-2000),Wald LB90/2s95; residual var est,4.0,3.0,3.0,0.9152,"[0.910,0.921]",0.95,5.0,1.0,672879.9701074394,815.4846692984418,3204.4023605643274,1059.2959760181434,200.0,-0.0023359884769488,False,
S2,rate,DIFF,RA-EST,RA-EST/DIFF(COR-2000),Wald LB90/2s95; residual var est,1.0,1.0,1.0,0.915,"[0.909,0.920]",0.9473,1.0,11.0,654946.313284149,811.003810776447,3161.9719892654234,1045.964577809704,847.3182920030022,-0.0024441465856308,False,
S2,rate,DIFF,DEF-0.5,DEF-0.5/DIFF(COR-2000),Wald LB90/2s95; residual var est,2.0,2.0,2.0,0.9116,"[0.906,0.917]",0.9492,3.0,7.0,659405.8975817555,813.8330974288731,3173.424484844009,1048.7764261984669,323.61443449337025,-0.002257565879463,False,
S2,rate,HT,RA-EST(MIS-G-2000),RA-EST(MIS-G-2000)/HT,Wald LB90/2s95; Poisson HT var est,11.0,11.0,11.0,0.9218,"[0.916,0.927]",0.9393,11.0,9.0,943392.4277442822,972.2970931060756,3776.2017886867984,1247.7340213588532,630.4024414530334,-0.0026358224591631,False,
S2,rate,HT,DEF-0.5(MIS-G-2000),DEF-0.5(MIS-G-2000)/HT,Wald LB90/2s95; Poisson HT var est,13.0,13.0,13.0,0.9235,"[0.918,0.929]",0.9403,13.0,6.0,956476.1580758067,980.1781753036684,3806.877462609637,1256.5485822963064,303.66109551904714,-0.0023928143352048,False,
S2,rate,EXP,SRSWOR,SRSWOR/EXP,Wald LB90/2s95; SRSWOR/stratified var est,8.0,8.0,8.0,0.8978,"[0.892,0.904]",0.9449,8.0,1.0,746253.7720927006,861.8700830171564,3380.0265529461653,1104.2002850966148,200.0,0.0001681008605163,False,
S2,rate,DIFF,SRSWOR,SRSWOR/DIFF(COR-2000),Wald LB90/2s95; residual var est,3.0,4.0,4.0,0.9123,"[0.907,0.918]",0.9465,2.0,1.0,672532.2674255116,817.9451896872607,3212.789902199842,1048.6633241905206,200.0,0.000340579698579,False,
S2,rate,EXP,ST-PROP,ST-PROP/EXP,Wald LB90/2s95; SRSWOR/stratified var est,7.0,7.0,7.0,0.9101,"[0.904,0.916]",0.9413,7.0,5.0,736472.8791008753,855.9652598130714,3357.7714805776013,1096.675233295033,222.5,0.0002179601708393,False,
S2,rate,EXP,ST-EQD,ST-EQD/EXP,Wald LB90/2s95; SRSWOR/stratified var est,15.0,15.0,15.0,0.9268,"[0.922,0.932]",0.9163,15.0,10.0,1547470.1942570226,1248.6143086385805,4810.069633246568,1572.3388803996463,634.7,4.5799479687846295e-05,False,
S2,rate,HT,CPS-RA-OR,CPS-RA-OR/HT,Wald LB90/2s95; Deville approx var est,5.0,5.0,5.0,0.9154,"[0.910,0.921]",0.9395,6.0,12.0,679035.1432588138,823.0787865903549,3222.387951380176,1063.6053444762144,1004.4418525136216,-0.0020216589987153,False,
S2,rate,HT,CPS-RA-EST(COR-2000),CPS-RA-EST(COR-2000)/HT,Wald LB90/2s95; Deville approx var est,6.0,6.0,6.0,0.9134,"[0.908,0.919]",0.9419,4.0,14.0,680846.622754625,833.8376029485029,3230.4876509599208,1052.82832599974,1010.8875118228034,0.0006649675612228,False,
S3,dollars,HT,EQ-P,EQ-P/HT,Wald LB90/2s95; Poisson HT var est,14.0,14.0,14.0,0.9768,"[0.974,0.980]",0.7562,14.0,1.0,523843673414.87494,641177.8248559514,1973344.196341204,641213.5318983591,200.0,0.0046916466194775,False,
S3,dollars,HT,PPS-A,PPS-A/HT,Wald LB90/2s95; Poisson HT var est,7.0,7.0,7.0,0.9265,"[0.921,0.931]",0.9086,7.0,10.0,90629066104.79428,288457.53634290525,1115538.8807228005,363539.186358568,61366.09412681075,0.0013903857644993,False,
S3,dollars,HT,RA-OR,RA-OR/HT,Wald LB90/2s95; Poisson HT var est,2.0,2.0,2.0,0.9385,"[0.934,0.943]",0.9137,2.0,13.0,60142654762.16774,234469.0359082289,888467.2267200161,291138.7375322181,597597.6743062513,-0.0007984805007972,False,
S3,dollars,HT,RA-EST(COR-2000),RA-EST(COR-2000)/HT,Wald LB90/2s95; Poisson HT var est,3.0,3.0,3.0,0.9397,"[0.935,0.944]",0.9122,3.0,14.0,61024886533.01287,236202.69456120423,894000.9012403159,291845.71827570064,622379.1307849535,0.0005150466210149,False,
S3,dollars,HT,DEF-0.5(COR-2000),DEF-0.5(COR-2000)/HT,Wald LB90/2s95; Poisson HT var est,6.0,6.0,6.0,0.9361,"[0.931,0.941]",0.9097,6.0,8.0,86800180367.09625,279687.35683724144,1059504.083813481,345785.38334413053,399.87150204486466,0.0007160903050408,False,
S3,dollars,DIFF,EQ-P,EQ-P/DIFF(COR-2000),Wald LB90/2s95; residual var est,11.0,11.0,11.0,0.9467,"[0.942,0.951]",0.9143,11.0,1.0,342533537802.32074,518699.608761321,1754036.9477316025,572620.7139808374,200.0,0.0009901807716857,False,
S3,dollars,DIFF,RA-EST,RA-EST/DIFF(COR-2000),Wald LB90/2s95; residual var est,1.0,1.0,1.0,0.9339,"[0.929,0.939]",0.9255,1.0,12.0,48785022886.71194,211147.2734624435,805461.3973523213,262397.27263272065,551096.2669877564,0.0011133323188194,False,
S3,dollars,DIFF,DEF-0.5,DEF-0.5/DIFF(COR-2000),Wald LB90/2s95; residual var est,4.0,4.0,4.0,0.9366,"[0.932,0.941]",0.9291,4.0,7.0,68238095740.55214,246136.04345894777,949697.661355848,311367.4625854739,399.8548834102952,-0.0010493623564257,False,
S3,dollars,HT,RA-EST(MIS-G-2000),RA-EST(MIS-G-2000)/HT,Wald LB90/2s95; Poisson HT var est,5.0,5.0,5.0,0.9393,"[0.934,0.944]",0.9217,5.0,11.0,68655327903.394424,250434.73110536547,961275.1258268724,314729.18555864424,372762.41578116163,-0.0005448519357819,False,
S3,dollars,HT,DEF-0.5(MIS-G-2000),DEF-0.5(MIS-G-2000)/HT,Wald LB90/2s95; Poisson HT var est,8.0,9.0,9.0,0.9386,"[0.934,0.943]",0.9163,9.0,6.0,97213675900.16594,295475.40066519193,1131199.4903621832,369656.3825584944,399.7855007637576,0.0002019022341328,False,
S3,dollars,EXP,SRSWOR,SRSWOR/EXP,Wald LB90/2s95; SRSWOR/stratified var est,13.0,13.0,13.0,0.9767,"[0.974,0.979]",0.7535,13.0,1.0,515518790972.05975,622827.8833883649,1937969.5077284852,635095.845700448,200.0,-0.0018005042507661,False,
S3,dollars,DIFF,SRSWOR,SRSWOR/DIFF(COR-2000),Wald LB90/2s95; residual var est,10.0,10.0,10.0,0.9395,"[0.935,0.944]",0.907,10.0,1.0,342411556404.7852,514979.6600642084,1735718.5934704856,566899.2671033131,200.0,0.0006714787139469,False,
S3,dollars,EXP,ST-PROP,ST-PROP/EXP,Wald LB90/2s95; SRSWOR/stratified var est,12.0,12.0,12.0,0.9683,"[0.965,0.972]",0.7255,12.0,5.0,508432768553.6178,620010.2419323612,1897364.6495315204,628214.9009499707,222.5,-0.0094208565848555,False,
S3,dollars,EXP,ST-EQD,ST-EQD/EXP,Wald LB90/2s95; SRSWOR/stratified var est,9.0,8.0,8.0,0.9341,"[0.929,0.939]",0.9182,8.0,9.0,98011479196.46783,295442.44472324575,1126800.0009917098,367643.16983253986,634.7,0.0008870283857639,False,
S3,rate,HT,EQ-P,EQ-P/HT,Wald LB90/2s95; Poisson HT var est,12.0,12.0,12.0,0.9335,"[0.928,0.938]",0.8642,12.0,1.0,198999.99999999997,447.80120589386536,1680.9470363422931,548.2160946563911,200.0,0.0013659531090724,False,
S3,rate,HT,PPS-A,PPS-A/HT,Wald LB90/2s95; Poisson HT var est,14.0,14.0,14.0,0.9757,"[0.972,0.979]",0.7957,14.0,14.0,436671.8692151953,627.9696268270276,1931.80936306767,632.9887597370862,61366.09412681075,-0.0014450924575211,False,
S3,rate,HT,RA-OR,RA-OR/HT,Wald LB90/2s95; Poisson HT var est,3.0,3.0,3.0,0.9471,"[0.943,0.951]",0.8999,3.0,12.0,118727.13445322984,337.45242533292526,1255.934827937015,410.39812299771125,7888.993785197272,0.0002117214651582,False,
S3,rate,HT,RA-EST(COR-2000),RA-EST(COR-2000)/HT,Wald LB90/2s95; Poisson HT var est,4.0,4.0,4.0,0.9469,"[0.942,0.951]",0.8976,4.0,13.0,120635.44360874925,339.26709441501146,1259.9290572863813,412.90161519934605,8409.962143374476,-0.0010091236984359,False,
S3,rate,HT,DEF-0.5(COR-2000),DEF-0.5(COR-2000)/HT,Wald LB90/2s95; Poisson HT var est,5.0,5.0,5.0,0.9385,"[0.934,0.943]",0.908,5.0,8.0,132876.25065149995,360.921579137671,1363.9474390877535,447.7250224979324,390.70823570002767,-0.0018413614746778,False,
S3,rate,DIFF,EQ-P,EQ-P/DIFF(COR-2000),Wald LB90/2s95; residual var est,8.0,7.0,7.0,0.9329,"[0.928,0.938]",0.9212,7.0,1.0,144995.86608379343,378.1970223147376,1438.331979098289,467.4223986242611,200.0,0.0028694867297916,False,
S3,rate,DIFF,RA-EST,RA-EST/DIFF(COR-2000),Wald LB90/2s95; residual var est,1.0,1.0,1.0,0.9455,"[0.941,0.950]",0.9053,1.0,11.0,102980.22550308183,313.70508092500313,1162.5563461426943,377.62791372432355,7700.812255779103,0.002496895336933,False,
S3,rate,DIFF,DEF-0.5,DEF-0.5/DIFF(COR-2000),Wald LB90/2s95; residual var est,2.0,2.0,2.0,0.9343,"[0.929,0.939]",0.9154,2.0,7.0,111236.0579180683,328.8742376563451,1245.923799999724,404.29959536748447,389.8744501061131,0.0030920455910523,False,
S3,rate,HT,RA-EST(MIS-G-2000),RA-EST(MIS-G-2000)/HT,Wald LB90/2s95; Poisson HT var est,6.0,6.0,6.0,0.9416,"[0.937,0.946]",0.9036,6.0,10.0,142347.66968866636,372.7049013205731,1402.2222373446546,459.8887011384448,2667.591078818343,-0.0014849964840472,False,
S3,rate,HT,DEF-0.5(MIS-G-2000),DEF-0.5(MIS-G-2000)/HT,Wald LB90/2s95; Poisson HT var est,9.0,9.0,9.0,0.9396,"[0.935,0.944]",0.9119,9.0,6.0,156199.67890954143,391.9606100014637,1491.200807411512,489.1558920098529,372.10191431074696,-0.0016656396919381,False,
S3,rate,EXP,SRSWOR,SRSWOR/EXP,Wald LB90/2s95; SRSWOR/stratified var est,11.0,11.0,10.0,0.9428,"[0.938,0.947]",0.8742,11.0,1.0,189052.2678502632,430.17577802568104,1646.867827076407,536.5144960526115,200.0,0.0019367991845055,False,
S3,rate,DIFF,SRSWOR,SRSWOR/DIFF(COR-2000),Wald LB90/2s95; residual var est,7.0,8.0,8.0,0.9356,"[0.931,0.940]",0.9159,8.0,1.0,144917.67532942755,378.4870155306377,1440.5370427837292,469.2958814298548,200.0,0.0016945876648681,False,
S3,rate,EXP,ST-PROP,ST-PROP/EXP,Wald LB90/2s95; SRSWOR/stratified var est,10.0,10.0,11.0,0.9457,"[0.941,0.950]",0.8913,10.0,5.0,188364.84542134544,428.6342926524923,1647.0168199766888,535.6726697223531,222.5,0.0028445840375021,False,
S3,rate,EXP,ST-EQD,ST-EQD/EXP,Wald LB90/2s95; SRSWOR/stratified var est,13.0,13.0,13.0,0.9706,"[0.967,0.974]",0.7627,13.0,9.0,323718.1113753883,561.8829901827871,1916.1978514398952,632.8304396468749,634.7,-0.0064864678899083,False,
S4,dollars,HT,EQ-P,EQ-P/HT,Wald LB90/2s95; Poisson HT var est,14.0,14.0,13.0,0.9574,"[0.953,0.961]",0.869,14.0,1.0,128986633152.4064,313636.88699048234,1129768.518690847,376459.6696104164,50.0,-0.0084636614715917,False,
S4,dollars,HT,PPS-A,PPS-A/HT,Wald LB90/2s95; Poisson HT var est,7.0,7.0,7.0,0.9175,"[0.912,0.923]",0.9486,7.0,10.0,20682981324.886223,138349.50310999548,543055.8182324816,178791.03158600454,15341.523531702687,-0.0014879056844871,False,
S4,dollars,HT,RA-OR,RA-OR/HT,Wald LB90/2s95; Poisson HT var est,2.0,2.0,2.0,0.9241,"[0.919,0.929]",0.9386,2.0,13.0,13101830079.239,109473.02967496004,427858.1824527135,138773.4909563126,148558.9526534301,0.0013195649697667,False,
S4,dollars,HT,RA-EST(COR-2000),RA-EST(COR-2000)/HT,Wald LB90/2s95; Poisson HT var est,3.0,3.0,3.0,0.9255,"[0.920,0.930]",0.939,3.0,14.0,13317342235.755423,111092.20518316368,430724.7894205007,139681.50568208416,154697.94903430186,0.00135433159554,False,
S4,dollars,HT,DEF-0.5(COR-2000),DEF-0.5(COR-2000)/HT,Wald LB90/2s95; Poisson HT var est,6.0,6.0,6.0,0.9257,"[0.920,0.931]",0.9401,6.0,8.0,19873187889.192696,132335.67604591345,519206.91856035026,169545.2829042401,99.9676892508043,0.0002387075796509,False,
S4,dollars,DIFF,EQ-P,EQ-P/DIFF(COR-2000),Wald LB90/2s95; residual var est,11.0,10.0,10.0,0.9222,"[0.917,0.927]",0.9424,10.0,1.0,84342428906.09908,256981.93489572825,957225.3322438996,313760.3060973856,50.0,-0.0009680875739317,False,
S4,dollars,DIFF,RA-EST,RA-EST/DIFF(COR-2000),Wald LB90/2s95; residual var est,1.0,1.0,1.0,0.9219,"[0.916,0.927]",0.9429,1.0,12.0,10920328996.385008,100682.24611977664,391745.2283192697,127281.0290330586,137354.2388275955,0.0009453061427318,False,
S4,dollars,DIFF,DEF-0.5,DEF-0.5/DIFF(COR-2000),Wald LB90/2s95; residual var est,5.0,5.0,5.0,0.9186,"[0.913,0.924]",0.9439,5.0,7.0,15825671122.592293,119586.13989182214,467811.75696863554,152411.09171160823,99.96361016265877,0.0006337181800907,False,
S4,dollars,HT,RA-EST(MIS-G-2000),RA-EST(MIS-G-2000)/HT,Wald LB90/2s95; Poisson HT var est,4.0,4.0,4.0,0.9237,"[0.918,0.929]",0.944,4.0,11.0,15208339954.31639,118803.37031784053,464088.9755146181,151267.71306715766,92886.23391178282,0.0005458610495863,False,
S4,dollars,HT,DEF-0.5(MIS-G-2000),DEF-0.5(MIS-G-2000)/HT,Wald LB90/2s95; Poisson HT var est,8.0,9.0,9.0,0.9246,"[0.919,0.930]",0.9385,8.0,6.0,22413515601.836716,142380.90503240202,555382.8030750874,182171.4116697628,99.94619951345304,-0.0007135939605168,False,
S4,dollars,EXP,SRSWOR,SRSWOR/EXP,Wald LB90/2s95; SRSWOR/stratified var est,13.0,13.0,14.0,0.9577,"[0.954,0.961]",0.8646,13.0,1.0,126936787726.7886,313186.4629472452,1129828.6557573655,370311.0153056508,50.0,-0.0011123949350519,False,
S4,dollars,DIFF,SRSWOR,SRSWOR/DIFF(COR-2000),Wald LB90/2s95; residual var est,10.0,11.0,11.0,0.9189,"[0.913,0.924]",0.9359,11.0,1.0,84312393285.60039,259719.2619307016,960201.0872092884,314333.05137319205,50.0,-0.0004912265023622,False,
S4,dollars,EXP,ST-PROP,ST-PROP/EXP,Wald LB90/2s95; SRSWOR/stratified var est,12.0,12.0,12.0,0.9462,"[0.942,0.950]",0.87,12.0,5.0,113050335261.79813,300266.2372451415,1085355.0036793128,355275.53148744913,50.346666666666664,-0.0005217436930625,False,
S4,dollars,EXP,ST-EQD,ST-EQD/EXP,Wald LB90/2s95; SRSWOR/stratified var est,9.0,8.0,8.0,0.9242,"[0.919,0.929]",0.9404,9.0,9.0,22753693743.34077,141334.54011946815,553569.9122911022,182674.33428302463,158.675,-0.0020193250602488,False,
S4,rate,HT,EQ-P,EQ-P/HT,Wald LB90/2s95; Poisson HT var est,12.0,12.0,12.0,0.9361,"[0.931,0.941]",0.9445,12.0,1.0,48999.99999999999,221.47740291054524,853.2581570569096,280.22776035052857,50.0,-0.0012945973496432,False,
S4,rate,HT,PPS-A,PPS-A/HT,Wald LB90/2s95; Poisson HT var est,14.0,14.0,14.0,0.9589,"[0.955,0.963]",0.8654,14.0,14.0,108417.96730379884,325.8866075160948,1116.305907747338,368.8156533647884,15341.523531702687,-0.0039337955153183,False,
S4,rate,HT,RA-OR,RA-OR/HT,Wald LB90/2s95; Poisson HT var est,3.0,3.0,3.0,0.9277,"[0.922,0.933]",0.9299,3.0,12.0,28931.783613307467,168.02863522456022,637.7042261334427,210.29547092107103,1972.248446299318,-0.0018443225370793,False,
S4,rate,HT,RA-EST(COR-2000),RA-EST(COR-2000)/HT,Wald LB90/2s95; Poisson HT var est,4.0,4.0,4.0,0.9275,"[0.922,0.932]",0.9301,4.0,13.0,29408.860902187313,169.06100489010265,641.7727750359878,211.1780054805612,2102.490535843619,-0.0013880472989845,False,
S4,rate,HT,DEF-0.5(COR-2000),DEF-0.5(COR-2000)/HT,Wald LB90/2s95; Poisson HT var est,5.0,5.0,5.0,0.9256,"[0.920,0.931]",0.934,5.0,8.0,32469.062662874992,178.9762670168866,687.9580797154166,227.80105052098773,97.67705892500692,-0.0029411270937613,False,
S4,rate,DIFF,EQ-P,EQ-P/DIFF(COR-2000),Wald LB90/2s95; residual var est,8.0,8.0,7.0,0.9222,"[0.917,0.927]",0.9425,8.0,1.0,35702.49968897426,188.14797562835795,728.6062937459989,239.81234481034417,50.0,-0.001638451266332,False,
S4,rate,DIFF,RA-EST,RA-EST/DIFF(COR-2000),Wald LB90/2s95; residual var est,1.0,1.0,1.0,0.9286,"[0.923,0.933]",0.9294,1.0,11.0,25198.589543796363,155.98489243129512,593.8785305232648,196.02463387340788,1925.2030639447757,-0.0019026344572986,False,
S4,rate,DIFF,DEF-0.5,DEF-0.5/DIFF(COR-2000),Wald LB90/2s95; residual var est,2.0,2.0,2.0,0.9233,"[0.918,0.928]",0.9369,2.0,7.0,27262.547647542982,163.95978668458216,630.5677096223209,208.71265089002387,97.46861252652828,-0.002609193723609,False,
S4,rate,HT,RA-EST(MIS-G-2000),RA-EST(MIS-G-2000)/HT,Wald LB90/2s95; Poisson HT var est,6.0,6.0,6.0,0.9267,"[0.921,0.932]",0.9318,6.0,10.0,34836.91742216659,185.49349511555695,710.9926678597767,234.91136094743177,666.8977697045857,-0.0025125405635798,False,
S4,rate,HT,DEF-0.5(MIS-G-2000),DEF-0.5(MIS-G-2000)/HT,Wald LB90/2s95; Poisson HT var est,9.0,9.0,9.0,0.9224,"[0.917,0.927]",0.9354,9.0,6.0,38299.91972738536,196.42139067926263,753.1888977082343,248.83578190976365,93.02547857768674,-0.0026441461879634,False,
S4,rate,EXP,SRSWOR,SRSWOR/EXP,Wald LB90/2s95; SRSWOR/stratified var est,11.0,11.0,11.0,0.9086,"[0.903,0.914]",0.9451,11.0,1.0,46550.55841539144,215.2457200503648,834.9925464664212,269.1711399451256,50.0,0.0038888888888889,False,
S4,rate,DIFF,SRSWOR,SRSWOR/DIFF(COR-2000),Wald LB90/2s95; residual var est,7.0,7.0,8.0,0.9172,"[0.912,0.922]",0.939,7.0,1.0,35683.24668915552,188.00868007474108,730.1306622133525,236.84294863834575,50.0,0.0018964739681645,False,
S4,rate,EXP,ST-PROP,ST-PROP/EXP,Wald LB90/2s95; SRSWOR/stratified var est,10.0,10.0,10.0,0.912,"[0.906,0.917]",0.9439,10.0,5.0,45860.24242195983,213.26978401380072,830.0747029626403,267.1032446886182,50.346666666666664,0.0043578927044043,False,
S4,rate,EXP,ST-EQD,ST-EQD/EXP,Wald LB90/2s95; SRSWOR/stratified var est,13.0,13.0,13.0,0.9375,"[0.933,0.942]",0.9,13.0,9.0,80227.06036597432,284.9349999881552,1072.132102385138,344.7775805566877,158.675,0.0058482874617735,False,
S5,dollars,HT,EQ-P,EQ-P/HT,Wald LB90/2s95; Poisson HT var est,16.0,16.0,16.0,0.9567,"[0.953,0.961]",0.8707,16.0,1.0,1895424879901.523,1348013.005737122,4834866.031372207,1585133.611670416,200.0,-0.0011619958268235,False,
S5,dollars,HT,PPS-A,PPS-A/HT,Wald LB90/2s95; Poisson HT var est,9.0,9.0,9.0,0.9273,"[0.922,0.932]",0.9417,9.0,10.0,383683478071.632,612834.5115012717,2414596.5751871867,789424.1053566028,61366.09412681075,-3.6967635266882303e-06,False,
S5,dollars,HT,RA-OR,RA-OR/HT,Wald LB90/2s95; Poisson HT var est,6.0,6.0,6.0,0.9217,"[0.916,0.927]",0.9402,6.0,13.0,335763319619.18823,581798.181285431,2263550.1101505333,738005.183725282,407122.601490881,0.0005271045074779,False,
S5,dollars,HT,RA-EST(COR-2000),RA-EST(COR-2000)/HT,Wald LB90/2s95; Poisson HT var est,7.0,7.0,7.0,0.9191,"[0.914,0.924]",0.9409,7.0,15.0,336294959372.05695,583651.6516773689,2265202.7976974947,738043.4177195511,411614.22286396264,0.0006579415168822,False,
S5,dollars,HT,DEF-0.5(COR-2000),DEF-0.5(COR-2000)/HT,Wald LB90/2s95; Poisson HT var est,10.0,10.0,10.0,0.9257,"[0.920,0.931]",0.9395,10.0,8.0,459196970482.5954,674876.6786806132,2638750.761433031,864769.5648311775,399.80573754302503,-0.0005410786971221,False,
S5,dollars,DIFF,EQ-P,EQ-P/DIFF(COR-2000),Wald LB90/2s95; residual var est,13.0,12.0,12.0,0.893,"[0.887,0.899]",0.9587,13.0,1.0,714039699499.7664,860582.7399815994,3171627.3316443423,1033538.353993635,200.0,0.0008780439860595,False,
S5,dollars,DIFF,RA-EST,RA-EST/DIFF(COR-2000),Wald LB90/2s95; residual var est,1.0,1.0,1.0,0.9061,"[0.900,0.912]",0.9491,1.0,12.0,164994533165.3639,414582.57492999686,1604168.4194580007,522009.251812204,285051.3225496263,0.0006372487553602,False,
S5,dollars,DIFF,DEF-0.5,DEF-0.5/DIFF(COR-2000),Wald LB90/2s95; residual var est,4.0,4.0,4.0,0.901,"[0.895,0.907]",0.9486,4.0,7.0,217634963268.44073,475680.89384394314,1848574.0455771163,601397.8031113052,399.71954555587456,0.0007716011332453,False,
S5,dollars,HT,RA-EST(MIS-G-2000),RA-EST(MIS-G-2000)/HT,Wald LB90/2s95; Poisson HT var est,8.0,8.0,8.0,0.9222,"[0.917,0.927]",0.9446,8.0,11.0,346298872776.75024,588021.1942908879,2296387.0363542344,751695.776663824,276174.29363608116,-0.0002429696839977,False,
S5,dollars,HT,DEF-0.5(MIS-G-2000),DEF-0.5(MIS-G-2000)/HT,Wald LB90/2s95; Poisson HT var est,11.0,11.0,11.0,0.9275,"[0.922,0.932]",0.9416,11.0,6.0,471013338492.89703,682615.5089992142,2672030.713050092,877021.0758156558,399.710536401456,-0.0008984014811911,False,
S5,dollars,EXP,SRSWOR,SRSWOR/EXP,Wald LB90/2s95; SRSWOR/stratified var est,15.0,15.0,15.0,0.9558,"[0.952,0.960]",0.8738,15.0,1.0,1747331905111.3088,1298632.3436931649,4646427.142547531,1495560.799480165,200.0,0.0061256248253746,False,
S5,dollars,DIFF,SRSWOR,SRSWOR/DIFF(COR-2000),Wald LB90/2s95; residual var est,12.0,13.0,13.0,0.8832,"[0.877,0.889]",0.955,12.0,1.0,713788338423.7247,872290.9673514697,3189526.623477044,1022541.1929958042,200.0,0.0052687018833239,False,
S5,dollars,EXP,ST-PROP,ST-PROP/EXP,Wald LB90/2s95; SRSWOR/stratified var est,14.0,14.0,14.0,0.8823,"[0.876,0.888]",0.8468,14.0,5.0,1215426146658.017,1083279.8259788333,3844538.862026408,1250385.2606708724,222.5,0.0016988172827655,False,
S5,dollars,EXP,ST-EQD,ST-EQD/EXP,Wald LB90/2s95; SRSWOR/stratified var est,5.0,5.0,5.0,0.9094,"[0.904,0.915]",0.9453,5.0,9.0,291061763185.42664,537534.604937608,2097082.4726326312,677483.7758126953,634.7,0.0021161041378939,False,
S5,dollars,HT,CPS-RA-OR,CPS-RA-OR/HT,Wald LB90/2s95; Deville approx var est,2.0,2.0,2.0,0.908,"[0.902,0.914]",0.9463,3.0,13.0,192423929835.07663,440248.01305214455,1723414.8250366524,566052.9516467849,407122.601490881,-0.0006808546904006,False,
S5,dollars,HT,CPS-RA-EST(COR-2000),CPS-RA-EST(COR-2000)/HT,Wald LB90/2s95; Deville approx var est,3.0,3.0,3.0,0.9029,"[0.897,0.909]",0.9427,2.0,15.0,192917584906.36176,447423.0198585833,1724270.6377358322,564810.3000309016,411614.22286396264,-0.0002841234165026,False,
S5,rate,HT,EQ-P,EQ-P/HT,Wald LB90/2s95; Poisson HT var est,14.0,14.0,14.0,0.9287,"[0.923,0.934]",0.9367,14.0,1.0,995000.0,987.3685431489096,3900.77526006241,1273.9699238971873,200.0,0.0002627388535031,False,
S5,rate,HT,PPS-A,PPS-A/HT,Wald LB90/2s95; Poisson HT var est,16.0,16.0,16.0,0.9609,"[0.957,0.965]",0.8794,16.0,16.0,2470399.6251034117,1589.907872681812,5495.015474830874,1790.0022620489,61366.09412681075,0.0012930901411464,False,
S5,rate,HT,RA-OR,RA-OR/HT,Wald LB90/2s95; Poisson HT var est,9.0,9.0,9.0,0.9251,"[0.920,0.930]",0.9407,9.0,12.0,807629.9508139112,892.6771651155323,3501.1141733821214,1150.4361981890086,5964.426194317678,-0.0011561392186159,False,
S5,rate,HT,RA-EST(COR-2000),RA-EST(COR-2000)/HT,Wald LB90/2s95; Poisson HT var est,10.0,10.0,10.0,0.9259,"[0.921,0.931]",0.9404,10.0,14.0,809389.6654691759,896.5723376083581,3503.222015362051,1151.844346910641,6830.536798929467,-0.0012992576156882,False,
S5,rate,HT,DEF-0.5(COR-2000),DEF-0.5(COR-2000)/HT,Wald LB90/2s95; Poisson HT var est,12.0,12.0,12.0,0.9226,"[0.917,0.928]",0.9394,12.0,8.0,854739.693641489,923.8878688041584,3614.0733762650134,1185.6512236687715,388.62062874612036,-0.0008147775748965,False,
S5,rate,DIFF,EQ-P,EQ-P/DIFF(COR-2000),Wald LB90/2s95; residual var est,4.0,4.0,3.0,0.9091,"[0.903,0.915]",0.9466,4.0,1.0,545968.29591982,741.4648615717101,2895.042507456467,949.9746832684132,200.0,-0.000694946126059,False,
S5,rate,DIFF,RA-EST,RA-EST/DIFF(COR-2000),Wald LB90/2s95; residual var est,1.0,1.0,1.0,0.92,"[0.915,0.925]",0.9475,1.0,11.0,492941.1088282373,700.5580064571054,2734.4210584794164,902.9637072141504,5530.159500292546,-0.0017899668519562,False,
S5,rate,DIFF,DEF-0.5,DEF-0.5/DIFF(COR-2000),Wald LB90/2s95; residual var est,2.0,2.0,2.0,0.9135,"[0.908,0.919]",0.9479,2.0,7.0,507535.35368178156,710.9855015970044,2786.506279518795,917.9674154302204,386.03864822778223,-0.0013869733165735,False,
S5,rate,HT,RA-EST(MIS-G-2000),RA-EST(MIS-G-2000)/HT,Wald LB90/2s95; Poisson HT var est,11.0,11.0,11.0,0.9224,"[0.917,0.927]",0.9396,11.0,10.0,850321.9712590155,918.1959655432014,3582.6459465946227,1175.8695446226002,1898.4480192212495,-0.0009128999510792,False,
S5,rate,HT,DEF-0.5(MIS-G-2000),DEF-0.5(MIS-G-2000)/HT,Wald LB90/2s95; Poisson HT var est,13.0,13.0,13.0,0.9226,"[0.917,0.928]",0.942,13.0,6.0,889864.2228781373,939.0287115145752,3680.115471248913,1212.4277441673762,361.8765817506808,-0.0018468671619548,False,
S5,rate,EXP,SRSWOR,SRSWOR/EXP,Wald LB90/2s95; SRSWOR/stratified var est,8.0,8.0,8.0,0.9258,"[0.920,0.931]",0.9487,8.0,1.0,746260.107192509,865.1177029745721,3387.0218971033783,1102.5072899413246,200.0,0.0009593949044585,False,
S5,rate,DIFF,SRSWOR,SRSWOR/DIFF(COR-2000),Wald LB90/2s95; residual var est,3.0,3.0,4.0,0.9141,"[0.908,0.919]",0.947,3.0,1.0,545713.7328831457,734.4534449226414,2901.4296143738898,945.8623948567372,200.0,0.000539218041784,False,
S5,rate,EXP,ST-PROP,ST-PROP/EXP,Wald LB90/2s95; SRSWOR/stratified var est,7.0,7.0,7.0,0.9082,"[0.902,0.914]",0.9471,7.0,5.0,715686.0049924352,848.4211516754036,3317.374343132628,1077.0113872873144,222.5,0.0015019623373595,False,
S5,rate,EXP,ST-EQD,ST-EQD/EXP,Wald LB90/2s95; SRSWOR/stratified var est,15.0,15.0,15.0,0.9305,"[0.925,0.935]",0.9173,15.0,9.0,1436046.103946849,1185.571851648815,4634.0151495298305,1521.6136407113215,634.7,-0.0013144546178344,False,
S5,rate,HT,CPS-RA-OR,CPS-RA-OR/HT,Wald LB90/2s95; Deville approx var est,5.0,6.0,6.0,0.9145,"[0.909,0.920]",0.9426,5.0,12.0,559616.8004507376,754.5864553984167,2927.0830511571635,952.4757444299466,5964.426194317678,0.0008922416845868,False,
S5,rate,HT,CPS-RA-EST(COR-2000),CPS-RA-EST(COR-2000)/HT,Wald LB90/2s95; Deville approx var est,6.0,5.0,5.0,0.9166,"[0.911,0.922]",0.9447,6.0,14.0,561342.5758590797,751.0817749659242,2922.94741616055,956.162400676794,6830.536798929467,-0.0001106901296005,False,
S6,dollars,HT,EQ-P,EQ-P/HT,Wald LB90/2s95; Poisson HT var est,16.0,16.0,16.0,0.9453,"[0.941,0.950]",0.9052,12.0,1.0,3407957613077.3545,1844104.7937580713,6843697.96516749,2248643.404472922,200.0,-0.0013474286424426,False,
S6,dollars,HT,PPS-A,PPS-A/HT,Wald LB90/2s95; Poisson HT var est,11.0,11.0,12.0,0.9081,"[0.902,0.914]",0.9481,8.0,10.0,833219910531.9635,920309.5258588064,3566708.260384797,1175206.1834750932,61366.09412681075,-0.0010971995015254,False,
S6,dollars,HT,RA-OR,RA-OR/HT,Wald LB90/2s95; Poisson HT var est,8.0,9.0,9.0,0.9151,"[0.909,0.920]",0.9458,6.0,15.0,820859406550.7684,914401.7891576416,3540764.1502445326,1167465.3559204713,169547.91735866605,-0.0011862314918507,False,
S6,dollars,HT,RA-EST(COR-2000),RA-EST(COR-2000)/HT,Wald LB90/2s95; Poisson HT var est,9.0,8.0,10.0,0.9127,"[0.907,0.918]",0.946,5.0,13.0,821134842519.8092,914349.3464012472,3541760.5252380143,1166961.2795638242,168614.66156505246,-0.0010865465230617,False,
S6,dollars,HT,DEF-0.5(COR-2000),DEF-0.5(COR-2000)/HT,Wald LB90/2s95; Poisson HT var est,13.0,13.0,13.0,0.9138,"[0.908,0.919]",0.9432,9.0,8.0,1067003851175.2987,1041279.3833954048,4031929.030969899,1325337.0957249913,399.5261074962315,-0.0008611669894887,False,
S6,dollars,DIFF,EQ-P,EQ-P/DIFF(COR-2000),Wald LB90/2s95; residual var est,7.0,6.0,5.0,0.8103,"[0.802,0.818]",0.9152,,1.0,324466251381.2533,580099.3408941651,2027511.6356142832,661079.4880590236,200.0,0.0002138050977183,True,material undercoverage of 90% LB: not ranked on decision metric
S6,dollars,DIFF,RA-EST,RA-EST/DIFF(COR-2000),Wald LB90/2s95; residual var est,1.0,1.0,1.0,0.8732,"[0.867,0.880]",0.9421,,11.0,105390984769.20702,326756.1449205837,1264555.6706031517,417731.5878197512,105673.76259287892,-0.0005174308534955,True,material undercoverage of 90% LB: not ranked on decision metric
S6,dollars,DIFF,DEF-0.5,DEF-0.5/DIFF(COR-2000),Wald LB90/2s95; residual var est,2.0,2.0,2.0,0.8645,"[0.858,0.871]",0.9369,,6.0,129854452291.47935,364652.4625284596,1398375.3151058464,458639.5305983599,399.2443828557351,-0.0001760227606509,True,material undercoverage of 90% LB: not ranked on decision metric
S6,dollars,HT,RA-EST(MIS-G-2000),RA-EST(MIS-G-2000)/HT,Wald LB90/2s95; Poisson HT var est,10.0,10.0,11.0,0.9136,"[0.908,0.919]",0.9452,7.0,12.0,823149120256.0339,914963.8346460534,3544495.669269797,1169039.3898882724,134524.74819257273,-0.0012287663044265,False,
S6,dollars,HT,DEF-0.5(MIS-G-2000),DEF-0.5(MIS-G-2000)/HT,Wald LB90/2s95; Poisson HT var est,14.0,14.0,14.0,0.9154,"[0.910,0.921]",0.9412,10.0,7.0,1069317189304.3448,1042731.6677196404,4035115.090415623,1327578.7794134603,399.4061966607158,-0.0010053273761291,False,
S6,dollars,EXP,SRSWOR,SRSWOR/EXP,Wald LB90/2s95; SRSWOR/stratified var est,15.0,15.0,15.0,0.9504,"[0.946,0.954]",0.9053,11.0,1.0,2715238530183.306,1617595.2537370983,6047993.889161206,1952145.8559044816,200.0,0.0030199511675037,False,
S6,dollars,DIFF,SRSWOR,SRSWOR/DIFF(COR-2000),Wald LB90/2s95; residual var est,6.0,7.0,6.0,0.8038,"[0.796,0.811]",0.9079,,1.0,324367593678.5663,587044.024275185,2034955.7966463624,667760.4679839365,200.0,-0.0002964071795979,True,material undercoverage of 90% LB: not ranked on decision metric
S6,dollars,EXP,ST-PROP,ST-PROP/EXP,Wald LB90/2s95; SRSWOR/stratified var est,12.0,12.0,8.0,0.8908,"[0.885,0.897]",0.9094,4.0,5.0,892004829734.9875,936691.9943450585,3201280.581858054,1044580.5673232768,222.5,0.0002428822172405,False,
S6,dollars,EXP,ST-EQD,ST-EQD/EXP,Wald LB90/2s95; SRSWOR/stratified var est,5.0,5.0,7.0,0.9024,"[0.896,0.908]",0.9473,3.0,9.0,272486996593.86203,521120.96040607104,2037506.4693720764,666951.7398603864,634.7,-9.908200554380744e-05,False,
S6,dollars,HT,CPS-RA-OR,CPS-RA-OR/HT,Wald LB90/2s95; Deville approx var est,3.0,4.0,3.0,0.8754,"[0.869,0.882]",0.9391,2.0,15.0,139943553913.88513,380930.460006261,1469724.232756951,484682.41951685655,169547.91735866605,-0.0005023638937214,False,
S6,dollars,HT,CPS-RA-EST(COR-2000),CPS-RA-EST(COR-2000)/HT,Wald LB90/2s95; Deville approx var est,4.0,3.0,4.0,0.877,"[0.870,0.883]",0.9402,1.0,13.0,140268132249.58057,376109.0438291893,1472141.653089273,482577.1203600754,168614.66156505246,-0.0001545176853869,False,
S6,rate,HT,EQ-P,EQ-P/HT,Wald LB90/2s95; Poisson HT var est,15.0,15.0,15.0,0.9224,"[0.917,0.927]",0.9451,15.0,1.0,2786000.0,1643.7567824955129,6513.257405175158,2150.155052724909,200.0,-0.0014889191709101,False,
S6,rate,HT,PPS-A,PPS-A/HT,Wald LB90/2s95; Poisson HT var est,16.0,16.0,16.0,0.947,"[0.942,0.951]",0.9021,16.0,16.0,9095860.222074509,3026.180403338513,10930.23952474018,3585.7907625847606,61366.09412681075,-0.0008851053881216,False,
S6,rate,HT,RA-OR,RA-OR/HT,Wald LB90/2s95; Poisson HT var est,10.0,11.0,10.0,0.9158,"[0.910,0.921]",0.948,11.0,11.0,2689713.9081299086,1623.8188431492736,6401.085899624847,2110.3778012310395,2867.892717708046,-0.0012662447882857,False,
S6,rate,HT,RA-EST(COR-2000),RA-EST(COR-2000)/HT,Wald LB90/2s95; Poisson HT var est,11.0,12.0,11.0,0.9158,"[0.910,0.921]",0.9475,10.0,13.0,2691178.653641516,1624.4358345151818,6403.103697424365,2109.5951846479593,3046.0453903492926,-0.0011628021923337,False,
S6,rate,HT,DEF-0.5(COR-2000),DEF-0.5(COR-2000)/HT,Wald LB90/2s95; Poisson HT var est,13.0,14.0,13.0,0.916,"[0.910,0.921]",0.9477,13.0,7.0,2717704.23398295,1634.3219275277702,6433.861945356516,2121.087531744114,375.35461105787385,-0.0012658272545146,False,
S6,rate,DIFF,EQ-P,EQ-P/DIFF(COR-2000),Wald LB90/2s95; residual var est,4.0,4.0,3.0,0.893,"[0.887,0.899]",0.9478,3.0,1.0,630982.5012696637,801.4933816542277,3114.300423320009,1021.1734657487556,200.0,-0.0002157117688018,False,
S6,rate,DIFF,RA-EST,RA-EST/DIFF(COR-2000),Wald LB90/2s95; residual var est,1.0,1.0,1.0,0.8898,"[0.884,0.896]",0.9512,1.0,15.0,580724.7591812927,761.6602964840702,2973.684571487187,980.5829027151316,19986.369649804532,-0.0006016630500727,False,
S6,rate,DIFF,DEF-0.5,DEF-0.5/DIFF(COR-2000),Wald LB90/2s95; residual var est,2.0,2.0,2.0,0.8926,"[0.886,0.899]",0.9473,2.0,8.0,595301.4179972027,775.0936700905639,3023.3979230871796,991.9660090375432,396.03666793492425,-0.0002523981585499,False,
S6,rate,HT,RA-EST(MIS-G-2000),RA-EST(MIS-G-2000)/HT,Wald LB90/2s95; Poisson HT var est,12.0,10.0,12.0,0.9182,"[0.913,0.923]",0.9482,12.0,10.0,2707322.0803260184,1623.549640845691,6419.048632647267,2115.19576935794,1033.1108911054807,-0.0011906059888867,False,
S6,rate,HT,DEF-0.5(MIS-G-2000),DEF-0.5(MIS-G-2000)/HT,Wald LB90/2s95; Poisson HT var est,14.0,13.0,14.0,0.9175,"[0.912,0.923]",0.9491,14.0,6.0,2729827.2949661957,1631.4920378509787,6445.86719134939,2130.1843845150265,335.12343152266817,-0.0016367623874717,False,
S6,rate,EXP,SRSWOR,SRSWOR/EXP,Wald LB90/2s95; SRSWOR/stratified var est,8.0,8.0,8.0,0.8966,"[0.890,0.902]",0.9365,8.0,1.0,835810.3411183495,917.9164885761668,3591.372276647316,1183.0160555334185,200.0,-0.0006368787205048,False,
S6,rate,DIFF,SRSWOR,SRSWOR/DIFF(COR-2000),Wald LB90/2s95; residual var est,3.0,3.0,4.0,0.8909,"[0.885,0.897]",0.9482,4.0,1.0,630692.086819937,792.6361439266335,3117.104957881075,1022.1908778525766,200.0,-0.0002229210359958,False,
S6,rate,EXP,ST-PROP,ST-PROP/EXP,Wald LB90/2s95; SRSWOR/stratified var est,7.0,7.0,7.0,0.8871,"[0.881,0.893]",0.9435,7.0,5.0,798154.7481141214,893.5639856928948,3506.1023761128977,1155.3942829744517,222.5,-0.0006552193210515,False,
S6,rate,EXP,ST-EQD,ST-EQD/EXP,Wald LB90/2s95; SRSWOR/stratified var est,9.0,9.0,9.0,0.8797,"[0.873,0.886]",0.9322,9.0,9.0,2026337.5852369904,1422.9057938634762,5580.331905026206,1818.4338195253904,634.7,0.0004272850175714,False,
S6,rate,HT,CPS-RA-OR,CPS-RA-OR/HT,Wald LB90/2s95; Deville approx var est,5.0,5.0,5.0,0.8868,"[0.880,0.893]",0.9446,5.0,11.0,740327.0352092613,858.9394326011673,3377.0878843678547,1089.5003277885326,2867.892717708046,0.0010456294382067,False,
S6,rate,HT,CPS-RA-EST(COR-2000),CPS-RA-EST(COR-2000)/HT,Wald LB90/2s95; Deville approx var est,6.0,6.0,6.0,0.8891,"[0.883,0.895]",0.9487,6.0,13.0,742251.1435065682,860.4735768681733,3380.131380548732,1102.92330183626,3046.0453903492926,0.0001542892349498,False,
S7,dollars,HT,EQ-P,EQ-P/HT,Wald LB90/2s95; Poisson HT var est,14.0,14.0,14.0,0.925,"[0.920,0.930]",0.9315,12.0,1.0,839145341913.5194,925849.1640872116,3519253.1947991303,1140644.4462997932,50.0,0.0011908930265355,False,
S7,dollars,HT,PPS-A,PPS-A/HT,Wald LB90/2s95; Poisson HT var est,9.0,10.0,10.0,0.8976,"[0.892,0.903]",0.9468,8.0,10.0,195460916277.1717,446189.70057881856,1731517.6466905354,560316.8688873412,15341.523531702687,0.0006934260417413,False,
S7,dollars,HT,RA-OR,RA-OR/HT,Wald LB90/2s95; Poisson HT var est,6.0,6.0,7.0,0.9027,"[0.897,0.908]",0.9484,6.0,14.0,192370790281.87292,442215.04096489114,1718033.1625313023,557323.3150210875,42386.97933966651,0.0005234497223753,False,
S7,dollars,HT,RA-EST(COR-2000),RA-EST(COR-2000)/HT,Wald LB90/2s95; Poisson HT var est,7.0,7.0,8.0,0.9034,"[0.897,0.909]",0.9475,5.0,13.0,192439649274.13312,442462.5127944721,1718602.1688599312,557239.9683964206,42153.665391263115,0.0005558089633362,False,
S7,dollars,HT,DEF-0.5(COR-2000),DEF-0.5(COR-2000)/HT,Wald LB90/2s95; Poisson HT var est,11.0,11.0,11.0,0.9093,"[0.904,0.915]",0.9476,9.0,8.0,253906901438.0055,502452.7252541671,1972370.3975422692,642512.4468301871,99.88152687405787,0.0002786239987796,False,
S7,dollars,DIFF,EQ-P,EQ-P/DIFF(COR-2000),Wald LB90/2s95; residual var est,5.0,5.0,5.0,0.8393,"[0.832,0.846]",0.9292,,1.0,79893700088.8513,288240.5978608137,1078193.543202095,352367.550289296,50.0,1.5482302537548723e-05,True,material undercoverage of 90% LB: not ranked on decision metric
S7,dollars,DIFF,RA-EST,RA-EST/DIFF(COR-2000),Wald LB90/2s95; residual var est,1.0,1.0,1.0,0.8887,"[0.882,0.895]",0.946,1.0,11.0,25124883435.83974,158092.62630895968,620113.2410422144,202281.34331335305,26418.44064821973,5.451208627651547e-05,False,
S7,dollars,DIFF,DEF-0.5,DEF-0.5/DIFF(COR-2000),Wald LB90/2s95; residual var est,2.0,2.0,2.0,0.8857,"[0.879,0.892]",0.9477,2.0,6.0,31240750316.407825,176662.2143657507,692897.1645197643,227053.48266171027,99.81109571393378,-6.281858077231177e-05,False,
S7,dollars,HT,RA-EST(MIS-G-2000),RA-EST(MIS-G-2000)/HT,Wald LB90/2s95; Poisson HT var est,8.0,8.0,9.0,0.9031,"[0.897,0.909]",0.9464,7.0,12.0,192943218708.1893,442641.2700279356,1720071.756949247,557514.4971506415,33631.18704814318,0.0005805465700966,False,
S7,dollars,HT,DEF-0.5(MIS-G-2000),DEF-0.5(MIS-G-2000)/HT,Wald LB90/2s95; Poisson HT var est,12.0,12.0,12.0,0.909,"[0.903,0.914]",0.9484,10.0,7.0,254485235970.26703,502691.4419200989,1974249.139042923,642668.5143358409,99.85154916517895,0.0003336610761438,False,
S7,dollars,EXP,SRSWOR,SRSWOR/EXP,Wald LB90/2s95; SRSWOR/stratified var est,13.0,13.0,13.0,0.9291,"[0.924,0.934]",0.9355,11.0,1.0,668576321502.4221,810872.1628725778,3112130.0499579194,1026434.5406778348,50.0,-0.0010785454303481,False,
S7,dollars,DIFF,SRSWOR,SRSWOR/DIFF(COR-2000),Wald LB90/2s95; residual var est,4.0,4.0,4.0,0.8364,"[0.829,0.844]",0.9323,,1.0,79869407488.6922,287304.38546405296,1077438.009219795,353348.00814175507,50.0,-0.0001319706540438,True,material undercoverage of 90% LB: not ranked on decision metric
S7,dollars,EXP,ST-PROP,ST-PROP/EXP,Wald LB90/2s95; SRSWOR/stratified var est,10.0,9.0,6.0,0.9142,"[0.909,0.920]",0.9382,4.0,5.0,199890813507.25143,443807.680407338,1664166.1108661965,553516.3006669723,50.346666666666664,-0.0011347803199859,False,
S7,dollars,EXP,ST-EQD,ST-EQD/EXP,Wald LB90/2s95; SRSWOR/stratified var est,3.0,3.0,3.0,0.9056,"[0.900,0.911]",0.947,3.0,9.0,65032367757.80492,254334.59316042333,998200.2037355424,328087.034234883,158.675,-0.0002093851745049,False,
S7,rate,HT,EQ-P,EQ-P/HT,Wald LB90/2s95; Poisson HT var est,13.0,13.0,13.0,0.905,"[0.899,0.911]",0.9466,13.0,1.0,686000.0,835.4242036235244,3238.0045431070857,1063.833684698158,50.0,-0.0003747400129097,False,
S7,rate,HT,PPS-A,PPS-A/HT,Wald LB90/2s95; Poisson HT var est,14.0,14.0,14.0,0.9347,"[0.930,0.939]",0.9329,14.0,14.0,2263465.0555186267,1504.8301099764903,5708.051964328053,1878.2647161441216,15341.523531702687,-0.0008690692550889,False,
S7,rate,HT,RA-OR,RA-OR/HT,Wald LB90/2s95; Poisson HT var est,8.0,8.0,8.0,0.9107,"[0.905,0.916]",0.9485,8.0,11.0,661928.4770324772,814.4118428282648,3180.605499961633,1043.6071341288634,716.9731794270115,-0.0002699604050497,False,
S7,rate,HT,RA-EST(COR-2000),RA-EST(COR-2000)/HT,Wald LB90/2s95; Poisson HT var est,9.0,9.0,9.0,0.9091,"[0.903,0.915]",0.9463,9.0,12.0,662294.6634103791,814.7503225534639,3181.518723021277,1044.7977918854451,761.5113475873231,-0.0003339420105205,False,
S7,rate,HT,DEF-0.5(COR-2000),DEF-0.5(COR-2000)/HT,Wald LB90/2s95; Poisson HT var est,11.0,11.0,11.0,0.9118,"[0.906,0.917]",0.9466,11.0,7.0,668926.0584957375,822.784960436129,3196.9574257592167,1053.4843383049697,93.83865276446846,-0.000594942789402,False,
S7,rate,DIFF,EQ-P,EQ-P/DIFF(COR-2000),Wald LB90/2s95; residual var est,4.0,4.0,3.0,0.8946,"[0.888,0.900]",0.9505,3.0,1.0,155367.55056388702,397.1439202781591,1548.7590122902348,507.73271784970376,50.0,-9.99192963463301e-05,False,
S7,rate,DIFF,RA-EST,RA-EST/DIFF(COR-2000),Wald LB90/2s95; residual var est,1.0,1.0,1.0,0.8937,"[0.888,0.900]",0.9511,1.0,13.0,142803.1150417943,378.50252454878694,1479.946493022364,485.2995716655389,4996.592412451133,-0.0001045020808766,False,
S7,rate,DIFF,DEF-0.5,DEF-0.5/DIFF(COR-2000),Wald LB90/2s95; residual var est,2.0,2.0,2.0,0.8959,"[0.890,0.902]",0.9498,2.0,8.0,146447.27974577178,385.21375275522945,1503.0595340828502,492.19848714181296,99.00916698373106,-5.734672416917652e-05,False,
S7,rate,HT,RA-EST(MIS-G-2000),RA-EST(MIS-G-2000)/HT,Wald LB90/2s95; Poisson HT var est,10.0,10.0,10.0,0.9119,"[0.906,0.917]",0.9451,12.0,10.0,666330.5200815046,819.2245201992715,3188.969832123399,1053.7652474395882,258.2777227763702,-0.0008023811104087,False,
S7,rate,HT,DEF-0.5(MIS-G-2000),DEF-0.5(MIS-G-2000)/HT,Wald LB90/2s95; Poisson HT var est,12.0,12.0,12.0,0.9103,"[0.905,0.916]",0.9468,10.0,6.0,671956.8237415489,824.80993640729,3204.0620441821247,1053.3798959675491,83.78085788066704,-0.0004208645793288,False,
S7,rate,EXP,SRSWOR,SRSWOR/EXP,Wald LB90/2s95; SRSWOR/stratified var est,6.0,6.0,6.0,0.9021,"[0.896,0.908]",0.9437,6.0,1.0,205802.5463055232,455.6839035998529,1783.0204663549669,586.7972088873358,50.0,-0.0002775586315714,False,
S7,rate,DIFF,SRSWOR,SRSWOR/DIFF(COR-2000),Wald LB90/2s95; residual var est,3.0,3.0,4.0,0.8987,"[0.893,0.904]",0.9514,4.0,1.0,155296.04147827593,392.0263997460707,1548.8774658545992,511.4547757366134,50.0,-0.0003640899608801,False,
S7,rate,EXP,ST-PROP,ST-PROP/EXP,Wald LB90/2s95; SRSWOR/stratified var est,5.0,5.0,5.0,0.8967,"[0.891,0.903]",0.9482,5.0,5.0,197275.84320214303,444.2046913739288,1744.1511995806388,573.7633134743132,50.346666666666664,-0.0002541582384436,False,
S7,rate,EXP,ST-EQD,ST-EQD/EXP,Wald LB90/2s95; SRSWOR/stratified var est,7.0,7.0,7.0,0.8903,"[0.884,0.896]",0.9449,7.0,9.0,503565.6881155948,719.9122394850466,2787.9058578959184,922.1849540437026,158.675,-0.0007694273111955,False,
S8,dollars,HT,EQ-P,EQ-P/HT,Wald LB90/2s95; Poisson HT var est,12.0,12.0,12.0,0.9499,"[0.945,0.954]",0.897,10.0,1.0,3315455171194.9453,1816964.5302136464,6744502.104995341,2194468.2488831216,200.0,0.001759273031902,False,
S8,dollars,HT,PPS-A,PPS-A/HT,Wald LB90/2s95; Poisson HT var est,6.0,6.0,8.0,0.9173,"[0.912,0.923]",0.9451,6.0,9.0,591519218170.3539,776236.97046989,3013159.2999961106,982248.746090626,61366.09412681075,0.0004763614011624,False,
S8,dollars,HT,RA-OR,RA-OR/HT,Wald LB90/2s95; Poisson HT var est,4.0,4.0,6.0,0.9165,"[0.911,0.922]",0.9432,4.0,12.0,520962467713.5431,727942.127403988,2822050.9238386764,923951.9502924732,148601.8677839305,-0.0002225773337675,False,
S8,dollars,HT,RA-EST(STRAT-2000),RA-EST(STRAT-2000)/HT,Wald LB90/2s95; Poisson HT var est,5.0,5.0,7.0,0.9128,"[0.907,0.918]",0.9425,5.0,11.0,536719576582.44525,741278.198560704,2864678.204184299,938685.280590579,146250.3218486648,-0.0003557719679682,False,
S8,dollars,HT,DEF-0.5(STRAT-2000),DEF-0.5(STRAT-2000)/HT,Wald LB90/2s95; Poisson HT var est,9.0,10.0,10.0,0.9176,"[0.912,0.923]",0.941,8.0,7.0,783448808734.942,889215.027237165,3461764.5438431497,1135233.2882188417,399.4537396773248,-0.0005798748293966,False,
S8,dollars,DIFF,EQ-P,EQ-P/DIFF(STRAT-2000),Wald LB90/2s95; residual var est,8.0,7.0,5.0,0.8725,"[0.866,0.879]",0.9277,,1.0,637411758768.507,779810.0069579274,2627301.4929185556,860847.4850578888,200.0,-0.0003170628042933,True,material undercoverage of 90% LB: not ranked on decision metric
S8,dollars,DIFF,RA-EST,RA-EST/DIFF(STRAT-2000),Wald LB90/2s95; residual var est,1.0,1.0,1.0,0.8928,"[0.887,0.899]",0.9474,1.0,10.0,170167084363.27545,413249.2482404498,1544868.9909683943,503162.8438748111,72214.65095477295,0.000318315098652,False,
S8,dollars,DIFF,DEF-0.5,DEF-0.5/DIFF(STRAT-2000),Wald LB90/2s95; residual var est,3.0,3.0,3.0,0.8834,"[0.877,0.890]",0.941,3.0,6.0,231813964825.10098,485190.41161946,1776062.7675488396,583118.7997935247,398.89525117427513,-0.0004121195037637,False,
S8,dollars,EXP,SRSWOR,SRSWOR/EXP,Wald LB90/2s95; SRSWOR/stratified var est,11.0,11.0,11.0,0.9487,"[0.944,0.953]",0.8888,9.0,1.0,2961179752098.333,1725598.5360333924,6321988.20170767,2099380.7595403744,200.0,-0.0054337624021792,False,
S8,dollars,DIFF,SRSWOR,SRSWOR/DIFF(STRAT-2000),Wald LB90/2s95; residual var est,7.0,8.0,4.0,0.873,"[0.866,0.879]",0.9311,,1.0,611495035970.2075,786518.3997497002,2584052.235370715,848833.777222677,200.0,-0.0006722991934146,True,material undercoverage of 90% LB: not ranked on decision metric
S8,dollars,EXP,ST-PROP,ST-PROP/EXP,Wald LB90/2s95; SRSWOR/stratified var est,10.0,9.0,9.0,0.9116,"[0.906,0.917]",0.9041,7.0,5.0,791202287569.3286,889020.3399246124,3023457.0673603746,989503.0495601428,222.5,-0.0001732657806263,False,
S8,dollars,EXP,ST-EQD,ST-EQD/EXP,Wald LB90/2s95; SRSWOR/stratified var est,2.0,2.0,2.0,0.9118,"[0.906,0.917]",0.9462,2.0,8.0,196581934245.70633,441628.7613455427,1722683.365935592,564323.2731659565,634.7,-0.000187524034484,False,
S8,rate,HT,EQ-P,EQ-P/HT,Wald LB90/2s95; Poisson HT var est,11.0,11.0,11.0,0.9333,"[0.928,0.938]",0.9469,11.0,1.0,995000.0,989.6694397625906,3882.677887944271,1274.353306103905,200.0,-0.0009989969909728,False,
S8,rate,HT,PPS-A,PPS-A/HT,Wald LB90/2s95; Poisson HT var est,12.0,12.0,12.0,0.9658,"[0.962,0.969]",0.8783,12.0,12.0,1801318.486937094,1319.2468848929032,4336.8279080508355,1440.1623010752592,61366.09412681075,-0.0044759531727136,False,
S8,rate,HT,RA-OR,RA-OR/HT,Wald LB90/2s95; Poisson HT var est,7.0,7.0,8.0,0.9283,"[0.923,0.933]",0.9419,8.0,9.0,795604.3375550131,879.1470680319834,3449.485042307441,1139.8416898684045,301.13179799536505,-0.002425912187032,False,
S8,rate,HT,RA-EST(STRAT-2000),RA-EST(STRAT-2000)/HT,Wald LB90/2s95; Poisson HT var est,8.0,8.0,9.0,0.9284,"[0.923,0.933]",0.9415,9.0,8.0,840021.4313825439,903.1432009897364,3547.141902970689,1167.413736357485,297.81014013318463,-0.0015522616344995,False,
S8,rate,HT,DEF-0.5(STRAT-2000),DEF-0.5(STRAT-2000)/HT,Wald LB90/2s95; Poisson HT var est,10.0,10.0,10.0,0.9277,"[0.922,0.933]",0.9447,10.0,6.0,872132.786509894,922.51981673583,3630.458489718122,1187.2239982026897,239.29616062039977,-6.206462554453477e-05,False,
S8,rate,DIFF,EQ-P,EQ-P/DIFF(STRAT-2000),Wald LB90/2s95; residual var est,5.0,4.0,5.0,0.9169,"[0.911,0.922]",0.9517,4.0,1.0,534345.0215022049,717.8574745963306,2823.135309865711,926.0801397272857,200.0,-0.0006230010914139,False,
S8,rate,DIFF,RA-EST,RA-EST/DIFF(STRAT-2000),Wald LB90/2s95; residual var est,2.0,2.0,2.0,0.9192,"[0.914,0.924]",0.95,2.0,10.0,512126.6967320065,702.5384147042848,2753.245181552627,900.396071485918,336.45086665094357,-5.435135185001245e-05,False,
S8,rate,DIFF,DEF-0.5,DEF-0.5/DIFF(STRAT-2000),Wald LB90/2s95; residual var est,3.0,3.0,3.0,0.9183,"[0.913,0.924]",0.9497,3.0,7.0,517247.1686834094,702.7658505191107,2771.221783361636,906.8328364910764,250.87168940394673,-0.0001666143292177,False,
S8,rate,EXP,SRSWOR,SRSWOR/EXP,Wald LB90/2s95; SRSWOR/stratified var est,6.0,6.0,6.0,0.9003,"[0.894,0.906]",0.9458,6.0,1.0,746263.6560021618,865.6324855272011,3373.9895661902847,1115.4465983632876,200.0,-0.0024834503510531,False,
S8,rate,DIFF,SRSWOR,SRSWOR/DIFF(STRAT-2000),Wald LB90/2s95; residual var est,4.0,5.0,4.0,0.9127,"[0.907,0.918]",0.9434,5.0,1.0,534068.0277877118,729.9788705055837,2822.4041405083576,936.481629151891,200.0,-0.0027575111009083,False,
S8,rate,EXP,ST-PROP,ST-PROP/EXP,Wald LB90/2s95; SRSWOR/stratified var est,1.0,1.0,1.0,0.9118,"[0.906,0.917]",0.9423,1.0,5.0,472460.771614507,687.3089729018226,2661.2900420515416,877.5645928780187,222.5,-0.0015050310602861,False,
S8,rate,EXP,ST-EQD,ST-EQD/EXP,Wald LB90/2s95; SRSWOR/stratified var est,9.0,9.0,7.0,0.9452,"[0.941,0.949]",0.8754,7.0,11.0,847353.6823688908,916.489348107358,3426.91583980636,1137.295898461458,634.7,-0.0033953831494483,False,
